_id,unique_id,api_pull_datetime,month,town,flat_type,block,street_name,storey_range,floor_area_sqm,flat_model,lease_commence_date,remaining_lease,resale_price,rank month,_full_count,year,block_street_name
222671,6a9b2942814bc7e5014ba28591a70874dedfc6fd31786ece469180a508e0bec8,2026-09-03 13:40:53,2026-03,BEDOK,2 ROOM,547B,BEDOK NTH AVE 1,13 TO 15,38.0,2-room,2021,94 years 05 months,415000,0.06079271,17621,2026,547B BEDOK NTH AVE 1 Singapore
222672,57885e4a50d1bb961864aae990897e86927917f1f35a92e5798660d1787ef254,2026-09-03 13:40:53,2026-01,BEDOK,2 ROOM,514,BEDOK NTH AVE 2,07 TO 09,45.0,Improved,1979,52 years 06 months,318888,0.06079271,17621,2026,514 BEDOK NTH AVE 2 Singapore
222673,5683dc690591189c5536925544f16dc9889c27ee48b2c66b92901cf6f6b0ef20,2026-09-03 13:40:53,2026-04,BEDOK,2 ROOM,514,BEDOK NTH AVE 2,04 TO 06,45.0,Improved,1979,52 years 03 months,316000,0.06079271,17621,2026,514 BEDOK NTH AVE 2 Singapore
222674,58fbf460bdda2470ffae25c3ad93fc1b0eee288ebaa1097234a441e43d5f6b96,2026-09-03 13:40:53,2026-07,BEDOK,2 ROOM,514,BEDOK NTH AVE 2,07 TO 09,45.0,Improved,1979,52 years,290000,0.06079271,17621,2026,514 BEDOK NTH AVE 2 Singapore
222675,b3aa4aabb632c81f709dab3729c50251b7e0ae6cc4e25232bae6aa67a4a17954,2026-09-03 13:40:53,2026-06,BEDOK,2 ROOM,101,BEDOK NTH AVE 4,07 TO 09,45.0,Improved,1978,51 years 01 month,310000,0.06079271,17621,2026,101 BEDOK NTH AVE 4 Singapore
222676,8af734fe387092199c2888fbacf8d33433e677bbc20a775b47ffe6754c566ef7,2026-09-03 13:40:53,2026-06,BEDOK,2 ROOM,106,BEDOK NTH AVE 4,07 TO 09,45.0,Improved,1978,51 years,300000,0.06079271,17621,2026,106 BEDOK NTH AVE 4 Singapore
222677,070961697e204a9ecaf14edb76e99858406d0b0a1f3e768700b1f4c01a9e6dca,2026-09-03 13:40:53,2026-05,BEDOK,2 ROOM,113,BEDOK NTH ST 2,04 TO 06,44.0,Improved,1978,51 years 01 month,325000,0.06079271,17621,2026,113 BEDOK NTH ST 2 Singapore
222678,02e35c119b04298a29edd4b3e9614dac19d5d87f6bb48cdaf49cda53a0c13e28,2026-09-03 13:40:53,2026-07,BEDOK,2 ROOM,113,BEDOK NTH ST 2,04 TO 06,44.0,Improved,1978,51 years,330000,0.06079271,17621,2026,113 BEDOK NTH ST 2 Singapore
222679,e9ff5fd70b3800c42061ce83e9b9cad4fc89ad19474e415c7efc2b279e024156,2026-09-03 13:40:53,2026-05,BEDOK,2 ROOM,535,BEDOK NTH ST 3,13 TO 15,45.0,Improved,1986,58 years 09 months,340000,0.06079271,17621,2026,535 BEDOK NTH ST 3 Singapore
222680,db0943a3f629136409848f483dad9fe5c73e93f7f6efe809412f05b50a553dd7,2026-09-03 13:40:53,2026-03,BEDOK,2 ROOM,620,BEDOK RESERVOIR RD,04 TO 06,45.0,Improved,1986,59 years 05 months,330000,0.06079271,17621,2026,620 BEDOK RESERVOIR RD Singapore
222681,6f801131ea59373018dbc7fc7ba5d374efed7ec0e61ff501d22d1b8709cb1f31,2026-09-03 13:40:53,2026-06,BEDOK,2 ROOM,617,BEDOK RESERVOIR RD,04 TO 06,45.0,Improved,1986,58 years 09 months,353000,0.06079271,17621,2026,617 BEDOK RESERVOIR RD Singapore
222682,95ce93c847a9c9a9b2efaf3ac14bfffce5da03ddde8cab4d4f761ba3e9645370,2026-09-03 13:40:53,2026-07,BEDOK,2 ROOM,620,BEDOK RESERVOIR RD,07 TO 09,45.0,Improved,1986,59 years 02 months,330000,0.06079271,17621,2026,620 BEDOK RESERVOIR RD Singapore
222683,24d4b45ae17b15e029504ebb6769edbf05bbaabfce71a559fec1c9c7259ea25d,2026-09-03 13:40:53,2026-08,BEDOK,2 ROOM,618,BEDOK RESERVOIR RD,01 TO 03,45.0,Improved,1986,58 years 08 months,325000,0.06079271,17621,2026,618 BEDOK RESERVOIR RD Singapore
222684,5e91f9a32539b9cf2ada4a4ca01f20a9f9b68457b404fdfb0ce77d577e94347b,2026-09-03 13:40:53,2026-08,BEDOK,2 ROOM,620,BEDOK RESERVOIR RD,10 TO 12,45.0,Improved,1986,59 years 01 month,300888,0.06079271,17621,2026,620 BEDOK RESERVOIR RD Singapore
222685,400cdca53a6f04a41464259a3b06f921365bfb1da9c5d3bb503c05c5e9a4f7ff,2026-09-03 13:40:53,2026-07,BEDOK,2 ROOM,154A,BEDOK STH RD,07 TO 09,38.0,2-room,2022,94 years 06 months,420000,0.06079271,17621,2026,154A BEDOK STH RD Singapore
222686,cc1bb719419557a4c142df1144275b44aa1790a40f0db61bd533ddde3e392c6a,2026-09-03 13:40:53,2026-02,BEDOK,3 ROOM,219A,BEDOK CTRL,04 TO 06,69.0,Model A,2010,83 years 03 months,662000,0.06079271,17621,2026,219A BEDOK CTRL Singapore
222687,5b94e0dbdf7c92d46bcd1647d2124f93c4c3e651d8c6d70a5fd349b69243b378,2026-09-03 13:40:53,2026-03,BEDOK,3 ROOM,219D,BEDOK CTRL,04 TO 06,69.0,Model A,2010,83 years 02 months,680000,0.06079271,17621,2026,219D BEDOK CTRL Singapore
222688,2b3342786fa0ca7262ab0fcc711f60ee6d71c3fa9edefffbe4f17d107ba57176,2026-09-03 13:40:53,2026-01,BEDOK,3 ROOM,550,BEDOK NTH AVE 1,07 TO 09,68.0,New Generation,1980,53 years 06 months,410000,0.06079271,17621,2026,550 BEDOK NTH AVE 1 Singapore
222689,4960e9a23b31d88acdf11dd329fbafa360c955212ad1233474f84c737b86d151,2026-09-03 13:40:53,2026-01,BEDOK,3 ROOM,547A,BEDOK NTH AVE 1,10 TO 12,68.0,Model A,2021,94 years 06 months,628800,0.06079271,17621,2026,547A BEDOK NTH AVE 1 Singapore
222690,724ce3b2de7c881b5c2ccb677bbf701ad39cc840890e376a79d8535f49579105,2026-09-03 13:40:53,2026-02,BEDOK,3 ROOM,547B,BEDOK NTH AVE 1,10 TO 12,68.0,Model A,2021,94 years 05 months,625000,0.06079271,17621,2026,547B BEDOK NTH AVE 1 Singapore
222691,25e5bb9025e7dae0d437122a1cec91ed33dfc1ff85994bddd7eb75c032689cc7,2026-09-03 13:40:53,2026-03,BEDOK,3 ROOM,521,BEDOK NTH AVE 1,01 TO 03,67.0,New Generation,1979,52 years 05 months,400000,0.06079271,17621,2026,521 BEDOK NTH AVE 1 Singapore
222692,748118c6975b2f2517bd7f35e84c923b9fd30022212ab271c3bb6f02579c4b91,2026-09-03 13:40:53,2026-03,BEDOK,3 ROOM,547B,BEDOK NTH AVE 1,10 TO 12,68.0,Model A,2021,94 years 05 months,650000,0.06079271,17621,2026,547B BEDOK NTH AVE 1 Singapore
222693,1fb256d8d8a098621c8577afdeeb64b37c35620b813a02f11f50e3e1eaacff1e,2026-09-03 13:40:53,2026-03,BEDOK,3 ROOM,424,BEDOK NTH AVE 1,04 TO 06,67.0,New Generation,1979,51 years 11 months,500000,0.06079271,17621,2026,424 BEDOK NTH AVE 1 Singapore
222694,2171f0bfcef480009db2cc9d5e9ca8b8dcb6330a6b802f91c05f2aa7b5860cf5,2026-09-03 13:40:53,2026-03,BEDOK,3 ROOM,547A,BEDOK NTH AVE 1,04 TO 06,68.0,Model A,2021,94 years 05 months,642000,0.06079271,17621,2026,547A BEDOK NTH AVE 1 Singapore
222695,b987fafc57adbe770dd237bbf752ab6a6ba48e2d9329f3925c0b4306a861db17,2026-09-03 13:40:53,2026-03,BEDOK,3 ROOM,547B,BEDOK NTH AVE 1,04 TO 06,68.0,Model A,2021,94 years 04 months,638000,0.06079271,17621,2026,547B BEDOK NTH AVE 1 Singapore
222696,3248e6f6a3af4968b1a7d71e602348045cf4d4ccbe906dfcaae375008a17549c,2026-09-03 13:40:53,2026-04,BEDOK,3 ROOM,522,BEDOK NTH AVE 1,10 TO 12,67.0,New Generation,1979,52 years 06 months,435000,0.06079271,17621,2026,522 BEDOK NTH AVE 1 Singapore
222697,399b18b1e2f30e952bdc33714fe9113844e4a3138e9d1bf7290b9644b8310648,2026-09-03 13:40:53,2026-04,BEDOK,3 ROOM,423,BEDOK NTH AVE 1,07 TO 09,81.0,New Generation,1979,51 years 10 months,465000,0.06079271,17621,2026,423 BEDOK NTH AVE 1 Singapore
222698,a3bf9044cd6e5c2d74670f0780b42bbe69bedba5dc40f3b281230a667927849f,2026-09-03 13:40:53,2026-04,BEDOK,3 ROOM,547B,BEDOK NTH AVE 1,04 TO 06,68.0,Model A,2021,94 years 04 months,620000,0.06079271,17621,2026,547B BEDOK NTH AVE 1 Singapore
222699,4054a0b43fd4a62b6ab413773de5b58153f85a1b71fb7aac81a207766af4f3f0,2026-09-03 13:40:53,2026-04,BEDOK,3 ROOM,548,BEDOK NTH AVE 1,04 TO 06,68.0,New Generation,1980,53 years 02 months,430000,0.06079271,17621,2026,548 BEDOK NTH AVE 1 Singapore
222700,9c76fafed196cbb91240c30057875ae16d0274851e832774194a695e8a99cee8,2026-09-03 13:40:53,2026-04,BEDOK,3 ROOM,423,BEDOK NTH AVE 1,07 TO 09,67.0,New Generation,1979,51 years 09 months,415000,0.06079271,17621,2026,423 BEDOK NTH AVE 1 Singapore
222701,4db621c61255dafffc41d55876e7c0a7a0f50e2786f510fc2515130693a97d59,2026-09-03 13:40:53,2026-04,BEDOK,3 ROOM,550,BEDOK NTH AVE 1,10 TO 12,68.0,New Generation,1980,53 years 03 months,430000,0.06079271,17621,2026,550 BEDOK NTH AVE 1 Singapore
222702,152a783aa4e714fb7114942ebdc5a69474fe7623bc83dbd2c3bfb315289a9708,2026-09-03 13:40:53,2026-04,BEDOK,3 ROOM,519,BEDOK NTH AVE 1,07 TO 09,67.0,New Generation,1979,52 years 03 months,378888,0.06079271,17621,2026,519 BEDOK NTH AVE 1 Singapore
222703,2f26753b99f6eb507b15e79506bc4ade84fb15714d5e3deeb6a539dd0f34f6c6,2026-09-03 13:40:53,2026-05,BEDOK,3 ROOM,423,BEDOK NTH AVE 1,01 TO 03,67.0,New Generation,1979,51 years 09 months,375000,0.06079271,17621,2026,423 BEDOK NTH AVE 1 Singapore
222704,2ea7a7ad8a90341fd7fb78d8857ccdbfad47c0f5a0b45dd9666997a78597c9db,2026-09-03 13:40:53,2026-05,BEDOK,3 ROOM,519,BEDOK NTH AVE 1,07 TO 09,67.0,New Generation,1979,52 years 03 months,368000,0.06079271,17621,2026,519 BEDOK NTH AVE 1 Singapore
222705,5950455a2256147d799b576ffc2fcb543f33ffb938f60d884b587346e905a13e,2026-09-03 13:40:53,2026-05,BEDOK,3 ROOM,547B,BEDOK NTH AVE 1,04 TO 06,68.0,Model A,2021,94 years 03 months,620000,0.06079271,17621,2026,547B BEDOK NTH AVE 1 Singapore
222706,1e3ea85275205e0450fd73e60f0aec3b52f5f2819aae91a42dcbc04b99721a96,2026-09-03 13:40:53,2026-05,BEDOK,3 ROOM,547B,BEDOK NTH AVE 1,04 TO 06,68.0,Model A,2021,94 years 02 months,623000,0.06079271,17621,2026,547B BEDOK NTH AVE 1 Singapore
222707,ea97760a29ef869ca86cabe37c500bd00ee9c00688d8233766c3512a339c5d7d,2026-09-03 13:40:53,2026-05,BEDOK,3 ROOM,547A,BEDOK NTH AVE 1,07 TO 09,68.0,Model A,2021,94 years 02 months,635000,0.06079271,17621,2026,547A BEDOK NTH AVE 1 Singapore
222708,093d49427c4ea5bfbcfdeafbc5b0646817735ee6b24f4085b4f269c7c39b14ab,2026-09-03 13:40:53,2026-06,BEDOK,3 ROOM,547A,BEDOK NTH AVE 1,13 TO 15,68.0,Model A,2021,94 years 02 months,640000,0.06079271,17621,2026,547A BEDOK NTH AVE 1 Singapore
222709,050a20a95c28cf74a3f5ab3ef7f1260a37ca53727be033745cb67280f45836c6,2026-09-03 13:40:53,2026-06,BEDOK,3 ROOM,547A,BEDOK NTH AVE 1,01 TO 03,68.0,Model A,2021,94 years 02 months,600000,0.06079271,17621,2026,547A BEDOK NTH AVE 1 Singapore
222710,e00a4858feca3a4cc8392e6e89153ab503ff6a63533d72d66fca313c198b1739,2026-09-03 13:40:53,2026-06,BEDOK,3 ROOM,547B,BEDOK NTH AVE 1,07 TO 09,68.0,Model A,2021,94 years 02 months,650000,0.06079271,17621,2026,547B BEDOK NTH AVE 1 Singapore
222711,ef47369a1c908992b3279fe4c2b5e2afa98844078c74336206adb699c39f7ce6,2026-09-03 13:40:53,2026-07,BEDOK,3 ROOM,550,BEDOK NTH AVE 1,07 TO 09,82.0,New Generation,1980,53 years,455000,0.06079271,17621,2026,550 BEDOK NTH AVE 1 Singapore
222712,66c939b0cec0452829f7743d7940c15bd5ba17135297d754e28736095f94fd11,2026-09-03 13:40:53,2026-07,BEDOK,3 ROOM,521,BEDOK NTH AVE 1,04 TO 06,67.0,New Generation,1979,52 years 01 month,390000,0.06079271,17621,2026,521 BEDOK NTH AVE 1 Singapore
222713,102e96fc56355907b85d58f8ab6f7d9fd326d130e257e8d43539922ac071044a,2026-09-03 13:40:53,2026-07,BEDOK,3 ROOM,424,BEDOK NTH AVE 1,10 TO 12,67.0,New Generation,1979,51 years 07 months,435000,0.06079271,17621,2026,424 BEDOK NTH AVE 1 Singapore
222714,9eacbe30284fb3359231aed0228417979a9876fe83259c667e2bdcb31254308f,2026-09-03 13:40:53,2026-07,BEDOK,3 ROOM,520,BEDOK NTH AVE 1,04 TO 06,67.0,New Generation,1979,52 years,400000,0.06079271,17621,2026,520 BEDOK NTH AVE 1 Singapore
222715,d0310deeea244b50faa6dfaccbc7e6355f99c067a74a39412bce265e8e854c0b,2026-09-03 13:40:53,2026-08,BEDOK,3 ROOM,547A,BEDOK NTH AVE 1,01 TO 03,68.0,Model A,2021,94 years,600000,0.06079271,17621,2026,547A BEDOK NTH AVE 1 Singapore
222716,1005c5ebc9aaac7a0610923e49b1ea1321cdf622fc248677e4a6c59b45f0bf19,2026-09-03 13:40:53,2026-08,BEDOK,3 ROOM,522,BEDOK NTH AVE 1,10 TO 12,67.0,New Generation,1979,52 years 02 months,425000,0.06079271,17621,2026,522 BEDOK NTH AVE 1 Singapore
222717,8664fb9fd32edb9fea5b3ee384f6de46fa733240eb2188e52e42d0d7d6e4fcbc,2026-09-03 13:40:53,2026-08,BEDOK,3 ROOM,551,BEDOK NTH AVE 1,04 TO 06,83.0,New Generation,1980,52 years 08 months,440000,0.06079271,17621,2026,551 BEDOK NTH AVE 1 Singapore
222718,75b3cb4361fed2c7a29d38a36912ba82e7d5cbe45e1c5913801896098516ad7c,2026-09-03 13:40:53,2026-08,BEDOK,3 ROOM,547B,BEDOK NTH AVE 1,04 TO 06,68.0,Model A,2021,93 years 11 months,605000,0.06079271,17621,2026,547B BEDOK NTH AVE 1 Singapore
222719,f770f65bb399b69a26edb3edb24faf09da315a6f13e51076e6b665afc6cabc7c,2026-09-03 13:40:53,2026-08,BEDOK,3 ROOM,550,BEDOK NTH AVE 1,04 TO 06,68.0,New Generation,1980,52 years 10 months,395000,0.06079271,17621,2026,550 BEDOK NTH AVE 1 Singapore
222720,822ee288b5eefe5a037fd9781d3ef936434eade6c3f1968181dfadec2a0e4b45,2026-09-03 13:40:53,2026-08,BEDOK,3 ROOM,519,BEDOK NTH AVE 1,01 TO 03,67.0,New Generation,1979,52 years,380000,0.06079271,17621,2026,519 BEDOK NTH AVE 1 Singapore
222721,e43712ed7ac2e0cab5560f96d3058be8c666145191d4adb69a4cb768bfa67aa2,2026-09-03 13:40:53,2026-08,BEDOK,3 ROOM,547A,BEDOK NTH AVE 1,16 TO 18,68.0,Model A,2021,93 years 11 months,675000,0.06079271,17621,2026,547A BEDOK NTH AVE 1 Singapore
222722,886c904b93f8533903930072dba608baea879e1a840df520315ee0706123b47f,2026-09-03 13:40:53,2026-09,BEDOK,3 ROOM,548,BEDOK NTH AVE 1,10 TO 12,68.0,New Generation,1980,52 years 10 months,410000,0.06079271,17621,2026,548 BEDOK NTH AVE 1 Singapore
222723,bea8a74b842923218837067f14d087ae57c27cae48ce147ded97e55f41735821,2026-09-03 13:40:53,2026-02,BEDOK,3 ROOM,418,BEDOK NTH AVE 2,01 TO 03,67.0,New Generation,1978,51 years 10 months,405000,0.06079271,17621,2026,418 BEDOK NTH AVE 2 Singapore
222724,3cd23fbdc8787c5a7812620a0fc402d6bcac32fa4192070cf0ec0ebc128c0e41,2026-09-03 13:40:53,2026-02,BEDOK,3 ROOM,409,BEDOK NTH AVE 2,07 TO 09,68.0,New Generation,1980,53 years 03 months,460000,0.06079271,17621,2026,409 BEDOK NTH AVE 2 Singapore
222725,e642e919b8e0cce3f78aa1c4ad0672d5351a5d1947436bc4b224b15e4b16f01a,2026-09-03 13:40:53,2026-03,BEDOK,3 ROOM,418,BEDOK NTH AVE 2,07 TO 09,67.0,New Generation,1978,51 years 09 months,450000,0.06079271,17621,2026,418 BEDOK NTH AVE 2 Singapore
222726,244dd6c0650dd570221d2e61b9b45dd5f7e5699abf905f8f8a862a7c0fc55f6e,2026-09-03 13:40:53,2026-05,BEDOK,3 ROOM,409,BEDOK NTH AVE 2,07 TO 09,68.0,New Generation,1980,53 years,450000,0.06079271,17621,2026,409 BEDOK NTH AVE 2 Singapore
222727,031556fcf2f71bf15d42b180a4e44944fd402ba3063c62e52ebd4044b0ca40fa,2026-09-03 13:40:53,2026-06,BEDOK,3 ROOM,412,BEDOK NTH AVE 2,04 TO 06,67.0,New Generation,1979,52 years,425000,0.06079271,17621,2026,412 BEDOK NTH AVE 2 Singapore
222728,12fe4120baa72ca6859f286b11a222a8e9e7b754cd6cb5d9c8a23be76ee38350,2026-09-03 13:40:53,2026-07,BEDOK,3 ROOM,418,BEDOK NTH AVE 2,01 TO 03,67.0,New Generation,1978,51 years 05 months,420000,0.06079271,17621,2026,418 BEDOK NTH AVE 2 Singapore
222729,bd97d739dbb5aa3a02191b49c36d610bfade3208f340fee362f2c895a9bea2a4,2026-09-03 13:40:53,2026-08,BEDOK,3 ROOM,409,BEDOK NTH AVE 2,01 TO 03,68.0,New Generation,1980,52 years 09 months,420000,0.06079271,17621,2026,409 BEDOK NTH AVE 2 Singapore
222730,9314f7cba956f2ccd2fef192b0441bf7aef0c504a723d58ff634e7785d7f429b,2026-09-03 13:40:53,2026-08,BEDOK,3 ROOM,410,BEDOK NTH AVE 2,07 TO 09,68.0,New Generation,1980,52 years 09 months,455000,0.06079271,17621,2026,410 BEDOK NTH AVE 2 Singapore
222731,e4eb0407379c85c367a996f7baf773547c63ab291122b78cd2ad64236fd49fb2,2026-09-03 13:40:53,2026-08,BEDOK,3 ROOM,418,BEDOK NTH AVE 2,07 TO 09,67.0,New Generation,1978,51 years 04 months,430000,0.06079271,17621,2026,418 BEDOK NTH AVE 2 Singapore
222732,01f8d358a2692ad6db222e47f1f9f72ba4653857a97f0ab06d0f3e7859abd9ed,2026-09-03 13:40:53,2026-01,BEDOK,3 ROOM,136,BEDOK NTH AVE 3,04 TO 06,67.0,New Generation,1979,52 years 01 month,385000,0.06079271,17621,2026,136 BEDOK NTH AVE 3 Singapore
222733,ac3c0218934d039a909f5ccb60af516f40f760ba31a4c9ce26c484c985b1aaaf,2026-09-03 13:40:53,2026-02,BEDOK,3 ROOM,402,BEDOK NTH AVE 3,13 TO 15,67.0,New Generation,1979,52 years 04 months,435000,0.06079271,17621,2026,402 BEDOK NTH AVE 3 Singapore
222734,2da8cf84d0ebeecb77e58a6818fcc035e8f2b3013e8506958408d7f9896ccff1,2026-09-03 13:40:53,2026-04,BEDOK,3 ROOM,401,BEDOK NTH AVE 3,04 TO 06,67.0,New Generation,1979,52 years 02 months,415000,0.06079271,17621,2026,401 BEDOK NTH AVE 3 Singapore
222735,ddc252693835b6298d5c809c24fcf2ecdd29e24e50f3648770f6fee65c0c3410,2026-09-03 13:40:53,2026-05,BEDOK,3 ROOM,401,BEDOK NTH AVE 3,04 TO 06,67.0,New Generation,1979,52 years 02 months,420000,0.06079271,17621,2026,401 BEDOK NTH AVE 3 Singapore
222736,f0261a2751e45c7bfa14d294e019858743b95211344ca5892e2a8bce79e22a4b,2026-09-03 13:40:53,2026-07,BEDOK,3 ROOM,401,BEDOK NTH AVE 3,01 TO 03,67.0,New Generation,1979,52 years,405000,0.06079271,17621,2026,401 BEDOK NTH AVE 3 Singapore
222737,ba2f5bcdd7a79a29f3a215c5e81b5ca2a9a4b1a87fcdc787d1afa88551303d07,2026-09-03 13:40:53,2026-07,BEDOK,3 ROOM,401,BEDOK NTH AVE 3,04 TO 06,67.0,New Generation,1979,52 years,395000,0.06079271,17621,2026,401 BEDOK NTH AVE 3 Singapore
222738,737c9c6f9c7296469f0ed48fdc8348374eb3df0643abb579d24ee4191702595b,2026-09-03 13:40:53,2026-07,BEDOK,3 ROOM,401,BEDOK NTH AVE 3,01 TO 03,67.0,New Generation,1979,52 years,410000,0.06079271,17621,2026,401 BEDOK NTH AVE 3 Singapore
222739,60b8282126ac2d4e31f5135a02a2f9b27c3c334dc63445244038ea6dfae14981,2026-09-03 13:40:53,2026-01,BEDOK,3 ROOM,104,BEDOK NTH AVE 4,10 TO 12,67.0,New Generation,1977,50 years 07 months,388000,0.06079271,17621,2026,104 BEDOK NTH AVE 4 Singapore
222740,c3af42bb89245e3b274a01e94e831c55bc3bf75719c43361dfbd01fbcdf700ba,2026-09-03 13:40:53,2026-02,BEDOK,3 ROOM,102,BEDOK NTH AVE 4,07 TO 09,67.0,New Generation,1977,50 years 06 months,370000,0.06079271,17621,2026,102 BEDOK NTH AVE 4 Singapore
222741,6593c8e162222a86a9a54a88d00b3b22e5dfad2e44395a300db9df26ca9ea7fa,2026-09-03 13:40:53,2026-02,BEDOK,3 ROOM,100,BEDOK NTH AVE 4,04 TO 06,67.0,New Generation,1978,51 years 10 months,393000,0.06079271,17621,2026,100 BEDOK NTH AVE 4 Singapore
222742,8ffc01a1b85674ff670c1ebe34a036c0146da592e20c52811989cba393b33eb0,2026-09-03 13:40:53,2026-02,BEDOK,3 ROOM,103,BEDOK NTH AVE 4,07 TO 09,81.0,New Generation,1977,50 years 05 months,482000,0.06079271,17621,2026,103 BEDOK NTH AVE 4 Singapore
222743,0d8e904232111f10f77ce9eb547968dfdb3e1e436b6cd3181fe7337ee51d5115,2026-09-03 13:40:53,2026-03,BEDOK,3 ROOM,102,BEDOK NTH AVE 4,13 TO 15,82.0,New Generation,1977,50 years 05 months,428000,0.06079271,17621,2026,102 BEDOK NTH AVE 4 Singapore
222744,4ec7a072cca408a1d44d6c937a831eb443c67b11a076f49a49e2c31193e1f530,2026-09-03 13:40:53,2026-04,BEDOK,3 ROOM,100,BEDOK NTH AVE 4,13 TO 15,67.0,New Generation,1978,51 years 08 months,420000,0.06079271,17621,2026,100 BEDOK NTH AVE 4 Singapore
222745,53582f2dfa57bf88ca3ac2250d62baee1be4e8edf7a7a535fb335a95eb549808,2026-09-03 13:40:53,2026-05,BEDOK,3 ROOM,92,BEDOK NTH AVE 4,04 TO 06,67.0,New Generation,1979,52 years 02 months,390000,0.06079271,17621,2026,92 BEDOK NTH AVE 4 Singapore
222746,85244d1ef31fee0b636d3b613625a370709671b31fe3b30ecb229e86b74d40aa,2026-09-03 13:40:53,2026-07,BEDOK,3 ROOM,105,BEDOK NTH AVE 4,13 TO 15,82.0,New Generation,1977,50 years 01 month,470000,0.06079271,17621,2026,105 BEDOK NTH AVE 4 Singapore
222747,367bc8b640b0412885c463c3128832d017f801c2aeb118f01aceed34586b561f,2026-09-03 13:40:53,2026-08,BEDOK,3 ROOM,102,BEDOK NTH AVE 4,04 TO 06,82.0,New Generation,1977,50 years,470000,0.06079271,17621,2026,102 BEDOK NTH AVE 4 Singapore
222748,ad76ef722674f825fb9adf68fe4d7527a392aee0f8d1f60522540bbbda52d587,2026-09-03 13:40:53,2026-08,BEDOK,3 ROOM,103,BEDOK NTH AVE 4,07 TO 09,67.0,New Generation,1977,50 years,378000,0.06079271,17621,2026,103 BEDOK NTH AVE 4 Singapore
222749,20154a504c309094393022622d1fba0b03aca4f8025e0263527cef56d2b38914,2026-09-03 13:40:53,2026-08,BEDOK,3 ROOM,105,BEDOK NTH AVE 4,13 TO 15,67.0,New Generation,1977,50 years,400000,0.06079271,17621,2026,105 BEDOK NTH AVE 4 Singapore
222750,99ce5c1c5d492305cf4dc20308da5eb023e18c08ea2aecdee5352eed2e7d97df,2026-09-03 13:40:53,2026-08,BEDOK,3 ROOM,100,BEDOK NTH AVE 4,10 TO 12,67.0,New Generation,1978,51 years 03 months,418000,0.06079271,17621,2026,100 BEDOK NTH AVE 4 Singapore
222751,00dcc70c4f5c2c6772a79f6304fe7615220f5b3dda3efbba35c30afe3288be04,2026-09-03 13:40:53,2026-01,BEDOK,3 ROOM,75,BEDOK NTH RD,13 TO 15,59.0,Improved,1978,51 years 01 month,400000,0.06079271,17621,2026,75 BEDOK NTH RD Singapore
222752,7d9f38f0d6ae98bd8bbd639f326aacc57e99a2eb3fd235663fdec74519a3ad48,2026-09-03 13:40:53,2026-01,BEDOK,3 ROOM,430A,BEDOK NTH RD,10 TO 12,69.0,Model A,2021,94 years 05 months,708000,0.06079271,17621,2026,430A BEDOK NTH RD Singapore
222753,474890082d4f4f8baa2ae5ce2b7cb614e0598424e98c98652af75b734e173cc7,2026-09-03 13:40:53,2026-01,BEDOK,3 ROOM,117,BEDOK NTH RD,01 TO 03,73.0,New Generation,1978,51 years 05 months,410000,0.06079271,17621,2026,117 BEDOK NTH RD Singapore
222754,fee438751a26cc4fc0839b45af251ca6dfdde9e63f42699e8ec6bfd58d7b08f2,2026-09-03 13:40:53,2026-01,BEDOK,3 ROOM,116,BEDOK NTH RD,01 TO 03,73.0,New Generation,1978,51 years 04 months,439000,0.06079271,17621,2026,116 BEDOK NTH RD Singapore
222755,ca575da98d26854fe8febec195dcf4088894240a48a14856910da9c28f2052d5,2026-09-03 13:40:53,2026-02,BEDOK,3 ROOM,77,BEDOK NTH RD,10 TO 12,60.0,Improved,1986,59 years 03 months,390000,0.06079271,17621,2026,77 BEDOK NTH RD Singapore
222756,e17835cd54d25ed26dab9f5f740658a181e8499938f75b022fb033b3e46542bb,2026-09-03 13:40:53,2026-02,BEDOK,3 ROOM,77,BEDOK NTH RD,10 TO 12,69.0,Improved,1986,59 years 03 months,435000,0.06079271,17621,2026,77 BEDOK NTH RD Singapore
222757,b993a89af91d7b3e7bafd9cf1a4f5bb7278ee99a6ece5b072d728e688b72d608,2026-09-03 13:40:53,2026-02,BEDOK,3 ROOM,117,BEDOK NTH RD,01 TO 03,73.0,New Generation,1978,51 years 03 months,430000,0.06079271,17621,2026,117 BEDOK NTH RD Singapore
222758,a86c7696fca95e04135c784c28cba189a860aef70ecab9445fe20ace7b235387,2026-09-03 13:40:53,2026-02,BEDOK,3 ROOM,75,BEDOK NTH RD,10 TO 12,59.0,Improved,1978,50 years 11 months,379000,0.06079271,17621,2026,75 BEDOK NTH RD Singapore
222759,41b1227cd93714e4036d3be69962f59b004518f32c3a4f23b5ef9e918830eb8c,2026-09-03 13:40:53,2026-02,BEDOK,3 ROOM,426,BEDOK NTH RD,04 TO 06,67.0,New Generation,1979,51 years 11 months,440000,0.06079271,17621,2026,426 BEDOK NTH RD Singapore
222760,2e5e50e03d4fbd5651185565cf216d6a23eba15b05ed12ddc52c78ead1b10adb,2026-09-03 13:40:53,2026-02,BEDOK,3 ROOM,109,BEDOK NTH RD,07 TO 09,67.0,New Generation,1977,50 years 05 months,430000,0.06079271,17621,2026,109 BEDOK NTH RD Singapore
222761,38ea3fac84ca0a5ca1f65a9dd67fe213e3c59f60391e88b0ee6bf68bb6b057b7,2026-09-03 13:40:53,2026-03,BEDOK,3 ROOM,124,BEDOK NTH RD,01 TO 03,67.0,New Generation,1978,51 years 03 months,390000,0.06079271,17621,2026,124 BEDOK NTH RD Singapore
222762,fdddb9fe4c6a3666e6829ec704463fe58c99ea52666218c8c9b85d5d7793623b,2026-09-03 13:40:53,2026-03,BEDOK,3 ROOM,107,BEDOK NTH RD,07 TO 09,82.0,New Generation,1977,50 years 05 months,417000,0.06079271,17621,2026,107 BEDOK NTH RD Singapore
222763,ff7bcc3211b1b44ecc5f69a61d6f4f669232789e70524b6b576050399c856db6,2026-09-03 13:40:53,2026-03,BEDOK,3 ROOM,117,BEDOK NTH RD,04 TO 06,73.0,New Generation,1978,51 years 03 months,445000,0.06079271,17621,2026,117 BEDOK NTH RD Singapore
222764,79e854ba223bbfb08f7bb31e134d75e3988c6a7be8ba7a4eda78108d6856a911,2026-09-03 13:40:53,2026-03,BEDOK,3 ROOM,425,BEDOK NTH RD,01 TO 03,67.0,New Generation,1979,51 years 10 months,415000,0.06079271,17621,2026,425 BEDOK NTH RD Singapore
222765,7824463df82327fe7fd54d0a042ff59c61cb30df9d96885117c8df6aa0b62858,2026-09-03 13:40:53,2026-03,BEDOK,3 ROOM,429B,BEDOK NTH RD,04 TO 06,69.0,Model A,2021,94 years 02 months,667000,0.06079271,17621,2026,429B BEDOK NTH RD Singapore
222766,be2d6f4617051e6ab0b8a2c2cd2033301b1dc16e1d2a4c853dc54e05cf788adb,2026-09-03 13:40:53,2026-04,BEDOK,3 ROOM,116,BEDOK NTH RD,01 TO 03,88.0,New Generation,1978,51 years 02 months,464000,0.06079271,17621,2026,116 BEDOK NTH RD Singapore
222767,6f028b45a6d366a3e62f478455b197cc18c23e1b7708599009bfedc93f0379db,2026-09-03 13:40:53,2026-04,BEDOK,3 ROOM,426,BEDOK NTH RD,04 TO 06,67.0,New Generation,1979,51 years 10 months,462000,0.06079271,17621,2026,426 BEDOK NTH RD Singapore
222768,f177c268ef3e69523d94a4ab6bd1bfaff01d23d1f7ebcc15e53e915c36feb567,2026-09-03 13:40:53,2026-04,BEDOK,3 ROOM,429B,BEDOK NTH RD,04 TO 06,69.0,Model A,2021,94 years 02 months,670000,0.06079271,17621,2026,429B BEDOK NTH RD Singapore
222769,12a353687d5eef25891e5e425367a1135c932f6dd2b7752f1b374d58c404ed73,2026-09-03 13:40:53,2026-04,BEDOK,3 ROOM,124,BEDOK NTH RD,07 TO 09,67.0,New Generation,1978,51 years 02 months,425000,0.06079271,17621,2026,124 BEDOK NTH RD Singapore
222770,5e28d8f0b250e637e859b32ea5754d824ce3afe51bf4bce5999ba9d6ff49c926,2026-09-03 13:40:53,2026-04,BEDOK,3 ROOM,74,BEDOK NTH RD,10 TO 12,59.0,Improved,1978,50 years 09 months,393000,0.06079271,17621,2026,74 BEDOK NTH RD Singapore
222771,6d7be2ecdd6ae9a4f7312179959f36d5d10bacff6e2f29e8d3e42c697232746f,2026-09-03 13:40:53,2026-04,BEDOK,3 ROOM,425,BEDOK NTH RD,07 TO 09,67.0,New Generation,1979,51 years 09 months,466000,0.06079271,17621,2026,425 BEDOK NTH RD Singapore
222772,f5e85f94a4220b9e6e0815e4178f9f286dcd5967a831e452ce6eb32d10da4caa,2026-09-03 13:40:53,2026-05,BEDOK,3 ROOM,74,BEDOK NTH RD,07 TO 09,59.0,Improved,1978,50 years 09 months,380000,0.06079271,17621,2026,74 BEDOK NTH RD Singapore
222773,9aa7e581879150d896cacd532066bbd1a7a3e9c3dac24a5bacf2270c3a46b2bc,2026-09-03 13:40:53,2026-05,BEDOK,3 ROOM,74,BEDOK NTH RD,04 TO 06,59.0,Improved,1978,50 years 09 months,340000,0.06079271,17621,2026,74 BEDOK NTH RD Singapore
222774,aebc5f4fec4f20051df0a8ca3626c3b5c4c84410385b962838bb80b3b32dc37a,2026-09-03 13:40:53,2026-05,BEDOK,3 ROOM,75,BEDOK NTH RD,07 TO 09,59.0,Improved,1978,50 years 09 months,360000,0.06079271,17621,2026,75 BEDOK NTH RD Singapore
222775,59400f49b1f7e06adadd848edd58ffd6bcc04098a996f9f45cfa401ae8b594cc,2026-09-03 13:40:53,2026-05,BEDOK,3 ROOM,117,BEDOK NTH RD,04 TO 06,88.0,New Generation,1978,51 years 01 month,490000,0.06079271,17621,2026,117 BEDOK NTH RD Singapore
222776,b52e3f4c14cfc4db308d674397707717111670ef8b90a5e30953263d515d61f9,2026-09-03 13:40:53,2026-05,BEDOK,3 ROOM,117,BEDOK NTH RD,01 TO 03,73.0,New Generation,1978,51 years 01 month,400000,0.06079271,17621,2026,117 BEDOK NTH RD Singapore
222777,7e73f4e9fd6985416ed595e409788b4f4cb33098142f72c14618a264dbe43ebf,2026-09-03 13:40:53,2026-06,BEDOK,3 ROOM,110,BEDOK NTH RD,07 TO 09,67.0,New Generation,1977,50 years 02 months,400000,0.06079271,17621,2026,110 BEDOK NTH RD Singapore
222778,2e6b433c9973500e3af44c3553bcf4b7850bceea2adc175c6bb24290e4e33388,2026-09-03 13:40:53,2026-06,BEDOK,3 ROOM,116,BEDOK NTH RD,13 TO 15,73.0,New Generation,1978,51 years 01 month,450000,0.06079271,17621,2026,116 BEDOK NTH RD Singapore
222779,a8f7d07e572c2bf4721c22d837e8a9582fabaf2f6bdcaa265e42bb481cf22ed4,2026-09-03 13:40:53,2026-06,BEDOK,3 ROOM,77,BEDOK NTH RD,13 TO 15,69.0,Improved,1986,58 years 11 months,455000,0.06079271,17621,2026,77 BEDOK NTH RD Singapore
222780,dd69f680a4eabb78031dbd4799a1119ba52bf4e64459a8e053e7e006df565eb3,2026-09-03 13:40:53,2026-06,BEDOK,3 ROOM,426,BEDOK NTH RD,10 TO 12,67.0,New Generation,1979,51 years 08 months,405000,0.06079271,17621,2026,426 BEDOK NTH RD Singapore
222781,f0c59f2660559d0773516aebe250c22cc35077f12966187b79a86952202cbbf8,2026-09-03 13:40:53,2026-07,BEDOK,3 ROOM,125,BEDOK NTH RD,07 TO 09,67.0,New Generation,1978,50 years 11 months,390000,0.06079271,17621,2026,125 BEDOK NTH RD Singapore
222782,dfb23186d0cf1c2a02bdec90cd7ba1cb8c4bdb8783c3133fc5a824d39fb509d8,2026-09-03 13:40:53,2026-07,BEDOK,3 ROOM,75,BEDOK NTH RD,07 TO 09,59.0,Improved,1978,50 years 07 months,368800,0.06079271,17621,2026,75 BEDOK NTH RD Singapore
222783,ee8efc1f067655892d7884574273ddffa978c9e418dc143bf7b5d9203d79225b,2026-09-03 13:40:53,2026-07,BEDOK,3 ROOM,108,BEDOK NTH RD,04 TO 06,82.0,New Generation,1977,50 years 01 month,445000,0.06079271,17621,2026,108 BEDOK NTH RD Singapore
222784,c6675201929a936bfa6b5edd8ddbfa7e910a7b7a0ef14dce292193f00e50cbfa,2026-09-03 13:40:53,2026-07,BEDOK,3 ROOM,426,BEDOK NTH RD,10 TO 12,67.0,New Generation,1979,51 years 06 months,398888,0.06079271,17621,2026,426 BEDOK NTH RD Singapore
222785,4d95fbbca86a7d8a9039616c38338969355739550684b98acc276b8512a6901e,2026-09-03 13:40:53,2026-07,BEDOK,3 ROOM,75,BEDOK NTH RD,07 TO 09,59.0,Improved,1978,50 years 06 months,365000,0.06079271,17621,2026,75 BEDOK NTH RD Singapore
222786,e19c517d415240994b7185636311b3da31c9464c85f67a369e4f545ec5ee4e00,2026-09-03 13:40:53,2026-08,BEDOK,3 ROOM,74,BEDOK NTH RD,10 TO 12,59.0,Improved,1978,50 years 06 months,346800,0.06079271,17621,2026,74 BEDOK NTH RD Singapore
222787,86c5593fe4cfbfb0f51505e4783db54acc64182dc7b7cc620a81516a2e0c1260,2026-09-03 13:40:53,2026-08,BEDOK,3 ROOM,124,BEDOK NTH RD,10 TO 12,67.0,New Generation,1978,50 years 10 months,400000,0.06079271,17621,2026,124 BEDOK NTH RD Singapore
222788,58cc308035515abb17c5a0fb7d9006697dceeb71eb128221653f8eb449aae0b4,2026-09-03 13:40:53,2026-08,BEDOK,3 ROOM,116,BEDOK NTH RD,07 TO 09,73.0,New Generation,1978,50 years 10 months,435000,0.06079271,17621,2026,116 BEDOK NTH RD Singapore
222789,2dfcd9cb17cfe5434919918fbf1824c9fbf67d9ab930330acd91b80f0b4a1e22,2026-09-03 13:40:53,2026-08,BEDOK,3 ROOM,75,BEDOK NTH RD,07 TO 09,59.0,Improved,1978,50 years 06 months,370000,0.06079271,17621,2026,75 BEDOK NTH RD Singapore
222790,aa772f25f5db2fe71aa00bb8f7894c1882e69024880a2269d5f34fb0d893bf46,2026-09-03 13:40:53,2026-08,BEDOK,3 ROOM,74,BEDOK NTH RD,04 TO 06,59.0,Improved,1978,50 years 06 months,358000,0.06079271,17621,2026,74 BEDOK NTH RD Singapore
222791,6292ac3408c6128200720be8f6def9ffbaeab2c4153f8fc323cc9259f42aad88,2026-09-03 13:40:53,2026-08,BEDOK,3 ROOM,75,BEDOK NTH RD,13 TO 15,59.0,Improved,1978,50 years 06 months,358000,0.06079271,17621,2026,75 BEDOK NTH RD Singapore
222792,78153f4e61c9faf760dc52555e873d28c872adedc8f6b83c6c23471346e894f8,2026-09-03 13:40:53,2026-08,BEDOK,3 ROOM,109,BEDOK NTH RD,04 TO 06,67.0,New Generation,1977,50 years,390000,0.06079271,17621,2026,109 BEDOK NTH RD Singapore
222793,d63c282ecfe02a9b0fc1a567de6076fb276af0a724e34cfa234ac6ae9bd97106,2026-09-03 13:40:53,2026-08,BEDOK,3 ROOM,74,BEDOK NTH RD,07 TO 09,59.0,Improved,1978,50 years 06 months,380000,0.06079271,17621,2026,74 BEDOK NTH RD Singapore
222794,4036fc2dc5a5c30f425b19b042e7c7f5b8db75cc4765c191d2193425cd4dbc72,2026-09-03 13:40:53,2026-08,BEDOK,3 ROOM,75,BEDOK NTH RD,04 TO 06,59.0,Improved,1978,50 years 06 months,340000,0.06079271,17621,2026,75 BEDOK NTH RD Singapore
222795,96104b38f759133ba8650c2a6aa78134720b6b0e4f2bf9ad548045fa59a43c94,2026-09-03 13:40:53,2026-09,BEDOK,3 ROOM,124,BEDOK NTH RD,10 TO 12,67.0,New Generation,1978,50 years 10 months,395000,0.06079271,17621,2026,124 BEDOK NTH RD Singapore
222796,870716a7c5ad92088f5893bf0340c941a8b5a68a356e0cdd664fa35a39cf89cc,2026-09-03 13:40:53,2026-01,BEDOK,3 ROOM,419,BEDOK NTH ST 1,01 TO 03,68.0,New Generation,1979,52 years 01 month,465000,0.06079271,17621,2026,419 BEDOK NTH ST 1 Singapore
222797,532bc102be27af5bc0881683af4e8c293f6f35e5c2de4aed93f37a215eddfff9,2026-09-03 13:40:53,2026-01,BEDOK,3 ROOM,213,BEDOK NTH ST 1,10 TO 12,68.0,New Generation,1980,53 years 02 months,482000,0.06079271,17621,2026,213 BEDOK NTH ST 1 Singapore
222798,462034402675bbe1687162b774af7af4c61b7a51c8cab6d6fd4dca47421bffe6,2026-09-03 13:40:53,2026-01,BEDOK,3 ROOM,202,BEDOK NTH ST 1,04 TO 06,67.0,New Generation,1979,52 years 07 months,430000,0.06079271,17621,2026,202 BEDOK NTH ST 1 Singapore
222799,637947ea2cd679dcb578e80fdafb93960d891ad901063037e2f9715473005194,2026-09-03 13:40:53,2026-01,BEDOK,3 ROOM,204,BEDOK NTH ST 1,04 TO 06,68.0,New Generation,1979,52 years 07 months,465000,0.06079271,17621,2026,204 BEDOK NTH ST 1 Singapore
222800,e0662417a83428401d7a14ab5df12899a1804f04eb876e91bd285bc4c279a27c,2026-09-03 13:40:53,2026-01,BEDOK,3 ROOM,420,BEDOK NTH ST 1,07 TO 09,82.0,New Generation,1979,52 years,530000,0.06079271,17621,2026,420 BEDOK NTH ST 1 Singapore
222801,2aca6770d93003c1ba14c0deab3eeb257b91c15e0fb415f4c95b633e60bce045,2026-09-03 13:40:53,2026-02,BEDOK,3 ROOM,213,BEDOK NTH ST 1,04 TO 06,68.0,New Generation,1980,53 years 01 month,490888,0.06079271,17621,2026,213 BEDOK NTH ST 1 Singapore
222802,a9782e1144d5c3677f94138fe78fff49fde946c84b722826cf3dca16b050b390,2026-09-03 13:40:53,2026-02,BEDOK,3 ROOM,203,BEDOK NTH ST 1,01 TO 03,82.0,New Generation,1977,50 years 06 months,490000,0.06079271,17621,2026,203 BEDOK NTH ST 1 Singapore
222803,16c4ad0cab4a0998675755725efd1cf419f7917a0d08c7e9a687cf7c4b6f4c03,2026-09-03 13:40:53,2026-03,BEDOK,3 ROOM,213,BEDOK NTH ST 1,01 TO 03,68.0,New Generation,1980,53 years,500000,0.06079271,17621,2026,213 BEDOK NTH ST 1 Singapore
222804,2bef2e419f16fb9ed03fc91922959fb65ee156fe8dedb319df72c3e82a2b87bb,2026-09-03 13:40:53,2026-03,BEDOK,3 ROOM,201,BEDOK NTH ST 1,04 TO 06,88.0,New Generation,1979,52 years 05 months,528000,0.06079271,17621,2026,201 BEDOK NTH ST 1 Singapore
222805,87a46a80aa7a0e6d4e9a223f8472a2492c32f56f6744a8c98cc743e81495ba1d,2026-09-03 13:40:53,2026-04,BEDOK,3 ROOM,420,BEDOK NTH ST 1,10 TO 12,68.0,New Generation,1979,51 years 10 months,405000,0.06079271,17621,2026,420 BEDOK NTH ST 1 Singapore
222806,4a83392b2e64a326ae6c8e3cb973c4fe384b962ccb6080a64284768453d97eff,2026-09-03 13:40:53,2026-04,BEDOK,3 ROOM,419,BEDOK NTH ST 1,01 TO 03,68.0,New Generation,1979,51 years 10 months,390000,0.06079271,17621,2026,419 BEDOK NTH ST 1 Singapore
222807,06373d2de31237e8152460b7d628a003a6b9ce17c858a05f846ed4692ff8a3e3,2026-09-03 13:40:53,2026-05,BEDOK,3 ROOM,201,BEDOK NTH ST 1,07 TO 09,88.0,New Generation,1979,52 years 03 months,589000,0.06079271,17621,2026,201 BEDOK NTH ST 1 Singapore
222808,606a837d807ac410d0074b3b316492f62bc484a9005b29972a8e33981767028d,2026-09-03 13:40:53,2026-06,BEDOK,3 ROOM,204,BEDOK NTH ST 1,04 TO 06,68.0,New Generation,1979,52 years 03 months,465000,0.06079271,17621,2026,204 BEDOK NTH ST 1 Singapore
222809,2f490734af9afb8397f486eeca042adfd55e79d939ccc72707d45391a89d7961,2026-09-03 13:40:53,2026-06,BEDOK,3 ROOM,202,BEDOK NTH ST 1,04 TO 06,67.0,New Generation,1979,52 years 02 months,446000,0.06079271,17621,2026,202 BEDOK NTH ST 1 Singapore
222810,bbeac8552fae2322c58ef866a072e58d5f58fd75bb609c39581462b50aacaa01,2026-09-03 13:40:53,2026-06,BEDOK,3 ROOM,217,BEDOK NTH ST 1,01 TO 03,68.0,New Generation,1979,52 years 05 months,448000,0.06079271,17621,2026,217 BEDOK NTH ST 1 Singapore
222811,b4d5be08ef7183886f85eff058637333d29559715cc03a5174c71684706ac60e,2026-09-03 13:40:53,2026-06,BEDOK,3 ROOM,202,BEDOK NTH ST 1,10 TO 12,67.0,New Generation,1979,52 years 02 months,480000,0.06079271,17621,2026,202 BEDOK NTH ST 1 Singapore
222812,560fa2dd2dbcf946a9537bca8218cc35e2e540dbd4b276c7f3d4d8054324e2be,2026-09-03 13:40:53,2026-08,BEDOK,3 ROOM,420,BEDOK NTH ST 1,07 TO 09,82.0,New Generation,1979,51 years 06 months,513000,0.06079271,17621,2026,420 BEDOK NTH ST 1 Singapore
222813,358c308c68279e551275693dbca0d115806443947c54ea15779d1236ff2e6931,2026-09-03 13:40:53,2026-08,BEDOK,3 ROOM,218,BEDOK NTH ST 1,01 TO 03,68.0,New Generation,1980,52 years 07 months,400000,0.06079271,17621,2026,218 BEDOK NTH ST 1 Singapore
222814,a0de4a17b1ecbf791230fafe3cd13d6a857e69ef42b4ed98ff5982453d735a45,2026-09-03 13:40:53,2026-08,BEDOK,3 ROOM,420,BEDOK NTH ST 1,10 TO 12,68.0,New Generation,1979,51 years 05 months,395000,0.06079271,17621,2026,420 BEDOK NTH ST 1 Singapore
222815,82b5a0fedb87384d485ad31651dfbfddcafdac1796a8b6a868c4a838453726ea,2026-09-03 13:40:53,2026-08,BEDOK,3 ROOM,213,BEDOK NTH ST 1,04 TO 06,83.0,New Generation,1980,52 years 07 months,500000,0.06079271,17621,2026,213 BEDOK NTH ST 1 Singapore
222816,568d3407d480479580c0d37aeda7d80050e68ff5f94fe41c728b7aa108d19135,2026-09-03 13:40:53,2026-01,BEDOK,3 ROOM,134,BEDOK NTH ST 2,07 TO 09,67.0,New Generation,1978,51 years 04 months,425000,0.06079271,17621,2026,134 BEDOK NTH ST 2 Singapore
222817,8a910e2e87c80872f2d3c218cf785ffd560eca859bb552df6833ce036f3f6e0d,2026-09-03 13:40:53,2026-06,BEDOK,3 ROOM,127,BEDOK NTH ST 2,01 TO 03,82.0,New Generation,1978,51 years,435000,0.06079271,17621,2026,127 BEDOK NTH ST 2 Singapore
222818,b142af91fc68c414e1bf098b6fc7771f9ee807dea5c504c580173932d67f8733,2026-09-03 13:40:53,2026-07,BEDOK,3 ROOM,138,BEDOK NTH ST 2,07 TO 09,67.0,New Generation,1978,50 years 10 months,405000,0.06079271,17621,2026,138 BEDOK NTH ST 2 Singapore
222819,bdc0b516debdf5ce23853f4eb2d9f32ec733df470c9a2026d176896fdc35e2a6,2026-09-03 13:40:53,2026-08,BEDOK,3 ROOM,128,BEDOK NTH ST 2,04 TO 06,67.0,New Generation,1978,50 years 10 months,430000,0.06079271,17621,2026,128 BEDOK NTH ST 2 Singapore
222820,dad80fd3078d0e26254473e4f2efec190178c8408493dabd93979c58349248cd,2026-09-03 13:40:53,2026-01,BEDOK,3 ROOM,504,BEDOK NTH ST 3,01 TO 03,59.0,Improved,1978,51 years 04 months,390000,0.06079271,17621,2026,504 BEDOK NTH ST 3 Singapore
222821,b5baa698177f9427b626907fa10de11e35a2bdd73963d5201b576282e7a1aa23,2026-09-03 13:40:53,2026-01,BEDOK,3 ROOM,542,BEDOK NTH ST 3,10 TO 12,67.0,New Generation,1985,58 years 09 months,426000,0.06079271,17621,2026,542 BEDOK NTH ST 3 Singapore
222822,2b634596f0e18a8148de4ca5f757497b103888ea7f402ed34f1460f391d68f02,2026-09-03 13:40:53,2026-01,BEDOK,3 ROOM,504,BEDOK NTH ST 3,01 TO 03,59.0,Improved,1978,51 years 04 months,348000,0.06079271,17621,2026,504 BEDOK NTH ST 3 Singapore
222823,dca6fcf85c6d0aa12b69f36e603b7f9bf7c6c95858eadc701f4f1bbb5611a2b1,2026-09-03 13:40:53,2026-01,BEDOK,3 ROOM,536,BEDOK NTH ST 3,16 TO 18,68.0,New Generation,1980,53 years 01 month,420000,0.06079271,17621,2026,536 BEDOK NTH ST 3 Singapore
222824,4ca9ee691429b1ccf5232dbdd1743e19a6a91ec6bbaa6689ef772a0f1c55a6f2,2026-09-03 13:40:53,2026-01,BEDOK,3 ROOM,530,BEDOK NTH ST 3,01 TO 03,82.0,New Generation,1979,52 years 08 months,468000,0.06079271,17621,2026,530 BEDOK NTH ST 3 Singapore
222825,d53640d40226fa7767fa79092eaa8a9290347af8095a2c2b3b7ee81360ef7986,2026-09-03 13:40:53,2026-01,BEDOK,3 ROOM,534,BEDOK NTH ST 3,07 TO 09,69.0,Improved,1986,59 years 02 months,468000,0.06079271,17621,2026,534 BEDOK NTH ST 3 Singapore
222826,514848407fecbb55e233328746dcb7a73e3ce603217fcfee0f83ef1ad08d0c07,2026-09-03 13:40:53,2026-01,BEDOK,3 ROOM,526,BEDOK NTH ST 3,10 TO 12,82.0,New Generation,1979,52 years 06 months,460000,0.06079271,17621,2026,526 BEDOK NTH ST 3 Singapore
222827,615e6761f53870e9e23c0cc9a12eb2c6646683811ceb5c229db90f5288c6ee91,2026-09-03 13:40:53,2026-01,BEDOK,3 ROOM,542,BEDOK NTH ST 3,07 TO 09,67.0,New Generation,1985,58 years 08 months,452000,0.06079271,17621,2026,542 BEDOK NTH ST 3 Singapore
222828,9221b2ec9af61f4882270697a87d1f7291ba3326f2f9b7defa964eefd11f3ba0,2026-09-03 13:40:53,2026-02,BEDOK,3 ROOM,532,BEDOK NTH ST 3,16 TO 18,68.0,New Generation,1980,53 years,400000,0.06079271,17621,2026,532 BEDOK NTH ST 3 Singapore
222829,b359c3fecac0989c2878c6a0ce0cb2dad1e4c398233efe46de4a2d0c2b045c72,2026-09-03 13:40:53,2026-02,BEDOK,3 ROOM,540,BEDOK NTH ST 3,07 TO 09,68.0,New Generation,1980,53 years 05 months,390000,0.06079271,17621,2026,540 BEDOK NTH ST 3 Singapore
222830,d7bc5e8332007ea36804ca537ef07ca742c68f64fd565af9f9bca3056b9d764c,2026-09-03 13:40:53,2026-02,BEDOK,3 ROOM,545,BEDOK NTH ST 3,01 TO 03,68.0,New Generation,1980,53 years 04 months,388000,0.06079271,17621,2026,545 BEDOK NTH ST 3 Singapore
222831,bc7d3537f1966b025e5962be693ce20ac1f9db4d1eb666cea756231997db74cd,2026-09-03 13:40:53,2026-02,BEDOK,3 ROOM,525,BEDOK NTH ST 3,04 TO 06,67.0,New Generation,1979,52 years 06 months,385000,0.06079271,17621,2026,525 BEDOK NTH ST 3 Singapore
222832,4472da61748b09d4fe4ff26aa0b3a0686f4762b7db2a64d910c241c5fd25357c,2026-09-03 13:40:53,2026-02,BEDOK,3 ROOM,545,BEDOK NTH ST 3,01 TO 03,68.0,New Generation,1980,53 years 03 months,415000,0.06079271,17621,2026,545 BEDOK NTH ST 3 Singapore
222833,fe04642625cd3ff466b9ee7ca8143292c87d87145f2ae1566dfe1de88e289096,2026-09-03 13:40:53,2026-03,BEDOK,3 ROOM,529,BEDOK NTH ST 3,13 TO 15,68.0,New Generation,1979,52 years 06 months,400000,0.06079271,17621,2026,529 BEDOK NTH ST 3 Singapore
222834,953f51f30ed86205f124a58f85689294c372589b88e0c32e15cb482c87fb0bce,2026-09-03 13:40:53,2026-03,BEDOK,3 ROOM,534,BEDOK NTH ST 3,01 TO 03,60.0,Improved,1986,59 years,390000,0.06079271,17621,2026,534 BEDOK NTH ST 3 Singapore
222835,2ba2440729b95de01f5824c93c084c010bf5ee20f7ad4acac91138a5d91629ba,2026-09-03 13:40:53,2026-03,BEDOK,3 ROOM,540,BEDOK NTH ST 3,07 TO 09,68.0,New Generation,1980,53 years 04 months,420000,0.06079271,17621,2026,540 BEDOK NTH ST 3 Singapore
222836,c67e9af8380447887fbc0f3f555c88531efcf497a3b328ef5f1b61c96e1bc392,2026-09-03 13:40:53,2026-03,BEDOK,3 ROOM,529,BEDOK NTH ST 3,04 TO 06,68.0,New Generation,1979,52 years 06 months,400000,0.06079271,17621,2026,529 BEDOK NTH ST 3 Singapore
222837,5b6fce2a7d7f837e50b17d827791a11eb14a0440fdd97efd2e77dbcfa472f878,2026-09-03 13:40:53,2026-03,BEDOK,3 ROOM,528,BEDOK NTH ST 3,04 TO 06,68.0,New Generation,1979,52 years 06 months,410000,0.06079271,17621,2026,528 BEDOK NTH ST 3 Singapore
222838,7ce3d984a8fc424235c14cd2986578d9aa88d9f5c4453c786a60f1191396db25,2026-09-03 13:40:53,2026-03,BEDOK,3 ROOM,503,BEDOK NTH ST 3,01 TO 03,70.0,Improved,1978,51 years 02 months,388000,0.06079271,17621,2026,503 BEDOK NTH ST 3 Singapore
222839,362902aa119407ec5abfd1792883e379e7073234805f8aa6617ceba1a5f4222b,2026-09-03 13:40:53,2026-03,BEDOK,3 ROOM,554,BEDOK NTH ST 3,01 TO 03,68.0,New Generation,1980,53 years 04 months,385000,0.06079271,17621,2026,554 BEDOK NTH ST 3 Singapore
222840,5f57d57723c029488cc535bf3013f7bb9f124ef72f276b6ffd4ca8996d860a09,2026-09-03 13:40:53,2026-03,BEDOK,3 ROOM,533,BEDOK NTH ST 3,07 TO 09,68.0,New Generation,1980,52 years 10 months,401000,0.06079271,17621,2026,533 BEDOK NTH ST 3 Singapore
222841,9a74056e1ae29d24546feba0fc4e9b27adf585b5dab7b556e73ac735ecbe121b,2026-09-03 13:40:53,2026-03,BEDOK,3 ROOM,501,BEDOK NTH ST 3,04 TO 06,59.0,Improved,1978,51 years 02 months,355000,0.06079271,17621,2026,501 BEDOK NTH ST 3 Singapore
222842,d696f11e50eddebdb65faf34a1ddcd3610e613107e2d14bda3b10af12e4864d7,2026-09-03 13:40:53,2026-04,BEDOK,3 ROOM,542,BEDOK NTH ST 3,04 TO 06,67.0,New Generation,1985,58 years 06 months,408888,0.06079271,17621,2026,542 BEDOK NTH ST 3 Singapore
222843,c1fcafdf875e85b776de1490510283670b05767c44f8fe09b1d763c89d4896a5,2026-09-03 13:40:53,2026-04,BEDOK,3 ROOM,540,BEDOK NTH ST 3,01 TO 03,68.0,New Generation,1980,53 years 03 months,385000,0.06079271,17621,2026,540 BEDOK NTH ST 3 Singapore
222844,93fbb5121b9f75c7a5ff79a2225f1c68b83540bfeeb43c455643ef13dd3209ed,2026-09-03 13:40:53,2026-04,BEDOK,3 ROOM,532,BEDOK NTH ST 3,04 TO 06,68.0,New Generation,1980,52 years 10 months,378000,0.06079271,17621,2026,532 BEDOK NTH ST 3 Singapore
222845,be190f0827d77dd297edf26ae6d7e50c85c1fe638a05508f4bc7ca1cba228698,2026-09-03 13:40:53,2026-04,BEDOK,3 ROOM,525,BEDOK NTH ST 3,04 TO 06,67.0,New Generation,1979,52 years 04 months,405000,0.06079271,17621,2026,525 BEDOK NTH ST 3 Singapore
222846,2b2189f653f48825eda1aaaa29a0723bf3616b055f9f35e307025ab62ba0b32e,2026-09-03 13:40:53,2026-04,BEDOK,3 ROOM,533,BEDOK NTH ST 3,10 TO 12,68.0,New Generation,1980,52 years 09 months,375000,0.06079271,17621,2026,533 BEDOK NTH ST 3 Singapore
222847,dc1797d818095d43f1330d866ef5da8497947af78b8b04c2d7bbd76e7eac7938,2026-09-03 13:40:53,2026-04,BEDOK,3 ROOM,503,BEDOK NTH ST 3,13 TO 15,59.0,Improved,1978,51 years,370000,0.06079271,17621,2026,503 BEDOK NTH ST 3 Singapore
222848,3e8bdd86f0e3f653b2274e23fafe2f7999c7814d80d4f67500947d0db2789ea7,2026-09-03 13:40:53,2026-05,BEDOK,3 ROOM,532,BEDOK NTH ST 3,01 TO 03,68.0,New Generation,1980,52 years 09 months,382000,0.06079271,17621,2026,532 BEDOK NTH ST 3 Singapore
222849,f6785cee3a53c0345976c2d5f13257b9719c06fc917aaf21a80d2c8a3d90d50b,2026-09-03 13:40:53,2026-05,BEDOK,3 ROOM,504,BEDOK NTH ST 3,04 TO 06,59.0,Improved,1978,51 years,340000,0.06079271,17621,2026,504 BEDOK NTH ST 3 Singapore
222850,eada1ba614dfeaaaf666d98bc7c12cd4f5ca63ef204f3139e0de7b92e40b24c4,2026-09-03 13:40:53,2026-05,BEDOK,3 ROOM,504,BEDOK NTH ST 3,13 TO 15,70.0,Improved,1978,51 years,410000,0.06079271,17621,2026,504 BEDOK NTH ST 3 Singapore
222851,4aea3a8437070ad2dccd07346e851a492a11b082b66db639505069e43b86ebb2,2026-09-03 13:40:53,2026-05,BEDOK,3 ROOM,534,BEDOK NTH ST 3,04 TO 06,60.0,Improved,1986,58 years 10 months,382000,0.06079271,17621,2026,534 BEDOK NTH ST 3 Singapore
222852,cd57b267407f58b852f30325d16b5a5b69f0a45d849ece4adce388ae0b9a6205,2026-09-03 13:40:53,2026-05,BEDOK,3 ROOM,533,BEDOK NTH ST 3,07 TO 09,68.0,New Generation,1980,52 years 09 months,418000,0.06079271,17621,2026,533 BEDOK NTH ST 3 Singapore
222853,7932a87d4cbe579bba45d5edb2e62dad81ba327478e7bde768ab6561178e7610,2026-09-03 13:40:53,2026-05,BEDOK,3 ROOM,542,BEDOK NTH ST 3,01 TO 03,67.0,New Generation,1985,58 years 05 months,395000,0.06079271,17621,2026,542 BEDOK NTH ST 3 Singapore
222854,cd30102feb058572cda2738aea0b96f7b42b5d6e067961264d36b6a342440864,2026-09-03 13:40:53,2026-05,BEDOK,3 ROOM,545,BEDOK NTH ST 3,01 TO 03,68.0,New Generation,1980,53 years,350000,0.06079271,17621,2026,545 BEDOK NTH ST 3 Singapore
222855,df67bdc67440864a64c2902870f007f60e5a5c0b71e0c34fc9fc4c12e74f6529,2026-09-03 13:40:53,2026-06,BEDOK,3 ROOM,533,BEDOK NTH ST 3,04 TO 06,68.0,New Generation,1980,52 years 08 months,417888,0.06079271,17621,2026,533 BEDOK NTH ST 3 Singapore
222856,a67496a94b1b02e23a2558d6bc27b358b5841db3217bf410b01ed3b8c3e402a2,2026-09-03 13:40:53,2026-06,BEDOK,3 ROOM,528,BEDOK NTH ST 3,01 TO 03,68.0,New Generation,1979,52 years 03 months,391000,0.06079271,17621,2026,528 BEDOK NTH ST 3 Singapore
222857,8c87528c382ca80d9686d19c7cfa930f9eadc30a22bd8bc91fff26e22e8e2552,2026-09-03 13:40:53,2026-07,BEDOK,3 ROOM,504,BEDOK NTH ST 3,04 TO 06,59.0,Improved,1978,50 years 10 months,380000,0.06079271,17621,2026,504 BEDOK NTH ST 3 Singapore
222858,376e3b22066d20538aa12cae245a5976bdd8138dfa7e38ff5212e5ce35c6f305,2026-09-03 13:40:53,2026-07,BEDOK,3 ROOM,504,BEDOK NTH ST 3,13 TO 15,70.0,Improved,1978,50 years 10 months,395000,0.06079271,17621,2026,504 BEDOK NTH ST 3 Singapore
222859,8e03c9b683485162d9ef1529b98159400c5e42297f5d2d0eaa32ae484dcbaae9,2026-09-03 13:40:53,2026-07,BEDOK,3 ROOM,536,BEDOK NTH ST 3,04 TO 06,68.0,New Generation,1980,52 years 07 months,390000,0.06079271,17621,2026,536 BEDOK NTH ST 3 Singapore
222860,1506c60b3b5b73793924ce25b1720b908425c305cc4bd10e1d1c4f960a48fcdd,2026-09-03 13:40:53,2026-07,BEDOK,3 ROOM,554,BEDOK NTH ST 3,07 TO 09,68.0,New Generation,1980,53 years,405000,0.06079271,17621,2026,554 BEDOK NTH ST 3 Singapore
222861,214f3b72e907c9dd0576e7f1250f1e93873d02bf29d1edbc8cf7cd261dc34cf6,2026-09-03 13:40:53,2026-07,BEDOK,3 ROOM,546,BEDOK NTH ST 3,10 TO 12,68.0,New Generation,1980,52 years 11 months,435000,0.06079271,17621,2026,546 BEDOK NTH ST 3 Singapore
222862,0b1ce705c81a63c14d6381215a1a37711eecae4e466adedf1cb78c1db89e484b,2026-09-03 13:40:53,2026-07,BEDOK,3 ROOM,503,BEDOK NTH ST 3,10 TO 12,59.0,Improved,1978,50 years 09 months,367000,0.06079271,17621,2026,503 BEDOK NTH ST 3 Singapore
222863,6c83fb6f7134c15c7070c4db8c4f966b31d6053303af43a39abde4e7587ebc9f,2026-09-03 13:40:53,2026-07,BEDOK,3 ROOM,528,BEDOK NTH ST 3,01 TO 03,82.0,New Generation,1979,52 years 01 month,460000,0.06079271,17621,2026,528 BEDOK NTH ST 3 Singapore
222864,c0591fc19dc6f5d91d38eb5fb6e8d7b11e12a5f6214f351fe5940737fd00fc40,2026-09-03 13:40:53,2026-08,BEDOK,3 ROOM,545,BEDOK NTH ST 3,10 TO 12,68.0,New Generation,1980,52 years 10 months,398888,0.06079271,17621,2026,545 BEDOK NTH ST 3 Singapore
222865,f2f02b6dbafdec3944d28da19bca9cd05c2379292eb3fbfaf9fcdd42dfec5b99,2026-09-03 13:40:53,2026-08,BEDOK,3 ROOM,554,BEDOK NTH ST 3,10 TO 12,68.0,New Generation,1980,52 years 11 months,415000,0.06079271,17621,2026,554 BEDOK NTH ST 3 Singapore
222866,5b69a1a1ef28154eafdefab290e32eac576c39fce846937ae5b1afa2c720eb23,2026-09-03 13:40:53,2026-08,BEDOK,3 ROOM,537,BEDOK NTH ST 3,04 TO 06,68.0,New Generation,1980,52 years 06 months,440000,0.06079271,17621,2026,537 BEDOK NTH ST 3 Singapore
222867,dad718d15295cd13336546d324863d5d19d7559a2a85a5572a0664bbfb6f68ed,2026-09-03 13:40:53,2026-08,BEDOK,3 ROOM,501,BEDOK NTH ST 3,04 TO 06,59.0,Improved,1978,50 years 09 months,365000,0.06079271,17621,2026,501 BEDOK NTH ST 3 Singapore
222868,f8bdb430b9e0504417d6a368a90a802efedccdeaebe0bfb368121e30e3def55c,2026-09-03 13:40:53,2026-08,BEDOK,3 ROOM,525,BEDOK NTH ST 3,10 TO 12,67.0,New Generation,1979,52 years,400000,0.06079271,17621,2026,525 BEDOK NTH ST 3 Singapore
222869,0a7f005e85b3ff11d3da30fefe44ab8213922ddacba7663a3da6d2de7ee5023b,2026-09-03 13:40:53,2026-08,BEDOK,3 ROOM,533,BEDOK NTH ST 3,04 TO 06,68.0,New Generation,1980,52 years 06 months,398000,0.06079271,17621,2026,533 BEDOK NTH ST 3 Singapore
222870,c3742d2b332dc22dea1762179b67f350beffc410837fe1a7f69e19ed3f1d53a7,2026-09-03 13:40:53,2026-08,BEDOK,3 ROOM,501,BEDOK NTH ST 3,04 TO 06,59.0,Improved,1978,50 years 09 months,330000,0.06079271,17621,2026,501 BEDOK NTH ST 3 Singapore
222871,d17f67ed3ff296e60045b28676609741e386794454e511748e2402d242c1b92b,2026-09-03 13:40:53,2026-09,BEDOK,3 ROOM,526,BEDOK NTH ST 3,10 TO 12,67.0,New Generation,1979,51 years 11 months,415000,0.06079271,17621,2026,526 BEDOK NTH ST 3 Singapore
222872,8d69e284a1d3d66ba256ffdfd4c6c8a97bb13c99f6d4fc10dae22e67e4bb5551,2026-09-03 13:40:53,2026-09,BEDOK,3 ROOM,542,BEDOK NTH ST 3,04 TO 06,67.0,New Generation,1985,58 years 01 month,425000,0.06079271,17621,2026,542 BEDOK NTH ST 3 Singapore
222873,28ddde6a8b34b6d45fcd11d0e685548746172c73781d21f98c9fb935fe7dd188,2026-09-03 13:40:53,2026-09,BEDOK,3 ROOM,542,BEDOK NTH ST 3,10 TO 12,67.0,New Generation,1985,58 years 01 month,416000,0.06079271,17621,2026,542 BEDOK NTH ST 3 Singapore
222874,ad552477c06fb97fb2f4b3f4e598a593d5985a74a9244a56680ca69a22d1a5db,2026-09-03 13:40:53,2026-01,BEDOK,3 ROOM,188C,BEDOK NTH ST 4,04 TO 06,68.0,Model A,2020,93 years 01 month,610000,0.06079271,17621,2026,188C BEDOK NTH ST 4 Singapore
222875,ca197dc15fbb9be3d059f84f98cb76e933a359533eda65d91823b23d994c39e2,2026-09-03 13:40:53,2026-01,BEDOK,3 ROOM,84,BEDOK NTH ST 4,04 TO 06,67.0,New Generation,1978,51 years 03 months,385000,0.06079271,17621,2026,84 BEDOK NTH ST 4 Singapore
222876,f83e4a27db2dbe663a5892bbd9057bbd81bdea5fd3bd4427957d087f37ddbd49,2026-09-03 13:40:53,2026-06,BEDOK,3 ROOM,188C,BEDOK NTH ST 4,10 TO 12,68.0,Model A,2020,92 years 08 months,620000,0.06079271,17621,2026,188C BEDOK NTH ST 4 Singapore
222877,ca22900900ad93dbfec5245c0fe6c2db2d500a072b5e2dd36302c9c4b56f13b5,2026-09-03 13:40:53,2026-07,BEDOK,3 ROOM,89,BEDOK NTH ST 4,01 TO 03,67.0,New Generation,1978,50 years 09 months,400888,0.06079271,17621,2026,89 BEDOK NTH ST 4 Singapore
222878,394baeb25ab184662df50e5626b29142b292e30e49396af9e712554304732d8b,2026-09-03 13:40:53,2026-07,BEDOK,3 ROOM,186B,BEDOK NTH ST 4,04 TO 06,68.0,Model A,2018,91 years 06 months,620000,0.06079271,17621,2026,186B BEDOK NTH ST 4 Singapore
222879,24828cd4ece9df79eadedbf6bd2128e8b3cfef3a9586ae711a68f0ad3fb0f024,2026-09-03 13:40:53,2026-08,BEDOK,3 ROOM,188C,BEDOK NTH ST 4,04 TO 06,68.0,Model A,2020,92 years 05 months,610000,0.06079271,17621,2026,188C BEDOK NTH ST 4 Singapore
222880,b1558e5bed32b6ca6245b788f60251712f993829f45684d4899d22c5f757f70c,2026-09-03 13:40:53,2026-09,BEDOK,3 ROOM,188A,BEDOK NTH ST 4,13 TO 15,68.0,Model A,2018,91 years 04 months,628000,0.06079271,17621,2026,188A BEDOK NTH ST 4 Singapore
222881,b1278ea1a83806bb00f0bbd92b8566e538301fe1569629388cbb43efa379305a,2026-09-03 13:40:53,2026-04,BEDOK,3 ROOM,748C,BEDOK RESERVOIR CRES,10 TO 12,66.0,DBSS,2014,87 years 06 months,660000,0.06079271,17621,2026,748C BEDOK RESERVOIR CRES Singapore
222882,5b92f88624b5f05767a853e0f4edebde9e6038fceee5e07c6ac10b1e8901c30a,2026-09-03 13:40:53,2026-04,BEDOK,3 ROOM,748B,BEDOK RESERVOIR CRES,04 TO 06,67.0,DBSS,2014,87 years 05 months,668000,0.06079271,17621,2026,748B BEDOK RESERVOIR CRES Singapore
222883,51d80f445adb7f6ebdd69f58bd39ffdbd1cd43e16185abba844bf1e594e51169,2026-09-03 13:40:53,2026-06,BEDOK,3 ROOM,748B,BEDOK RESERVOIR CRES,04 TO 06,67.0,DBSS,2014,87 years 03 months,653000,0.06079271,17621,2026,748B BEDOK RESERVOIR CRES Singapore
222884,edf987ad34628ae000d662b370f378409f5e3239ca7601ff800ce0585cf2042f,2026-09-03 13:40:53,2026-07,BEDOK,3 ROOM,748A,BEDOK RESERVOIR CRES,04 TO 06,66.0,DBSS,2014,87 years 02 months,652500,0.06079271,17621,2026,748A BEDOK RESERVOIR CRES Singapore
222885,6399660d46ddd3f8503336094fbebfb7ace5e22027ce74e2b5b1603fa14a876e,2026-09-03 13:40:53,2026-01,BEDOK,3 ROOM,136,BEDOK RESERVOIR RD,04 TO 06,64.0,Simplified,1988,61 years 05 months,450000,0.06079271,17621,2026,136 BEDOK RESERVOIR RD Singapore
222886,e7e0a6356def50b3c6e8ab883b6933e35a2dfe93f5b5c4c0e1f60e237838484c,2026-09-03 13:40:53,2026-01,BEDOK,3 ROOM,138,BEDOK RESERVOIR RD,04 TO 06,64.0,Simplified,1986,59 years 11 months,400000,0.06079271,17621,2026,138 BEDOK RESERVOIR RD Singapore
222887,eb9bcd723d82eb09c03225ec4421e94d4eac5380f5a0a8a8579333f668d3e0c5,2026-09-03 13:40:53,2026-01,BEDOK,3 ROOM,108,BEDOK RESERVOIR RD,04 TO 06,67.0,New Generation,1985,58 years 08 months,425000,0.06079271,17621,2026,108 BEDOK RESERVOIR RD Singapore
222888,8feb74ab9aece8393e78b8a2c2829e090274c2e144deafb1e34919c9f4a011a4,2026-09-03 13:40:53,2026-01,BEDOK,3 ROOM,618,BEDOK RESERVOIR RD,07 TO 09,69.0,Improved,1986,59 years 03 months,428000,0.06079271,17621,2026,618 BEDOK RESERVOIR RD Singapore
222889,e1036b2349168ee0592423b0349598e638885dd1ffe720694d0e067d4eda11a4,2026-09-03 13:40:53,2026-01,BEDOK,3 ROOM,136,BEDOK RESERVOIR RD,07 TO 09,64.0,Simplified,1988,61 years 05 months,459000,0.06079271,17621,2026,136 BEDOK RESERVOIR RD Singapore
222890,2031cd55b1423496e4e5048180fb0f955a81c26ce0f685b8e5e020115c3917d3,2026-09-03 13:40:53,2026-01,BEDOK,3 ROOM,121,BEDOK RESERVOIR RD,07 TO 09,67.0,New Generation,1985,58 years 07 months,451000,0.06079271,17621,2026,121 BEDOK RESERVOIR RD Singapore
222891,34c0ac856b142bfa67f3e358b7fa7b3694a515c602a1974a5796c2bfc567b63a,2026-09-03 13:40:53,2026-01,BEDOK,3 ROOM,614,BEDOK RESERVOIR RD,01 TO 03,67.0,New Generation,1981,54 years 06 months,395000,0.06079271,17621,2026,614 BEDOK RESERVOIR RD Singapore
222892,3e267efd4fa4e4541c0e18bcd6520224a08949ef4a0a3421764aea0eb1b73bb1,2026-09-03 13:40:53,2026-01,BEDOK,3 ROOM,121,BEDOK RESERVOIR RD,07 TO 09,67.0,New Generation,1985,58 years 08 months,460000,0.06079271,17621,2026,121 BEDOK RESERVOIR RD Singapore
222893,d2d9030f8a54076a79d5921eb778fc5b7bd2a6a0138fe636118c300e5403ec2f,2026-09-03 13:40:53,2026-01,BEDOK,3 ROOM,103,BEDOK RESERVOIR RD,07 TO 09,67.0,New Generation,1985,58 years 05 months,448888,0.06079271,17621,2026,103 BEDOK RESERVOIR RD Singapore
222894,c25203428f4c7fdd4e49029451f8bce889f0613b667e502537249ab96371652e,2026-09-03 13:40:53,2026-01,BEDOK,3 ROOM,105,BEDOK RESERVOIR RD,10 TO 12,67.0,New Generation,1985,58 years 07 months,440000,0.06079271,17621,2026,105 BEDOK RESERVOIR RD Singapore
222895,7177126603d9802ce83e6b102d0848cfba958882d96f2989a2d66d730c0e604c,2026-09-03 13:40:53,2026-02,BEDOK,3 ROOM,127,BEDOK RESERVOIR RD,01 TO 03,64.0,Simplified,1986,59 years 11 months,425000,0.06079271,17621,2026,127 BEDOK RESERVOIR RD Singapore
222896,e984227d9fdaa168e325296924b933a0011c459cdbd685f9ff53b3f2d1d10756,2026-09-03 13:40:53,2026-02,BEDOK,3 ROOM,619,BEDOK RESERVOIR RD,01 TO 03,68.0,New Generation,1981,54 years 02 months,400000,0.06079271,17621,2026,619 BEDOK RESERVOIR RD Singapore
222897,4fae7bafbe8b78063068ce0b8b948272e2f2e54d33ca7217f16ecfe5b15d7d1e,2026-09-03 13:40:53,2026-02,BEDOK,3 ROOM,126,BEDOK RESERVOIR RD,01 TO 03,70.0,Simplified,1987,60 years 03 months,475000,0.06079271,17621,2026,126 BEDOK RESERVOIR RD Singapore
222898,c114e51ea496e4f26e46d4e7e14a9ebe090fa9690e513c62616a5286e9cac4cf,2026-09-03 13:40:53,2026-02,BEDOK,3 ROOM,616,BEDOK RESERVOIR RD,04 TO 06,68.0,New Generation,1982,55 years 04 months,420000,0.06079271,17621,2026,616 BEDOK RESERVOIR RD Singapore
222899,2c5ffbc1bc7fbfb2c3d0574746a8a704485d902361bd3ff3a59084879aff244e,2026-09-03 13:40:53,2026-02,BEDOK,3 ROOM,712,BEDOK RESERVOIR RD,01 TO 03,68.0,New Generation,1981,54 years 06 months,401000,0.06079271,17621,2026,712 BEDOK RESERVOIR RD Singapore
222900,6253e1aa86f823ff68242950125a8d30a323c08f55816587c78eea09568ccd5b,2026-09-03 13:40:53,2026-02,BEDOK,3 ROOM,108,BEDOK RESERVOIR RD,04 TO 06,67.0,New Generation,1985,58 years 06 months,400000,0.06079271,17621,2026,108 BEDOK RESERVOIR RD Singapore
222901,54e42bc90fe1b32125b88740c70b68a48735dafb6639952e4f38107c68a660db,2026-09-03 13:40:53,2026-03,BEDOK,3 ROOM,117,BEDOK RESERVOIR RD,04 TO 06,70.0,New Generation,1985,58 years 05 months,450000,0.06079271,17621,2026,117 BEDOK RESERVOIR RD Singapore
222902,3f9ef77de1849eb79fd632f19c802cb908f00f4e09c5139022fe102ee979aee7,2026-09-03 13:40:53,2026-03,BEDOK,3 ROOM,117,BEDOK RESERVOIR RD,10 TO 12,67.0,New Generation,1985,58 years 05 months,452888,0.06079271,17621,2026,117 BEDOK RESERVOIR RD Singapore
222903,3b1e2663af5a919ae82c4d8cc254eefcbd466249912b89f62319ca7f10638afe,2026-09-03 13:40:53,2026-03,BEDOK,3 ROOM,620,BEDOK RESERVOIR RD,04 TO 06,68.0,Improved,1986,59 years 06 months,445000,0.06079271,17621,2026,620 BEDOK RESERVOIR RD Singapore
222904,94d3dc435753e0a737ca1ec8a7d66305251b9b7d79f2ae0c37422562c9d51296,2026-09-03 13:40:53,2026-03,BEDOK,3 ROOM,620,BEDOK RESERVOIR RD,07 TO 09,60.0,Improved,1986,59 years 05 months,405000,0.06079271,17621,2026,620 BEDOK RESERVOIR RD Singapore
222905,52a968a4e10f8f6defaaaa5e322b9beaf5bad84306113328402dd935602d2e3f,2026-09-03 13:40:53,2026-03,BEDOK,3 ROOM,105,BEDOK RESERVOIR RD,10 TO 12,67.0,New Generation,1985,58 years 05 months,418000,0.06079271,17621,2026,105 BEDOK RESERVOIR RD Singapore
222906,ef2e4dde9538e0e6c5fc50dddc36da4a5715e28c4eed7c9bf0ff26a30eca09c5,2026-09-03 13:40:53,2026-03,BEDOK,3 ROOM,614,BEDOK RESERVOIR RD,07 TO 09,67.0,New Generation,1981,54 years 04 months,420000,0.06079271,17621,2026,614 BEDOK RESERVOIR RD Singapore
222907,a756768ce9045ab1aeab43217d48af4e46add68a54cfd61dacd327330b15d0fe,2026-09-03 13:40:53,2026-04,BEDOK,3 ROOM,150,BEDOK RESERVOIR RD,07 TO 09,63.0,Simplified,1988,61 years 04 months,456000,0.06079271,17621,2026,150 BEDOK RESERVOIR RD Singapore
222908,5e6495dd1edc4771a057a7f5b16df0fddec450d234a445e43300844dd5c6f2e0,2026-09-03 13:40:53,2026-04,BEDOK,3 ROOM,619,BEDOK RESERVOIR RD,04 TO 06,68.0,New Generation,1981,53 years 11 months,413888,0.06079271,17621,2026,619 BEDOK RESERVOIR RD Singapore
222909,cfa184111f5fd1c8b9b2c16a51f33fb90b45436b990a42fb5ab16fc76cfcbce0,2026-09-03 13:40:53,2026-05,BEDOK,3 ROOM,617,BEDOK RESERVOIR RD,04 TO 06,60.0,Improved,1986,58 years 10 months,375000,0.06079271,17621,2026,617 BEDOK RESERVOIR RD Singapore
222910,82ade279eefec1d351fca6198e1a45299289802844ca26700438e8ded0360d71,2026-09-03 13:40:53,2026-05,BEDOK,3 ROOM,609,BEDOK RESERVOIR RD,04 TO 06,67.0,New Generation,1982,55 years 03 months,445000,0.06079271,17621,2026,609 BEDOK RESERVOIR RD Singapore
222911,d63044c535dec8602318e9df2b3bcee687dd5303d36af220b33729dcaa9ad13f,2026-09-03 13:40:53,2026-06,BEDOK,3 ROOM,617,BEDOK RESERVOIR RD,04 TO 06,60.0,Improved,1986,58 years 09 months,388000,0.06079271,17621,2026,617 BEDOK RESERVOIR RD Singapore
222912,cd2c95d59dcc96fc1720b585f12cc0a6753582b777a66a73473c4a6ed303eac7,2026-09-03 13:40:53,2026-06,BEDOK,3 ROOM,139,BEDOK RESERVOIR RD,07 TO 09,64.0,Simplified,1988,60 years 11 months,454000,0.06079271,17621,2026,139 BEDOK RESERVOIR RD Singapore
222913,dec85a7d95d86c7656f2157ed223c8395818eb87a386d08613891f69c2b30bef,2026-09-03 13:40:53,2026-06,BEDOK,3 ROOM,151,BEDOK RESERVOIR RD,10 TO 12,63.0,Simplified,1988,61 years 04 months,466888,0.06079271,17621,2026,151 BEDOK RESERVOIR RD Singapore
222914,6b0d1cba2b678936a7d9e9a064dc2d1c017bde43bda41d68f45cbda8e2429e4e,2026-09-03 13:40:53,2026-06,BEDOK,3 ROOM,620,BEDOK RESERVOIR RD,01 TO 03,60.0,Improved,1986,59 years 03 months,395000,0.06079271,17621,2026,620 BEDOK RESERVOIR RD Singapore
222915,c5eb2344320521903b2d4b39ed25f8860d9625387fa0e30f8751ed5c7cfaf5c5,2026-09-03 13:40:53,2026-06,BEDOK,3 ROOM,127,BEDOK RESERVOIR RD,01 TO 03,64.0,Simplified,1986,59 years 07 months,410000,0.06079271,17621,2026,127 BEDOK RESERVOIR RD Singapore
222916,d50ba358bca3e7a32cdd08ea91dcb31c5c3eebbb4438d314b428212acfe3cca9,2026-09-03 13:40:53,2026-06,BEDOK,3 ROOM,704,BEDOK RESERVOIR RD,04 TO 06,68.0,New Generation,1981,54 years 02 months,400000,0.06079271,17621,2026,704 BEDOK RESERVOIR RD Singapore
222917,3fcb50e4ad70a5cee2a3e48d9102e2b2987075a32ebd5a2c0e6645f59eeab814,2026-09-03 13:40:53,2026-06,BEDOK,3 ROOM,616,BEDOK RESERVOIR RD,07 TO 09,68.0,New Generation,1982,55 years,412500,0.06079271,17621,2026,616 BEDOK RESERVOIR RD Singapore
222918,032553dc31fe72eaebfbb5e6000c3c9239076ab45fe794361815778a8ec91f39,2026-09-03 13:40:53,2026-06,BEDOK,3 ROOM,116,BEDOK RESERVOIR RD,04 TO 06,67.0,New Generation,1986,58 years 09 months,428888,0.06079271,17621,2026,116 BEDOK RESERVOIR RD Singapore
222919,9373326d2e3f34a7d8a96d9681a3361959fe63aa96e7b6091a6f3d620e628b04,2026-09-03 13:40:53,2026-06,BEDOK,3 ROOM,620,BEDOK RESERVOIR RD,07 TO 09,68.0,Improved,1986,59 years 02 months,433000,0.06079271,17621,2026,620 BEDOK RESERVOIR RD Singapore
222920,cfa746f2ddcaa0fed0662841dc1058259cfe94ea3b9f9d678fd8a1940a63c7bd,2026-09-03 13:40:53,2026-07,BEDOK,3 ROOM,144,BEDOK RESERVOIR RD,01 TO 03,64.0,Simplified,1987,59 years 08 months,430000,0.06079271,17621,2026,144 BEDOK RESERVOIR RD Singapore
222921,c0fab344ad6c172d34af6e1a808caaf626412cf4bc2e1c64dfe4ada682355c52,2026-09-03 13:40:53,2026-07,BEDOK,3 ROOM,610,BEDOK RESERVOIR RD,01 TO 03,67.0,New Generation,1982,55 years 01 month,400000,0.06079271,17621,2026,610 BEDOK RESERVOIR RD Singapore
222922,1c7175d1a22d76e0dd35f34abb447e8766c7ac2c2616f4624ff6f81f3c14a1cb,2026-09-03 13:40:53,2026-07,BEDOK,3 ROOM,744,BEDOK RESERVOIR RD,04 TO 06,82.0,New Generation,1986,59 years 01 month,505000,0.06079271,17621,2026,744 BEDOK RESERVOIR RD Singapore
222923,dc72bb0415c5b9d6435fa0dc2934156d02a26ef4147ce0de3fa8542147981ee9,2026-09-03 13:40:53,2026-07,BEDOK,3 ROOM,704,BEDOK RESERVOIR RD,01 TO 03,82.0,New Generation,1981,54 years 01 month,470000,0.06079271,17621,2026,704 BEDOK RESERVOIR RD Singapore
222924,43bae3fbb16c55daca9fec2d9b9e8167f913aeadb9f0356b1ac75f39e95ad929,2026-09-03 13:40:53,2026-07,BEDOK,3 ROOM,608,BEDOK RESERVOIR RD,10 TO 12,67.0,New Generation,1982,55 years 01 month,390000,0.06079271,17621,2026,608 BEDOK RESERVOIR RD Singapore
222925,e8c11c907745220fbaca24c2fa6c1e5bcc616447138b6e823bb9296e4168552a,2026-09-03 13:40:53,2026-07,BEDOK,3 ROOM,744,BEDOK RESERVOIR RD,04 TO 06,67.0,New Generation,1986,59 years 01 month,443000,0.06079271,17621,2026,744 BEDOK RESERVOIR RD Singapore
222926,d2ae34c9fa3c5771cc81ded5b334776eca6b6cadb4167c99e244de155671bd7d,2026-09-03 13:40:53,2026-07,BEDOK,3 ROOM,150,BEDOK RESERVOIR RD,07 TO 09,63.0,Simplified,1988,61 years 01 month,475000,0.06079271,17621,2026,150 BEDOK RESERVOIR RD Singapore
222927,d43032b494ed160e7f7a953b3b540fd5e36b92c00c9f9b7568a3d7dc31e4bc7d,2026-09-03 13:40:53,2026-07,BEDOK,3 ROOM,703,BEDOK RESERVOIR RD,04 TO 06,68.0,New Generation,1980,53 years 04 months,405000,0.06079271,17621,2026,703 BEDOK RESERVOIR RD Singapore
222928,b76801125ba22070695ee2277289dfe9079a58275fedc490bdc48526de297898,2026-09-03 13:40:53,2026-08,BEDOK,3 ROOM,606,BEDOK RESERVOIR RD,04 TO 06,67.0,New Generation,1982,54 years 10 months,420000,0.06079271,17621,2026,606 BEDOK RESERVOIR RD Singapore
222929,0ec1c6f3b26feb5c0fd7612f1f349c4c1af6b5361e507d61296a571fe2220d74,2026-09-03 13:40:53,2026-08,BEDOK,3 ROOM,136,BEDOK RESERVOIR RD,04 TO 06,64.0,Simplified,1988,60 years 10 months,440000,0.06079271,17621,2026,136 BEDOK RESERVOIR RD Singapore
222930,d27e3d1fcbc97dd446a089b700ff87a43b22707b775a27570ee1441f39bc6afc,2026-09-03 13:40:53,2026-08,BEDOK,3 ROOM,105,BEDOK RESERVOIR RD,04 TO 06,70.0,New Generation,1985,58 years 01 month,400000,0.06079271,17621,2026,105 BEDOK RESERVOIR RD Singapore
222931,bf17a6a0e4deb2e72fbfba8871b586fc0a0480921ae50c0006a964a109552c4d,2026-09-03 13:40:53,2026-08,BEDOK,3 ROOM,105,BEDOK RESERVOIR RD,07 TO 09,70.0,New Generation,1985,58 years 01 month,435000,0.06079271,17621,2026,105 BEDOK RESERVOIR RD Singapore
222932,054345629b8fc27b70f76fa1b0eadac07292a39bc3567bbe1cd55a5944d9f000,2026-09-03 13:40:53,2026-08,BEDOK,3 ROOM,619,BEDOK RESERVOIR RD,01 TO 03,68.0,New Generation,1981,53 years 08 months,405000,0.06079271,17621,2026,619 BEDOK RESERVOIR RD Singapore
222933,04c4e3018d1a6921e9812ae29b17d45b6ecfe32c40c942be30aa723437e5399f,2026-09-03 13:40:53,2026-08,BEDOK,3 ROOM,712,BEDOK RESERVOIR RD,01 TO 03,68.0,New Generation,1981,53 years 11 months,405000,0.06079271,17621,2026,712 BEDOK RESERVOIR RD Singapore
222934,8205bd0c369f8f71f1e973b09094313badaab6748a0e48402ac4cf886dbd5734,2026-09-03 13:40:53,2026-08,BEDOK,3 ROOM,620,BEDOK RESERVOIR RD,04 TO 06,68.0,Improved,1986,59 years 01 month,435000,0.06079271,17621,2026,620 BEDOK RESERVOIR RD Singapore
222935,3c2759233e4c33cb162d6dfa8d67c1c0a452650e450ead03585cbaedd869510c,2026-09-03 13:40:53,2026-08,BEDOK,3 ROOM,609,BEDOK RESERVOIR RD,04 TO 06,67.0,New Generation,1982,54 years 11 months,420000,0.06079271,17621,2026,609 BEDOK RESERVOIR RD Singapore
222936,2fb7eb6c64d82d42f0179a9137b178f1365c1ab5e307fbee1676291589bce824,2026-09-03 13:40:53,2026-01,BEDOK,3 ROOM,2,BEDOK STH AVE 1,10 TO 12,65.0,Improved,1976,49 years 01 month,400000,0.06079271,17621,2026,2 BEDOK STH AVE 1 Singapore
222937,b2b5540f8b97aa2f22f304535aabe9cf2e152b729c550bfb5af454e3fbb579d9,2026-09-03 13:40:53,2026-01,BEDOK,3 ROOM,23,BEDOK STH AVE 1,10 TO 12,73.0,New Generation,1977,50 years 04 months,485000,0.06079271,17621,2026,23 BEDOK STH AVE 1 Singapore
222938,bf42039c8de9f19e4b9abda7f9aab90295e9a26c2bafb91dfbd868eae2508f60,2026-09-03 13:40:53,2026-02,BEDOK,3 ROOM,22,BEDOK STH AVE 1,10 TO 12,73.0,New Generation,1977,50 years 04 months,439000,0.06079271,17621,2026,22 BEDOK STH AVE 1 Singapore
222939,1f8996fe219196ce0d44d33c72021d506cc03cb0cbfdf5804201dc1c2716cde7,2026-09-03 13:40:53,2026-02,BEDOK,3 ROOM,2,BEDOK STH AVE 1,13 TO 15,65.0,Improved,1976,49 years,416888,0.06079271,17621,2026,2 BEDOK STH AVE 1 Singapore
222940,dba471716571acde24472d9c6ad16156cf70a3709ed98acd7f7d0daae599910a,2026-09-03 13:40:53,2026-03,BEDOK,3 ROOM,2,BEDOK STH AVE 1,07 TO 09,65.0,Improved,1976,48 years 11 months,400000,0.06079271,17621,2026,2 BEDOK STH AVE 1 Singapore
222941,fb3608484ccb34a813578a6aac559ddb2188f7ddf6699e15cdff1b27035969cb,2026-09-03 13:40:53,2026-03,BEDOK,3 ROOM,1,BEDOK STH AVE 1,07 TO 09,59.0,Improved,1976,48 years 11 months,388000,0.06079271,17621,2026,1 BEDOK STH AVE 1 Singapore
222942,f6d8c15f67a18777c11db67bb80c065ec9fe2a823c8aeed9a8fb6c400389828b,2026-09-03 13:40:53,2026-04,BEDOK,3 ROOM,4,BEDOK STH AVE 1,04 TO 06,73.0,Improved,1976,48 years 10 months,417500,0.06079271,17621,2026,4 BEDOK STH AVE 1 Singapore
222943,f13e38103e8d89e6ddbcabb1d6ff25fce36a20603d2e36b4e42554a88a3f6457,2026-09-03 13:40:53,2026-04,BEDOK,3 ROOM,23,BEDOK STH AVE 1,04 TO 06,73.0,New Generation,1977,50 years 01 month,465000,0.06079271,17621,2026,23 BEDOK STH AVE 1 Singapore
222944,3e51b2c01fe700846d78e93515a006d684a192b41b64db986279132b69cf1993,2026-09-03 13:40:53,2026-05,BEDOK,3 ROOM,3,BEDOK STH AVE 1,04 TO 06,59.0,Improved,1976,48 years 09 months,345000,0.06079271,17621,2026,3 BEDOK STH AVE 1 Singapore
222945,ca2f9ae1fbfa5745f92b28d206479271af4ca1a8ddb39f43ea353a6298b3b274,2026-09-03 13:40:53,2026-05,BEDOK,3 ROOM,2,BEDOK STH AVE 1,04 TO 06,65.0,Improved,1976,48 years 09 months,410000,0.06079271,17621,2026,2 BEDOK STH AVE 1 Singapore
222946,6e41ee0231872d0e5e7121de6a25f1f69bc9838312f413bc9fd8857f761600b6,2026-09-03 13:40:53,2026-05,BEDOK,3 ROOM,3,BEDOK STH AVE 1,13 TO 15,59.0,Improved,1976,48 years 09 months,390000,0.06079271,17621,2026,3 BEDOK STH AVE 1 Singapore
222947,3642292d8cf168e4492551c0eeec8f8a056e81d4c7445e430ed6e2b8f4834eba,2026-09-03 13:40:53,2026-05,BEDOK,3 ROOM,2,BEDOK STH AVE 1,04 TO 06,65.0,Improved,1976,48 years 08 months,385000,0.06079271,17621,2026,2 BEDOK STH AVE 1 Singapore
222948,1777d2868902fea6c3bb9cdeabf20436b76be0587e82e9a3fea2b2c03f262319,2026-09-03 13:40:53,2026-06,BEDOK,3 ROOM,4,BEDOK STH AVE 1,10 TO 12,65.0,Improved,1976,48 years 08 months,385000,0.06079271,17621,2026,4 BEDOK STH AVE 1 Singapore
222949,9d543cca321ddfea7bab4c7b76f960e7c04260fc81c07750fdbd52be580c028a,2026-09-03 13:40:53,2026-07,BEDOK,3 ROOM,22,BEDOK STH AVE 1,07 TO 09,73.0,New Generation,1977,49 years 11 months,455000,0.06079271,17621,2026,22 BEDOK STH AVE 1 Singapore
222950,609ca673a899cd9d890442152599dd803ea79e2ee0434fd0140a95f78479c2f2,2026-09-03 13:40:53,2026-08,BEDOK,3 ROOM,3,BEDOK STH AVE 1,04 TO 06,59.0,Improved,1976,48 years 05 months,400000,0.06079271,17621,2026,3 BEDOK STH AVE 1 Singapore
222951,d8d01b464dc0ff4c19da38c35e4d40e5673c898aa19102c4acdaad0960102b70,2026-09-03 13:40:53,2026-05,BEDOK,3 ROOM,33,BEDOK STH AVE 2,10 TO 12,88.0,New Generation,1978,50 years 11 months,513000,0.06079271,17621,2026,33 BEDOK STH AVE 2 Singapore
222952,da653923a30158d8307a9020c2ddc39500340b8e3cb7a7d92fb0234e6b7bb629,2026-09-03 13:40:53,2026-04,BEDOK,3 ROOM,69,BEDOK STH AVE 3,07 TO 09,67.0,New Generation,1978,50 years 10 months,400000,0.06079271,17621,2026,69 BEDOK STH AVE 3 Singapore
222953,ef3f60885f6574236d9dc5491624922a66582df32e39fe0cf13bb23d2f54ce46,2026-09-03 13:40:53,2026-06,BEDOK,3 ROOM,69,BEDOK STH AVE 3,04 TO 06,67.0,New Generation,1978,50 years 08 months,370000,0.06079271,17621,2026,69 BEDOK STH AVE 3 Singapore
222954,e7fbd07748e9e43bbd9a37b592a43217e24c96920f9762b0dbaf26275949f4c5,2026-09-03 13:40:53,2026-03,BEDOK,3 ROOM,18,BEDOK STH RD,13 TO 15,65.0,Improved,1976,48 years 10 months,420000,0.06079271,17621,2026,18 BEDOK STH RD Singapore
222955,56c5320803a48f56f5081878e099c7c320ce91c4dd7b7a38b7a8d62115037a09,2026-09-03 13:40:53,2026-05,BEDOK,3 ROOM,70,BEDOK STH RD,10 TO 12,67.0,New Generation,1978,50 years 09 months,394000,0.06079271,17621,2026,70 BEDOK STH RD Singapore
222956,640c90fa4fc54a8faeae94e49317f1ea62360c0dc7041b4dfafe8a51d1b96542,2026-09-03 13:40:53,2026-05,BEDOK,3 ROOM,40,BEDOK STH RD,07 TO 09,67.0,New Generation,1978,51 years 05 months,365000,0.06079271,17621,2026,40 BEDOK STH RD Singapore
222957,bde0b9217eb26abc7863113063908b08564eda084abb894adf7e2dbc0bf764ec,2026-09-03 13:40:53,2026-05,BEDOK,3 ROOM,71,BEDOK STH RD,16 TO 18,67.0,New Generation,1978,50 years 10 months,390000,0.06079271,17621,2026,71 BEDOK STH RD Singapore
222958,e437c320cb16a0210203bc269868ad02db2efafb27ad54592c9a512441d47500,2026-09-03 13:40:53,2026-06,BEDOK,3 ROOM,39,BEDOK STH RD,13 TO 15,82.0,New Generation,1978,51 years 04 months,480000,0.06079271,17621,2026,39 BEDOK STH RD Singapore
222959,c62bf657c55628245a307f15e1a4d703a2df07b87d48e3d86300bc6a87acef77,2026-09-03 13:40:53,2026-07,BEDOK,3 ROOM,18,BEDOK STH RD,13 TO 15,65.0,Improved,1976,48 years 08 months,392000,0.06079271,17621,2026,18 BEDOK STH RD Singapore
222960,979e273abfec36da1db5fb47010831645f383ab9128ab6f0ea45fabc5f908d70,2026-09-03 13:40:53,2026-07,BEDOK,3 ROOM,71,BEDOK STH RD,07 TO 09,67.0,New Generation,1978,50 years 07 months,408000,0.06079271,17621,2026,71 BEDOK STH RD Singapore
222961,2f0fb8362ce238b8470ccbb102b4dd9f4d9f9c92e8799ee52cb851ab9c4dc4fd,2026-09-03 13:40:53,2026-07,BEDOK,3 ROOM,39,BEDOK STH RD,13 TO 15,67.0,New Generation,1978,51 years 03 months,403000,0.06079271,17621,2026,39 BEDOK STH RD Singapore
222962,cdad82020d5394995bbfd451392fe47437da05239be617c7c82bc05a890b43db,2026-09-03 13:40:53,2026-07,BEDOK,3 ROOM,18,BEDOK STH RD,04 TO 06,65.0,Improved,1976,48 years 07 months,381000,0.06079271,17621,2026,18 BEDOK STH RD Singapore
222963,940a6241dccf5cb2667153aed5795a4dd78cc44e9d8834e9d100394f689f9053,2026-09-03 13:40:53,2026-07,BEDOK,3 ROOM,71,BEDOK STH RD,04 TO 06,67.0,New Generation,1978,50 years 07 months,383000,0.06079271,17621,2026,71 BEDOK STH RD Singapore
222964,2b9dd1ad1871503c23dd2cae75b181335325fbc88af396a487bb9c37b91ec620,2026-09-03 13:40:53,2026-07,BEDOK,3 ROOM,40,BEDOK STH RD,04 TO 06,67.0,New Generation,1978,51 years 02 months,365000,0.06079271,17621,2026,40 BEDOK STH RD Singapore
222965,2757415097e5966be4545a6c2be31c314cbcff612f10c1036f665a770337cf73,2026-09-03 13:40:53,2026-07,BEDOK,3 ROOM,18,BEDOK STH RD,07 TO 09,73.0,Improved,1976,48 years 06 months,428000,0.06079271,17621,2026,18 BEDOK STH RD Singapore
222966,6cb9fd7853c5c6cd6eb7dbeea80425e34285e3b14925001dcdee990af615e831,2026-09-03 13:40:53,2026-08,BEDOK,3 ROOM,18,BEDOK STH RD,01 TO 03,65.0,Improved,1976,48 years 06 months,365000,0.06079271,17621,2026,18 BEDOK STH RD Singapore
222967,1f1987a71a38e948c7088d2c0adea0dba27d1b3f83082a09f1a1a5027ebeccc8,2026-09-03 13:40:53,2026-02,BEDOK,3 ROOM,40,CHAI CHEE AVE,07 TO 09,65.0,Improved,1974,47 years,380000,0.06079271,17621,2026,40 CHAI CHEE AVE Singapore
222968,a21feac9755e52c462bbc24c0c56780adfe10e40cbb78b0de27c30fd4cab734e,2026-09-03 13:40:53,2026-04,BEDOK,3 ROOM,40,CHAI CHEE AVE,01 TO 03,73.0,Improved,1974,46 years 09 months,410000,0.06079271,17621,2026,40 CHAI CHEE AVE Singapore
222969,dba7fede1992ea29bf7bbfc08f7a4e8cabceab49ef644cbc9cebd005b7066ad0,2026-09-03 13:40:53,2026-05,BEDOK,3 ROOM,32,CHAI CHEE AVE,10 TO 12,65.0,Improved,1974,46 years 09 months,385000,0.06079271,17621,2026,32 CHAI CHEE AVE Singapore
222970,12fa1e5883c56431c4e2c27dc88243eb9e7866c3640c58ea978ed86667d0baca,2026-09-03 13:40:53,2026-05,BEDOK,3 ROOM,36,CHAI CHEE AVE,01 TO 03,65.0,Improved,1974,46 years 09 months,370000,0.06079271,17621,2026,36 CHAI CHEE AVE Singapore
222971,994d06a6e3f0a9a076142b017c9e7f91ab81241da81afd7ee8d9aecc985ea3ee,2026-09-03 13:40:53,2026-06,BEDOK,3 ROOM,32,CHAI CHEE AVE,10 TO 12,65.0,Improved,1974,46 years 08 months,374888,0.06079271,17621,2026,32 CHAI CHEE AVE Singapore
222972,f0ab291031257d6b3f143199a19508c61e2bac0295567dce51067e8163071710,2026-09-03 13:40:53,2026-06,BEDOK,3 ROOM,32,CHAI CHEE AVE,04 TO 06,65.0,Improved,1974,46 years 08 months,370000,0.06079271,17621,2026,32 CHAI CHEE AVE Singapore
222973,17da492ee20e4a3e908d1cd9fd31225af3db687748bbcdfe2a010d2e1425e51d,2026-09-03 13:40:53,2026-06,BEDOK,3 ROOM,40,CHAI CHEE AVE,01 TO 03,65.0,Improved,1974,46 years 08 months,365000,0.06079271,17621,2026,40 CHAI CHEE AVE Singapore
222974,a04351ed90e9c9b6ee15bf38d576d3bcac095ba0cc25c17d85992449bfed8f43,2026-09-03 13:40:53,2026-07,BEDOK,3 ROOM,32,CHAI CHEE AVE,01 TO 03,65.0,Improved,1974,46 years 07 months,360000,0.06079271,17621,2026,32 CHAI CHEE AVE Singapore
222975,f7a30cf90ed834617ceed875d84a96afc79d5ddc71775714d269cc9bae1c8410,2026-09-03 13:40:53,2026-07,BEDOK,3 ROOM,32,CHAI CHEE AVE,13 TO 15,65.0,Improved,1974,46 years 07 months,360000,0.06079271,17621,2026,32 CHAI CHEE AVE Singapore
222976,165cd77e417567db7d4ebd132abb9353f1a493e72ac44729fd3654adae612d94,2026-09-03 13:40:53,2026-07,BEDOK,3 ROOM,37,CHAI CHEE AVE,04 TO 06,66.0,Improved,1983,55 years 11 months,412000,0.06079271,17621,2026,37 CHAI CHEE AVE Singapore
222977,393e4153f512e778b0c2d50ececc9b6304724c121bd76215b3dd94577e1eea22,2026-09-03 13:40:53,2026-02,BEDOK,3 ROOM,58,CHAI CHEE DR,10 TO 12,76.0,Model A,1983,56 years 11 months,450000,0.06079271,17621,2026,58 CHAI CHEE DR Singapore
222978,44454b2aa40ea6b036ff1b62ee39064086fa64a9e6173343521b41626ebb1f08,2026-09-03 13:40:53,2026-02,BEDOK,3 ROOM,55,CHAI CHEE DR,07 TO 09,76.0,Model A,1984,57 years 02 months,460000,0.06079271,17621,2026,55 CHAI CHEE DR Singapore
222979,afef4cbc847a0841632b4170acf1459a05f2dc4c618eead06d68cbf3f3b5be3e,2026-09-03 13:40:53,2026-04,BEDOK,3 ROOM,55,CHAI CHEE DR,07 TO 09,76.0,Model A,1984,57 years,425000,0.06079271,17621,2026,55 CHAI CHEE DR Singapore
222980,43f073a18e32d96244bdffb14bded031e4247a84cb2ffea2f7737b1af3430904,2026-09-03 13:40:53,2026-05,BEDOK,3 ROOM,55,CHAI CHEE DR,07 TO 09,80.0,Model A,1984,57 years,425000,0.06079271,17621,2026,55 CHAI CHEE DR Singapore
222981,105bd13860ff60c73c7047754ade98504c2627e6e9f78b9d46fd06323daad13c,2026-09-03 13:40:53,2026-06,BEDOK,3 ROOM,58,CHAI CHEE DR,07 TO 09,80.0,Model A,1983,56 years 06 months,450000,0.06079271,17621,2026,58 CHAI CHEE DR Singapore
222982,37725727df18d96303ea88c01ab670c697f815613aea2bb4887bcff041862282,2026-09-03 13:40:53,2026-02,BEDOK,3 ROOM,59,CHAI CHEE RD,07 TO 09,80.0,Model A,1984,57 years,450000,0.06079271,17621,2026,59 CHAI CHEE RD Singapore
222983,04cdd414fb84cccc572280d50c48e845105c19a3e9f443126ed56340591c9f9c,2026-09-03 13:40:53,2026-02,BEDOK,3 ROOM,808A,CHAI CHEE RD,04 TO 06,68.0,Model A,2016,89 years 10 months,582000,0.06079271,17621,2026,808A CHAI CHEE RD Singapore
222984,a649ae6095edf857144f2c0bfa503f0044451f26f49e9daedc98c8cbafa1e856,2026-09-03 13:40:53,2026-03,BEDOK,3 ROOM,807A,CHAI CHEE RD,07 TO 09,68.0,Model A,2016,89 years 09 months,592000,0.06079271,17621,2026,807A CHAI CHEE RD Singapore
222985,64714cc2efce4b40b66b5904c333fe3818c4c72a19eb31a3641488ef5b1c94b6,2026-09-03 13:40:53,2026-04,BEDOK,3 ROOM,20,CHAI CHEE RD,01 TO 03,65.0,Improved,1972,45 years 04 months,360000,0.06079271,17621,2026,20 CHAI CHEE RD Singapore
222986,e5d9d6f265d663186529cec2b35f8428f84caa39ee273cc0ecddde7dd52286d3,2026-09-03 13:40:53,2026-04,BEDOK,3 ROOM,19,CHAI CHEE RD,01 TO 03,65.0,Improved,1972,45 years 04 months,385000,0.06079271,17621,2026,19 CHAI CHEE RD Singapore
222987,6a8921d2f3d53d6d660b056f348965b7142ae0ab93d2856f5a9462dc6ada0273,2026-09-03 13:40:53,2026-04,BEDOK,3 ROOM,19,CHAI CHEE RD,04 TO 06,65.0,Improved,1972,45 years 04 months,355000,0.06079271,17621,2026,19 CHAI CHEE RD Singapore
222988,6e804fe63e0713ef854b99f92b6ead1684fad2bebe0bb6f8a520b3d2460c25b8,2026-09-03 13:40:53,2026-04,BEDOK,3 ROOM,59,CHAI CHEE RD,10 TO 12,80.0,Model A,1984,56 years 09 months,450000,0.06079271,17621,2026,59 CHAI CHEE RD Singapore
222989,8b789eef739aa577fddc970c679eb831ab28f21fc41e193fdf6bd905f687c213,2026-09-03 13:40:53,2026-05,BEDOK,3 ROOM,59,CHAI CHEE RD,01 TO 03,75.0,Model A,1984,56 years 09 months,438000,0.06079271,17621,2026,59 CHAI CHEE RD Singapore
222990,f2c662741297a22e55b2a2f4ddadcf2e588861759174d691d80926c6a525eb4d,2026-09-03 13:40:53,2026-06,BEDOK,3 ROOM,59,CHAI CHEE RD,10 TO 12,75.0,Model A,1984,56 years 08 months,470000,0.06079271,17621,2026,59 CHAI CHEE RD Singapore
222991,7d375d5833ca5e179dc1785f1c47c1aa9d0b8580cc6c36b6e13a8f7817df68d9,2026-09-03 13:40:53,2026-06,BEDOK,3 ROOM,21,CHAI CHEE RD,01 TO 03,65.0,Improved,1972,45 years 02 months,335000,0.06079271,17621,2026,21 CHAI CHEE RD Singapore
222992,27534a50650fc6d187bbaff4f5d3dd7b686174d7ca45b74232feba0e0e6fb802,2026-09-03 13:40:53,2026-06,BEDOK,3 ROOM,808C,CHAI CHEE RD,10 TO 12,68.0,Model A,2016,89 years 06 months,615000,0.06079271,17621,2026,808C CHAI CHEE RD Singapore
222993,275ad00f053b0ef42396f4d12b8d2329b7b76410e2e4ca7dc3b15955f4b9425a,2026-09-03 13:40:53,2026-06,BEDOK,3 ROOM,20,CHAI CHEE RD,07 TO 09,65.0,Improved,1972,45 years 02 months,325000,0.06079271,17621,2026,20 CHAI CHEE RD Singapore
222994,5bbff88f0f46c318cb62ddb79f9fd476560bee89a2b099affd91a654de6311bd,2026-09-03 13:40:53,2026-06,BEDOK,3 ROOM,808C,CHAI CHEE RD,04 TO 06,68.0,Model A,2016,89 years 06 months,620000,0.06079271,17621,2026,808C CHAI CHEE RD Singapore
222995,5e57f4002a34f4908217c01265bc497a76c9a5d4f5635fcf571b561c263a3f39,2026-09-03 13:40:53,2026-06,BEDOK,3 ROOM,807C,CHAI CHEE RD,07 TO 09,68.0,Model A,2016,89 years 06 months,600000,0.06079271,17621,2026,807C CHAI CHEE RD Singapore
222996,18aa1cb7c0f2e19845418cc5e924eeaffe7a1abf1aac8eadcec7cb6b17090136,2026-09-03 13:40:53,2026-07,BEDOK,3 ROOM,807A,CHAI CHEE RD,01 TO 03,68.0,Model A,2016,89 years 05 months,568000,0.06079271,17621,2026,807A CHAI CHEE RD Singapore
222997,ab6700194c548288fa8fc0b00b4b426ce375d89c256d2ea6bf2600c9c5f4c388,2026-09-03 13:40:53,2026-07,BEDOK,3 ROOM,19,CHAI CHEE RD,07 TO 09,75.0,Improved,1972,45 years 01 month,380000,0.06079271,17621,2026,19 CHAI CHEE RD Singapore
222998,405a8b3a63c7ea094a3ac3206e941e4bcc3ab53d4cef469e396a7f1ddaf19b2c,2026-09-03 13:40:53,2026-08,BEDOK,3 ROOM,20,CHAI CHEE RD,07 TO 09,65.0,Improved,1972,45 years,360000,0.06079271,17621,2026,20 CHAI CHEE RD Singapore
222999,fbb9e98a8646d667663773c41c2c8b1420cfb87edf57ef486a56c72ae125b751,2026-09-03 13:40:53,2026-09,BEDOK,3 ROOM,807C,CHAI CHEE RD,04 TO 06,68.0,Model A,2016,89 years 03 months,595000,0.06079271,17621,2026,807C CHAI CHEE RD Singapore
223000,0c843912ab4a218071fbac2b7cb45f8e120b09a4570ac94b79d7a8c39fd8ce93,2026-09-03 13:40:53,2026-01,BEDOK,3 ROOM,45,CHAI CHEE ST,10 TO 12,68.0,New Generation,1980,53 years 05 months,410000,0.06079271,17621,2026,45 CHAI CHEE ST Singapore
223001,0beb1bf6c320acb5788eccd15c30ff16a8dc7bfbb42cefaddec41ba2e86584da,2026-09-03 13:40:53,2026-01,BEDOK,3 ROOM,50,CHAI CHEE ST,10 TO 12,68.0,New Generation,1981,54 years 06 months,415000,0.06079271,17621,2026,50 CHAI CHEE ST Singapore
223002,3a1d36a47b4114bfc3b96a4acb5b34a5c2b4cb330510cacb87d49bea1cee1869,2026-09-03 13:40:53,2026-02,BEDOK,3 ROOM,41,CHAI CHEE ST,01 TO 03,67.0,New Generation,1985,58 years 07 months,430000,0.06079271,17621,2026,41 CHAI CHEE ST Singapore
223003,e74cecc304b4e2e18a2dca4db0c1a4260ff9196c87a24fd59c4d62b7d20c10d1,2026-09-03 13:40:53,2026-02,BEDOK,3 ROOM,54,CHAI CHEE ST,10 TO 12,68.0,New Generation,1981,54 years 04 months,418888,0.06079271,17621,2026,54 CHAI CHEE ST Singapore
223004,12cd163e4b3b6a56adbdb0063c788aaa3f668d48e7209bba4dd292e37b22a2e4,2026-09-03 13:40:53,2026-02,BEDOK,3 ROOM,44,CHAI CHEE ST,01 TO 03,68.0,New Generation,1980,53 years 04 months,395000,0.06079271,17621,2026,44 CHAI CHEE ST Singapore
223005,4395a83b7c699a5ef6c03663283cf94c5436bf108db33f83e6d35184f4b9e24a,2026-09-03 13:40:53,2026-02,BEDOK,3 ROOM,42,CHAI CHEE ST,13 TO 15,67.0,New Generation,1985,58 years 04 months,450000,0.06079271,17621,2026,42 CHAI CHEE ST Singapore
223006,e912fbcf2ab0018cf82c03d12bdb6f624af557eb3050e68c1ba7374b61e0cb2e,2026-09-03 13:40:53,2026-04,BEDOK,3 ROOM,44,CHAI CHEE ST,10 TO 12,68.0,New Generation,1980,53 years 01 month,398000,0.06079271,17621,2026,44 CHAI CHEE ST Singapore
223007,cd977d6c1b5fa2ff5f70c9de42f2225901b1ab2001e115bc88d5d5a00d325a66,2026-09-03 13:40:53,2026-05,BEDOK,3 ROOM,50,CHAI CHEE ST,10 TO 12,68.0,New Generation,1981,54 years 03 months,388888,0.06079271,17621,2026,50 CHAI CHEE ST Singapore
223008,bdcbc36dfe446a8251d7207f0e9116905ae4490f56c2bf11e6bc87130d0cafab,2026-09-03 13:40:53,2026-05,BEDOK,3 ROOM,50,CHAI CHEE ST,10 TO 12,68.0,New Generation,1981,54 years 02 months,360000,0.06079271,17621,2026,50 CHAI CHEE ST Singapore
223009,b3dafb6da2e1a29ae1b210ff2e602c891d617adb3164ea30ce6b9d817185e525,2026-09-03 13:40:53,2026-05,BEDOK,3 ROOM,44,CHAI CHEE ST,10 TO 12,68.0,New Generation,1980,53 years,426000,0.06079271,17621,2026,44 CHAI CHEE ST Singapore
223010,25423f8be7e841842c0e6e7ebaaa200081e88c1cb36c099d8e747984617cf87c,2026-09-03 13:40:53,2026-05,BEDOK,3 ROOM,41,CHAI CHEE ST,01 TO 03,82.0,New Generation,1985,58 years 02 months,470000,0.06079271,17621,2026,41 CHAI CHEE ST Singapore
223011,028dec2f574c21b8a85b949c1749436356d96b7c5b7d8df5230dd20362ffc4e3,2026-09-03 13:40:53,2026-06,BEDOK,3 ROOM,44,CHAI CHEE ST,10 TO 12,68.0,New Generation,1980,53 years,410000,0.06079271,17621,2026,44 CHAI CHEE ST Singapore
223012,b245a78ac644c1445375c24d9cbb5db10b4185ed0efbcc88403c1abea9f6efbe,2026-09-03 13:40:53,2026-06,BEDOK,3 ROOM,44,CHAI CHEE ST,10 TO 12,68.0,New Generation,1980,52 years 11 months,390000,0.06079271,17621,2026,44 CHAI CHEE ST Singapore
223013,a445632600dc1ae194d495a07754e5828db77e4855dcdb95bafdadee36ad8bc8,2026-09-03 13:40:53,2026-07,BEDOK,3 ROOM,50,CHAI CHEE ST,04 TO 06,68.0,New Generation,1981,54 years 01 month,393000,0.06079271,17621,2026,50 CHAI CHEE ST Singapore
223014,a34f9181b8d51f15dd0810c9749dfe2d23bc2ff4ec6354e3fa52b495866bda4b,2026-09-03 13:40:53,2026-08,BEDOK,3 ROOM,44,CHAI CHEE ST,01 TO 03,68.0,New Generation,1980,52 years 10 months,372000,0.06079271,17621,2026,44 CHAI CHEE ST Singapore
223015,896c3bf1bd55798018109e7790f94ba0f54fe66e6eb5d9be9e38fbba084a3b67,2026-09-03 13:40:53,2026-08,BEDOK,3 ROOM,45,CHAI CHEE ST,04 TO 06,68.0,New Generation,1980,52 years 09 months,400000,0.06079271,17621,2026,45 CHAI CHEE ST Singapore
223016,51deff12e49879dd0f57b4ada443a5ddff00c6714c2d64ced4c71513052c97ad,2026-09-03 13:40:53,2026-01,BEDOK,3 ROOM,27,NEW UPP CHANGI RD,04 TO 06,74.0,Improved,1982,55 years 09 months,375000,0.06079271,17621,2026,27 NEW UPP CHANGI RD Singapore
223017,c9bc08728530b119dfd691914d1a81a2108ea52e7899987744498fd16415e982,2026-09-03 13:40:53,2026-01,BEDOK,3 ROOM,57,NEW UPP CHANGI RD,07 TO 09,60.0,Improved,1985,58 years 10 months,400000,0.06079271,17621,2026,57 NEW UPP CHANGI RD Singapore
223018,3c67f2d6db5d759f1c6527b4d9231220b0af5dcfaea90e6c45689a5a71ce8298,2026-09-03 13:40:53,2026-01,BEDOK,3 ROOM,27,NEW UPP CHANGI RD,13 TO 15,74.0,Improved,1982,55 years 09 months,458000,0.06079271,17621,2026,27 NEW UPP CHANGI RD Singapore
223019,2552ab14926ba04c1a9953d730e678fbead0790504ad235e5e648b18b71e1ce6,2026-09-03 13:40:53,2026-01,BEDOK,3 ROOM,27,NEW UPP CHANGI RD,07 TO 09,74.0,Improved,1982,55 years 08 months,448000,0.06079271,17621,2026,27 NEW UPP CHANGI RD Singapore
223020,887f6772e4e71bfe0974d4153cf2d78f29ffbc00dac84e8235c0dbd5ad47fda3,2026-09-03 13:40:53,2026-01,BEDOK,3 ROOM,24,NEW UPP CHANGI RD,07 TO 09,73.0,New Generation,1978,51 years 08 months,458000,0.06079271,17621,2026,24 NEW UPP CHANGI RD Singapore
223021,fc0afbc9b5983983e2c0e3cc4042365e0500064f621a9461b204a046b1f53392,2026-09-03 13:40:53,2026-01,BEDOK,3 ROOM,30,NEW UPP CHANGI RD,10 TO 12,65.0,Improved,1977,50 years 04 months,395000,0.06079271,17621,2026,30 NEW UPP CHANGI RD Singapore
223022,ca7828f3720f46b1b638eeffb7f20ba549904339b45f73bb8b8810561e82a932,2026-09-03 13:40:53,2026-02,BEDOK,3 ROOM,27,NEW UPP CHANGI RD,07 TO 09,65.0,Improved,1982,55 years 08 months,388000,0.06079271,17621,2026,27 NEW UPP CHANGI RD Singapore
223023,c37b38d11abd9fdbfb42b6028f835fe2a85fcbc8c3704439114c11abb7aab219,2026-09-03 13:40:53,2026-03,BEDOK,3 ROOM,29,NEW UPP CHANGI RD,01 TO 03,76.0,Improved,1977,50 years 03 months,438000,0.06079271,17621,2026,29 NEW UPP CHANGI RD Singapore
223024,dcdfae36f91ed60d499e58726115e7962edec625c8013fb4995cf53db7f9e270,2026-09-03 13:40:53,2026-03,BEDOK,3 ROOM,30,NEW UPP CHANGI RD,04 TO 06,65.0,Improved,1977,50 years 02 months,355000,0.06079271,17621,2026,30 NEW UPP CHANGI RD Singapore
223025,1768326602284debb4ab6b5e962c414049f8428fd9d6e15cc9c752884c0abfca,2026-09-03 13:40:53,2026-05,BEDOK,3 ROOM,28,NEW UPP CHANGI RD,07 TO 09,65.0,Improved,1977,50 years 01 month,390000,0.06079271,17621,2026,28 NEW UPP CHANGI RD Singapore
223026,b1c5c06b053ca2b51525730af2f3548b3314a854cf087335711d906463ccdf8e,2026-09-03 13:40:53,2026-06,BEDOK,3 ROOM,57,NEW UPP CHANGI RD,01 TO 03,60.0,Improved,1985,58 years 05 months,370000,0.06079271,17621,2026,57 NEW UPP CHANGI RD Singapore
223027,a1326bb28618df63cd270eb98709461f033c7dd87e448479638ff24a85a0f61c,2026-09-03 13:40:53,2026-06,BEDOK,3 ROOM,57,NEW UPP CHANGI RD,10 TO 12,60.0,Improved,1985,58 years 05 months,409000,0.06079271,17621,2026,57 NEW UPP CHANGI RD Singapore
223028,e84275dcd434ed1c737eec7dcfc3d65d38412eca20bb88e03ee0c06e3ea7b9ab,2026-09-03 13:40:53,2026-06,BEDOK,3 ROOM,27,NEW UPP CHANGI RD,07 TO 09,65.0,Improved,1982,55 years 03 months,418000,0.06079271,17621,2026,27 NEW UPP CHANGI RD Singapore
223029,d56697bd95eb572615d0fdc9e25b1cb6a2758bff56e239e533afa0081ef1c4de,2026-09-03 13:40:53,2026-08,BEDOK,3 ROOM,57,NEW UPP CHANGI RD,07 TO 09,68.0,Improved,1985,58 years 03 months,430000,0.06079271,17621,2026,57 NEW UPP CHANGI RD Singapore
223030,7897076512ab52d828e3f668940b62a699634158fd7fdf7ba33769741a3b8e9f,2026-09-03 13:40:53,2026-08,BEDOK,3 ROOM,30,NEW UPP CHANGI RD,04 TO 06,65.0,Improved,1977,49 years 09 months,380000,0.06079271,17621,2026,30 NEW UPP CHANGI RD Singapore
223031,c8201c4752da7c23ff106fa5c96c5fee9adb4c7640ee7eb69c324638362995eb,2026-09-03 13:40:53,2026-08,BEDOK,3 ROOM,29,NEW UPP CHANGI RD,04 TO 06,65.0,Improved,1977,49 years 10 months,385000,0.06079271,17621,2026,29 NEW UPP CHANGI RD Singapore
223032,258aa6fa15778a9226ae8c5cd268a0aaef4ee258cf91949c2d1ba8ee238b6a0c,2026-09-03 13:40:53,2026-02,BEDOK,4 ROOM,219C,BEDOK CTRL,13 TO 15,87.0,Model A,2010,83 years 04 months,940000,0.06079271,17621,2026,219C BEDOK CTRL Singapore
223033,b8fe7b8a5236618052ecf97e8b5ea6a90c6fe237c7e36d4111cb797ca8d4a93e,2026-09-03 13:40:53,2026-02,BEDOK,4 ROOM,220C,BEDOK CTRL,13 TO 15,94.0,Model A,2010,83 years 03 months,985000,0.06079271,17621,2026,220C BEDOK CTRL Singapore
223034,2480f1f9b2380eac89447f740a976f79599bf859bc457ada12561a8e1f9d16b0,2026-09-03 13:40:53,2026-04,BEDOK,4 ROOM,221B,BEDOK CTRL,04 TO 06,97.0,Model A,2010,83 years 02 months,905000,0.06079271,17621,2026,221B BEDOK CTRL Singapore
223035,df6deaa1456d21a6e441c537e1f55b7485e521483665a20a6f30a056574e50f9,2026-09-03 13:40:53,2026-05,BEDOK,4 ROOM,219D,BEDOK CTRL,10 TO 12,94.0,Model A,2010,83 years 01 month,910000,0.06079271,17621,2026,219D BEDOK CTRL Singapore
223036,3fbed072faf3f4a6160e3290757daa01f5d21223f913c337b4e55a670b0d18f4,2026-09-03 13:40:53,2026-06,BEDOK,4 ROOM,221A,BEDOK CTRL,16 TO 18,87.0,Model A,2010,83 years,910000,0.06079271,17621,2026,221A BEDOK CTRL Singapore
223037,fe7f93edd3556438f38de3f3b59b3f2e3b95dd815e187d956928a780c4d6b7b6,2026-09-03 13:40:53,2026-07,BEDOK,4 ROOM,220A,BEDOK CTRL,13 TO 15,97.0,Model A,2010,82 years 10 months,925000,0.06079271,17621,2026,220A BEDOK CTRL Singapore
223038,2224c0206de112e615623331d0d2095ce5c2ce5ebfb5ea72de898a4e8c8afed8,2026-09-03 13:40:53,2026-08,BEDOK,4 ROOM,219D,BEDOK CTRL,13 TO 15,97.0,Model A,2010,82 years 10 months,950000,0.06079271,17621,2026,219D BEDOK CTRL Singapore
223039,12f45f2359e02974385a7df194939addd8d2f0dd9f36af88596fbe5d740a87d0,2026-09-03 13:40:53,2026-08,BEDOK,4 ROOM,220B,BEDOK CTRL,13 TO 15,94.0,Model A,2010,82 years 10 months,970000,0.06079271,17621,2026,220B BEDOK CTRL Singapore
223040,6d2b880c6f087d6ba3f3bb0430468929dc5303168beeaf45527d7ff427d4412b,2026-09-03 13:40:53,2026-01,BEDOK,4 ROOM,519,BEDOK NTH AVE 1,10 TO 12,92.0,New Generation,1979,52 years 07 months,515000,0.06079271,17621,2026,519 BEDOK NTH AVE 1 Singapore
223041,2b9cff78f323415b5d6b4e7697c920d46e94881d08650dceef63a73a3005d2d2,2026-09-03 13:40:53,2026-03,BEDOK,4 ROOM,423,BEDOK NTH AVE 1,04 TO 06,91.0,New Generation,1979,51 years 10 months,575000,0.06079271,17621,2026,423 BEDOK NTH AVE 1 Singapore
223042,8d6e36fb67a8d11286e222440edf99f667bf1eb26d218f2fc38be39ff437bc00,2026-09-03 13:40:53,2026-06,BEDOK,4 ROOM,424,BEDOK NTH AVE 1,01 TO 03,91.0,New Generation,1979,51 years 09 months,505000,0.06079271,17621,2026,424 BEDOK NTH AVE 1 Singapore
223043,95f28199cdc86b761f5e4e59ad90c881dfe9a5bad3e4660354bc2368f45ce77b,2026-09-03 13:40:53,2026-01,BEDOK,4 ROOM,513,BEDOK NTH AVE 2,01 TO 03,92.0,New Generation,1979,52 years 07 months,470000,0.06079271,17621,2026,513 BEDOK NTH AVE 2 Singapore
223044,ec559231eeb113a0a3b707cadaf30f546aa20f04f3c2bc7852744b9201085707,2026-09-03 13:40:53,2026-02,BEDOK,4 ROOM,518,BEDOK NTH AVE 2,01 TO 03,92.0,New Generation,1979,52 years 07 months,505000,0.06079271,17621,2026,518 BEDOK NTH AVE 2 Singapore
223045,88739049d5d18f549c050e332707cc25cfd797437e9b8d17945a3732595af1c2,2026-09-03 13:40:53,2026-03,BEDOK,4 ROOM,416,BEDOK NTH AVE 2,04 TO 06,92.0,New Generation,1978,51 years 09 months,530000,0.06079271,17621,2026,416 BEDOK NTH AVE 2 Singapore
223046,7d55c333b6b9ffa92cc1d6bf8302c16852e5eca28ae58eeb4bc52e09d28b86da,2026-09-03 13:40:53,2026-07,BEDOK,4 ROOM,518,BEDOK NTH AVE 2,07 TO 09,92.0,New Generation,1979,52 years 02 months,518000,0.06079271,17621,2026,518 BEDOK NTH AVE 2 Singapore
223047,902698aaedca21b094a4bf60acdd6218a1b4e6bcc0944fc56aa656bb570b5f51,2026-09-03 13:40:53,2026-02,BEDOK,4 ROOM,508,BEDOK NTH AVE 3,07 TO 09,92.0,New Generation,1978,51 years 10 months,525000,0.06079271,17621,2026,508 BEDOK NTH AVE 3 Singapore
223048,44012dc09ea13a725276d734d95ef0ce8aa91efe0b78474e580f1adc4477f595,2026-09-03 13:40:53,2026-03,BEDOK,4 ROOM,131,BEDOK NTH AVE 3,16 TO 18,92.0,New Generation,1978,51 years 02 months,588000,0.06079271,17621,2026,131 BEDOK NTH AVE 3 Singapore
223049,bc794d56209b5813e1c16df281b7a8ebb19cdd50bcd1a2b0da79469afa81f6f5,2026-09-03 13:40:53,2026-03,BEDOK,4 ROOM,137,BEDOK NTH AVE 3,07 TO 09,91.0,New Generation,1979,51 years 10 months,560000,0.06079271,17621,2026,137 BEDOK NTH AVE 3 Singapore
223050,dfd32f16bb0dec2442671959478cfcdd9600591450171becdff056ad84ccd306,2026-09-03 13:40:53,2026-03,BEDOK,4 ROOM,507,BEDOK NTH AVE 3,07 TO 09,92.0,New Generation,1978,51 years 08 months,532888,0.06079271,17621,2026,507 BEDOK NTH AVE 3 Singapore
223051,f8a5970951d0b2435327e576921072c4a198a817ce233834e41574cea216b4fd,2026-09-03 13:40:53,2026-04,BEDOK,4 ROOM,402,BEDOK NTH AVE 3,13 TO 15,92.0,New Generation,1979,52 years 03 months,555888,0.06079271,17621,2026,402 BEDOK NTH AVE 3 Singapore
223052,ba6e7e286295a4b3b93e3a2ff6031565e49c4ad260f336f10d36420561222336,2026-09-03 13:40:53,2026-05,BEDOK,4 ROOM,507,BEDOK NTH AVE 3,01 TO 03,92.0,New Generation,1978,51 years 06 months,530000,0.06079271,17621,2026,507 BEDOK NTH AVE 3 Singapore
223053,b508dbd7f9a9d1d81d857d0fd002b1deef66737599afee5d76422bfbfd612323,2026-09-03 13:40:53,2026-07,BEDOK,4 ROOM,131,BEDOK NTH AVE 3,13 TO 15,92.0,New Generation,1978,50 years 09 months,550000,0.06079271,17621,2026,131 BEDOK NTH AVE 3 Singapore
223054,ea25d2e326f4d240c1471d0dbeab231c7ed8031716c46220821d0ed5553f1065,2026-09-03 13:40:53,2026-08,BEDOK,4 ROOM,508,BEDOK NTH AVE 3,13 TO 15,92.0,New Generation,1978,51 years 04 months,510000,0.06079271,17621,2026,508 BEDOK NTH AVE 3 Singapore
223055,6954b422ac89bc1ba20d8d4ff572d41f7b4699c720deb3c1e4cf9a772e9d031e,2026-09-03 13:40:53,2026-08,BEDOK,4 ROOM,402,BEDOK NTH AVE 3,07 TO 09,92.0,New Generation,1979,51 years 11 months,576888,0.06079271,17621,2026,402 BEDOK NTH AVE 3 Singapore
223056,826905c393913a6cae44d4d5e6da01c3ab79f4c08f410d90abbefcbd6f34cccf,2026-09-03 13:40:53,2026-08,BEDOK,4 ROOM,508,BEDOK NTH AVE 3,01 TO 03,92.0,New Generation,1978,51 years 03 months,500000,0.06079271,17621,2026,508 BEDOK NTH AVE 3 Singapore
223057,1c2a30dfe400f629d9cb1cdb4fe4fa7f54988732f80d6ecfc850b0d4e1b77862,2026-09-03 13:40:53,2026-01,BEDOK,4 ROOM,93,BEDOK NTH AVE 4,10 TO 12,92.0,New Generation,1979,52 years 06 months,525000,0.06079271,17621,2026,93 BEDOK NTH AVE 4 Singapore
223058,c89895138cb8df1ee6a3e4dc0986e90efd236ade37cf832f27432626451859c7,2026-09-03 13:40:53,2026-01,BEDOK,4 ROOM,93,BEDOK NTH AVE 4,10 TO 12,92.0,New Generation,1979,52 years 06 months,540000,0.06079271,17621,2026,93 BEDOK NTH AVE 4 Singapore
223059,ee510d9b265163e25996c172667c3dc1accbbcdbad90408a0a22e06ada193984,2026-09-03 13:40:53,2026-03,BEDOK,4 ROOM,93,BEDOK NTH AVE 4,01 TO 03,92.0,New Generation,1979,52 years 04 months,517888,0.06079271,17621,2026,93 BEDOK NTH AVE 4 Singapore
223060,ba3dfe75c0c19262215af2b11211751422c436e758d35962529c7a4adc4150b4,2026-09-03 13:40:53,2026-04,BEDOK,4 ROOM,104,BEDOK NTH AVE 4,04 TO 06,91.0,New Generation,1977,50 years 04 months,480000,0.06079271,17621,2026,104 BEDOK NTH AVE 4 Singapore
223061,254ae98a0c640d819d2c04b8b64d3cc7d8eeba533f79ce3d341c3a7bfcccbf7f,2026-09-03 13:40:53,2026-04,BEDOK,4 ROOM,95,BEDOK NTH AVE 4,01 TO 03,92.0,New Generation,1979,52 years 03 months,510000,0.06079271,17621,2026,95 BEDOK NTH AVE 4 Singapore
223062,50ae3c9e4825e5d3721029e1ce52d411ba27474ac91a42eb3b181acd58ef8bd3,2026-09-03 13:40:53,2026-07,BEDOK,4 ROOM,103,BEDOK NTH AVE 4,07 TO 09,91.0,New Generation,1977,50 years 01 month,540000,0.06079271,17621,2026,103 BEDOK NTH AVE 4 Singapore
223063,cd1782ba64be03eac1287f5ce4a520ac64747a5d734d6a1ea3bfeb82955e78e1,2026-09-03 13:40:53,2026-07,BEDOK,4 ROOM,92,BEDOK NTH AVE 4,01 TO 03,94.0,New Generation,1979,52 years,500000,0.06079271,17621,2026,92 BEDOK NTH AVE 4 Singapore
223064,7b7d9de1189f521026f1f7b7c3be168bb06740a9c36934748f9f12fb49ba4ab0,2026-09-03 13:40:53,2026-08,BEDOK,4 ROOM,222A,BEDOK NTH DR,10 TO 12,93.0,Model A,2022,94 years 11 months,1200000,0.06079271,17621,2026,222A BEDOK NTH DR Singapore
223065,19ddc20b733384b80219abeb29d6107658a1e65bb4f2725fef42c676eab61230,2026-09-03 13:40:53,2026-01,BEDOK,4 ROOM,121,BEDOK NTH RD,04 TO 06,92.0,New Generation,1978,51 years 03 months,538000,0.06079271,17621,2026,121 BEDOK NTH RD Singapore
223066,3fee5d25cab17d922fcb0ab40c4deb40339fcf19d1757209824bfc980d20a82d,2026-09-03 13:40:53,2026-01,BEDOK,4 ROOM,81,BEDOK NTH RD,07 TO 09,91.0,New Generation,1978,51 years 06 months,528000,0.06079271,17621,2026,81 BEDOK NTH RD Singapore
223067,139bf787612508ba6744bb1c51208b7cffa3e2f295cf43b9f3b3335fae602d43,2026-09-03 13:40:53,2026-01,BEDOK,4 ROOM,431A,BEDOK NTH RD,13 TO 15,94.0,Model A,2021,94 years 05 months,950000,0.06079271,17621,2026,431A BEDOK NTH RD Singapore
223068,1ebb9d6b673b5f3da933bc970600a4bf0d26d1c55fd34d6118fecde6c6b144fc,2026-09-03 13:40:53,2026-01,BEDOK,4 ROOM,429B,BEDOK NTH RD,10 TO 12,94.0,Model A,2021,94 years 05 months,928000,0.06079271,17621,2026,429B BEDOK NTH RD Singapore
223069,5df7ee90510ca99858cd5b12db79da5b1f785e3f6c506e802c14b0088d955718,2026-09-03 13:40:53,2026-01,BEDOK,4 ROOM,427,BEDOK NTH RD,07 TO 09,92.0,New Generation,1979,52 years 01 month,565000,0.06079271,17621,2026,427 BEDOK NTH RD Singapore
223070,8953cdde33be9dd959ad083d87abea742051e7f4a3272c77ba532af4e57bc167,2026-09-03 13:40:53,2026-01,BEDOK,4 ROOM,428,BEDOK NTH RD,04 TO 06,92.0,New Generation,1979,52 years 01 month,560000,0.06079271,17621,2026,428 BEDOK NTH RD Singapore
223071,580a2b15e18c398b6206f7d778d427357330b12356efe8fe4b134ec19fe5c2c0,2026-09-03 13:40:53,2026-01,BEDOK,4 ROOM,182,BEDOK NTH RD,19 TO 21,85.0,Model A,2006,79 years 01 month,785000,0.06079271,17621,2026,182 BEDOK NTH RD Singapore
223072,c3494e54e739e86caf5c5ce409e35722924411dd3b7f505691bec87d6f8ce85d,2026-09-03 13:40:53,2026-01,BEDOK,4 ROOM,422,BEDOK NTH RD,07 TO 09,92.0,New Generation,1979,52 years 01 month,543000,0.06079271,17621,2026,422 BEDOK NTH RD Singapore
223073,a2ca3a76939bf030bce4e792a3cd39d61863bb77f639f7123cf09fba174cc419,2026-09-03 13:40:53,2026-01,BEDOK,4 ROOM,431A,BEDOK NTH RD,01 TO 03,94.0,Model A,2021,94 years 05 months,880000,0.06079271,17621,2026,431A BEDOK NTH RD Singapore
223074,635cf869548c36e5af8c1436f7ae383f4a1a2b48ec80f32a893a92862eebb94b,2026-09-03 13:40:53,2026-01,BEDOK,4 ROOM,430A,BEDOK NTH RD,13 TO 15,94.0,Model A,2021,94 years 04 months,945000,0.06079271,17621,2026,430A BEDOK NTH RD Singapore
223075,17ab6e06c56535e0bcee4db51eab2918642c1fa5427a24c710614e44448389de,2026-09-03 13:40:53,2026-01,BEDOK,4 ROOM,431A,BEDOK NTH RD,10 TO 12,94.0,Model A,2021,94 years 05 months,960000,0.06079271,17621,2026,431A BEDOK NTH RD Singapore
223076,176313981d380846b5146c63be9cc31bc9836314204cb5abda59c9cf1730911b,2026-09-03 13:40:53,2026-01,BEDOK,4 ROOM,429B,BEDOK NTH RD,04 TO 06,94.0,Model A,2021,94 years 04 months,880000,0.06079271,17621,2026,429B BEDOK NTH RD Singapore
223077,c58398d03a7b0bf5016de409dd82fd8d1baa387f3661b01d3aa28a1c070e1872,2026-09-03 13:40:53,2026-01,BEDOK,4 ROOM,79,BEDOK NTH RD,01 TO 03,91.0,New Generation,1978,51 years 05 months,502000,0.06079271,17621,2026,79 BEDOK NTH RD Singapore
223078,9ee4e327de806b15398fac6544da592065d2b6548b918bfc1b1f4874673d720d,2026-09-03 13:40:53,2026-02,BEDOK,4 ROOM,182,BEDOK NTH RD,13 TO 15,92.0,Model A,2006,79 years 02 months,780000,0.06079271,17621,2026,182 BEDOK NTH RD Singapore
223079,fef41cc61bae241c738c5bd75a30c6f7d0fdae5ee209c9686c05f2b0fc6ec0b3,2026-09-03 13:40:53,2026-02,BEDOK,4 ROOM,428,BEDOK NTH RD,01 TO 03,92.0,New Generation,1979,52 years,520000,0.06079271,17621,2026,428 BEDOK NTH RD Singapore
223080,feeb27db4d24e3323069b4661db8b44de33e2108d250af477e61eef21cbeb95c,2026-09-03 13:40:53,2026-02,BEDOK,4 ROOM,183,BEDOK NTH RD,10 TO 12,92.0,Model A,2005,78 years 11 months,773000,0.06079271,17621,2026,183 BEDOK NTH RD Singapore
223081,7255ee7c3f874681ef5c03e7bc200596e26f68dcef177f557d51109a664d1d87,2026-09-03 13:40:53,2026-02,BEDOK,4 ROOM,430A,BEDOK NTH RD,16 TO 18,94.0,Model A,2021,94 years 04 months,995000,0.06079271,17621,2026,430A BEDOK NTH RD Singapore
223082,6bc165aac4d8561cffdfe854d5cdcbee286cc18ae12f7444f15208f4f9765a06,2026-09-03 13:40:53,2026-02,BEDOK,4 ROOM,707,BEDOK NTH RD,10 TO 12,91.0,New Generation,1980,53 years 09 months,560000,0.06079271,17621,2026,707 BEDOK NTH RD Singapore
223083,7f6368f53d68365f056b92ba2ac88ad7511ef37ec7e9b666e08bb19b15bc2678,2026-09-03 13:40:53,2026-03,BEDOK,4 ROOM,180,BEDOK NTH RD,01 TO 03,92.0,Model A,2006,78 years 11 months,715000,0.06079271,17621,2026,180 BEDOK NTH RD Singapore
223084,28adb97f2d45275a565578b3bfc565a7f960c803679b67acec0a290db47fc794,2026-09-03 13:40:53,2026-03,BEDOK,4 ROOM,185,BEDOK NTH RD,01 TO 03,92.0,Model A,2005,78 years 11 months,708000,0.06079271,17621,2026,185 BEDOK NTH RD Singapore
223085,f0e3eef90118c3f62e35f5c04ce0d3a012b8bbd3796bab7994779dcbf8e4437d,2026-09-03 13:40:53,2026-03,BEDOK,4 ROOM,427,BEDOK NTH RD,01 TO 03,92.0,New Generation,1979,51 years 11 months,490000,0.06079271,17621,2026,427 BEDOK NTH RD Singapore
223086,993620bb0b039901d6049a9f409f9e6a4859cc007f6c4ccba98a3265efa0d404,2026-09-03 13:40:53,2026-03,BEDOK,4 ROOM,82,BEDOK NTH RD,10 TO 12,92.0,New Generation,1978,51 years 04 months,560000,0.06079271,17621,2026,82 BEDOK NTH RD Singapore
223087,fa60d28cfc2664c5f4a6a0a6de401157ece436a2e8954e09710f6d08717028ef,2026-09-03 13:40:53,2026-03,BEDOK,4 ROOM,183,BEDOK NTH RD,16 TO 18,85.0,Model A,2005,78 years 09 months,785000,0.06079271,17621,2026,183 BEDOK NTH RD Singapore
223088,e6bc5e3d78da41be5da48b1a371a503bcf69c35e0608b9cef4040ee2a7abbcd1,2026-09-03 13:40:53,2026-03,BEDOK,4 ROOM,78,BEDOK NTH RD,10 TO 12,91.0,New Generation,1978,51 years 03 months,533000,0.06079271,17621,2026,78 BEDOK NTH RD Singapore
223089,8f40a1b10f9659d179224b7f89465921143e5adab612677b3fd832ca4a657585,2026-09-03 13:40:53,2026-03,BEDOK,4 ROOM,430A,BEDOK NTH RD,10 TO 12,94.0,Model A,2021,94 years 02 months,975000,0.06079271,17621,2026,430A BEDOK NTH RD Singapore
223090,aa9084d788de09a8986bcd87b93b1c4390860ee1cbf2a12cf2abf668f55a4dcd,2026-09-03 13:40:53,2026-03,BEDOK,4 ROOM,181,BEDOK NTH RD,01 TO 03,92.0,Model A,2006,78 years 10 months,638000,0.06079271,17621,2026,181 BEDOK NTH RD Singapore
223091,b3c0c58ef15196db1a0d561e89d1d8d109947f30df161673be040d5b1e4699e8,2026-09-03 13:40:53,2026-03,BEDOK,4 ROOM,421,BEDOK NTH RD,07 TO 09,92.0,New Generation,1979,51 years 10 months,545800,0.06079271,17621,2026,421 BEDOK NTH RD Singapore
223092,edb5508f21591cd8bb844b2365bfdcc9b35f0e88f75f2ff28d496b365b271136,2026-09-03 13:40:53,2026-04,BEDOK,4 ROOM,119,BEDOK NTH RD,01 TO 03,92.0,New Generation,1978,51 years,505000,0.06079271,17621,2026,119 BEDOK NTH RD Singapore
223093,b042df251299f5de5e58d2e52f3ea4f53cca46d21141b0f0b283a7e8dcfc013d,2026-09-03 13:40:53,2026-04,BEDOK,4 ROOM,82,BEDOK NTH RD,04 TO 06,92.0,New Generation,1978,51 years 03 months,500000,0.06079271,17621,2026,82 BEDOK NTH RD Singapore
223094,9bbc8339614c010c7e66b27350ade7402547d42f6b8b9562b0b9fd04963721ba,2026-09-03 13:40:53,2026-04,BEDOK,4 ROOM,708,BEDOK NTH RD,04 TO 06,91.0,New Generation,1980,53 years 07 months,568000,0.06079271,17621,2026,708 BEDOK NTH RD Singapore
223095,9f28d341126eded3899e6c8b1ee3db901424bd36023d661f2273ee2cc59c27d0,2026-09-03 13:40:53,2026-05,BEDOK,4 ROOM,182,BEDOK NTH RD,01 TO 03,92.0,Model A,2006,78 years 10 months,720000,0.06079271,17621,2026,182 BEDOK NTH RD Singapore
223096,6eaecbfa93dc6b1ee39bfa897ae2226f00e960f603dc0334fc77204a3aefb4a7,2026-09-03 13:40:53,2026-05,BEDOK,4 ROOM,428,BEDOK NTH RD,01 TO 03,92.0,New Generation,1979,51 years 09 months,510000,0.06079271,17621,2026,428 BEDOK NTH RD Singapore
223097,8a88ffc7d3d65e226e33b89892a55c4a9144868d0f808898cd0cf371066efd4b,2026-09-03 13:40:53,2026-05,BEDOK,4 ROOM,185,BEDOK NTH RD,10 TO 12,92.0,Model A,2005,78 years 08 months,780000,0.06079271,17621,2026,185 BEDOK NTH RD Singapore
223098,419eb9777b41598871b5a99b9082dd6165e79758d893653c70fc44e852544b22,2026-09-03 13:40:53,2026-05,BEDOK,4 ROOM,79,BEDOK NTH RD,07 TO 09,91.0,New Generation,1978,51 years 01 month,472000,0.06079271,17621,2026,79 BEDOK NTH RD Singapore
223099,476018bb11e8fc22c423623b667289a2779cb12e28636639f29d35e94d498b0a,2026-09-03 13:40:53,2026-05,BEDOK,4 ROOM,107,BEDOK NTH RD,10 TO 12,91.0,New Generation,1977,50 years 02 months,550000,0.06079271,17621,2026,107 BEDOK NTH RD Singapore
223100,2ffdfd2759d1f16e38b01841961b233840c41b0ab000b8b6dd3b6a40d4e7ff85,2026-09-03 13:40:53,2026-05,BEDOK,4 ROOM,428,BEDOK NTH RD,07 TO 09,92.0,New Generation,1979,51 years 08 months,565000,0.06079271,17621,2026,428 BEDOK NTH RD Singapore
223101,4d9816ed2c71aa6248af51fcd481825d256972c7993c0f140107e34773158592,2026-09-03 13:40:53,2026-05,BEDOK,4 ROOM,430A,BEDOK NTH RD,04 TO 06,94.0,Model A,2021,94 years,900000,0.06079271,17621,2026,430A BEDOK NTH RD Singapore
223102,195461ebe3edd98ba98714269aeaca84c4624594ecb5da82cd98c169f8ef749a,2026-09-03 13:40:53,2026-06,BEDOK,4 ROOM,119,BEDOK NTH RD,07 TO 09,92.0,New Generation,1978,50 years 10 months,515000,0.06079271,17621,2026,119 BEDOK NTH RD Singapore
223103,ab4b45ade74048639d76ce9544f8c5f15f3854f462736d3b08fc6d6ed8a844b3,2026-09-03 13:40:53,2026-06,BEDOK,4 ROOM,181,BEDOK NTH RD,01 TO 03,92.0,Model A,2006,78 years 08 months,720000,0.06079271,17621,2026,181 BEDOK NTH RD Singapore
223104,d7254a5d49c77eae8fc1b768b3f274fa99afccdb2a0c140d218819e42bc2b984,2026-09-03 13:40:53,2026-06,BEDOK,4 ROOM,708,BEDOK NTH RD,10 TO 12,91.0,New Generation,1980,53 years 06 months,575000,0.06079271,17621,2026,708 BEDOK NTH RD Singapore
223105,6a1fcfd8017b137bb0a4a2c211b5d4ea200fec090a648a4b20cb3ce856f5ee00,2026-09-03 13:40:53,2026-06,BEDOK,4 ROOM,121,BEDOK NTH RD,10 TO 12,92.0,New Generation,1978,50 years 09 months,628000,0.06079271,17621,2026,121 BEDOK NTH RD Singapore
223106,21ac299d6fadb840fea06ff657c4eadceac45c1757a5dc65d5e82ac5c04c54ab,2026-09-03 13:40:53,2026-06,BEDOK,4 ROOM,427,BEDOK NTH RD,10 TO 12,92.0,New Generation,1979,51 years 07 months,570000,0.06079271,17621,2026,427 BEDOK NTH RD Singapore
223107,8b9aa8e266e4f8851684122692820f8164866b3578789d28ff06c033ce5e73bf,2026-09-03 13:40:53,2026-07,BEDOK,4 ROOM,108,BEDOK NTH RD,04 TO 06,91.0,New Generation,1977,50 years 01 month,600000,0.06079271,17621,2026,108 BEDOK NTH RD Singapore
223108,31a3b57f0c852aaf13107c29f5a2dd3c914fd8095826b624b61fcb11f712a4e0,2026-09-03 13:40:53,2026-07,BEDOK,4 ROOM,707,BEDOK NTH RD,07 TO 09,91.0,New Generation,1980,53 years 05 months,565000,0.06079271,17621,2026,707 BEDOK NTH RD Singapore
223109,e6ce71e82d57e66880f8f2ac4952d1cd5ac20534e74d0c18d3f52b7fffff984c,2026-09-03 13:40:53,2026-07,BEDOK,4 ROOM,181,BEDOK NTH RD,04 TO 06,92.0,Model A,2006,78 years 07 months,735000,0.06079271,17621,2026,181 BEDOK NTH RD Singapore
223110,a429336fc84417462fef20c667b81d525e66233c9b261844d1ff516abe14d0fa,2026-09-03 13:40:53,2026-07,BEDOK,4 ROOM,430A,BEDOK NTH RD,13 TO 15,94.0,Model A,2021,93 years 11 months,950000,0.06079271,17621,2026,430A BEDOK NTH RD Singapore
223111,b0665d253e81f729cd12aab5cfa7b1b464642a5e8563ba9ad77a510ca80576df,2026-09-03 13:40:53,2026-07,BEDOK,4 ROOM,431A,BEDOK NTH RD,01 TO 03,94.0,Model A,2021,93 years 11 months,870000,0.06079271,17621,2026,431A BEDOK NTH RD Singapore
223112,b254d29f9ba2955b7bd88f8cd71e282dcb5fa1286d323df50b7440c84bbf2af1,2026-09-03 13:40:53,2026-07,BEDOK,4 ROOM,431A,BEDOK NTH RD,07 TO 09,94.0,Model A,2021,93 years 11 months,930000,0.06079271,17621,2026,431A BEDOK NTH RD Singapore
223113,cf755c1267c50e9fbda0e9c2a6a722e73d03bbb59d9ea8cb53e22bfe4cff7902,2026-09-03 13:40:53,2026-07,BEDOK,4 ROOM,81,BEDOK NTH RD,01 TO 03,91.0,New Generation,1978,50 years 11 months,500000,0.06079271,17621,2026,81 BEDOK NTH RD Singapore
223114,cc7d66155d5c92c1433aa054cf71770d0ac78c0c4e3bac1bee7f3295a53b4a1c,2026-09-03 13:40:53,2026-07,BEDOK,4 ROOM,707,BEDOK NTH RD,10 TO 12,92.0,New Generation,1980,53 years 04 months,568000,0.06079271,17621,2026,707 BEDOK NTH RD Singapore
223115,e603c260180e2c65428f86224608f2036375b09ac6e4c7f6a62cafdbeae27e07,2026-09-03 13:40:53,2026-07,BEDOK,4 ROOM,78,BEDOK NTH RD,13 TO 15,91.0,New Generation,1978,50 years 11 months,560000,0.06079271,17621,2026,78 BEDOK NTH RD Singapore
223116,58e1a0ca4d2fc68360be32927e6e776867d74378721ae91c68d6f772c9073a5e,2026-09-03 13:40:53,2026-08,BEDOK,4 ROOM,181,BEDOK NTH RD,07 TO 09,92.0,Model A,2006,78 years 06 months,725000,0.06079271,17621,2026,181 BEDOK NTH RD Singapore
223117,9f9fdda4d36439b1070ac5f7c67ab32cb4795b5c30575fd1d8580d5813e25a3c,2026-09-03 13:40:53,2026-08,BEDOK,4 ROOM,185,BEDOK NTH RD,19 TO 21,92.0,Model A,2005,78 years 05 months,808000,0.06079271,17621,2026,185 BEDOK NTH RD Singapore
223118,e1f1119af0f4531eec2bc796c6841af1edd7ad9b184bc9dd395404e3a359da99,2026-09-03 13:40:53,2026-08,BEDOK,4 ROOM,121,BEDOK NTH RD,01 TO 03,92.0,New Generation,1978,50 years 08 months,485000,0.06079271,17621,2026,121 BEDOK NTH RD Singapore
223119,4edb3646ca9545622323a4e692f9cc5f5b1dcc852705a05d43fd39612fd1a293,2026-09-03 13:40:53,2026-08,BEDOK,4 ROOM,431A,BEDOK NTH RD,13 TO 15,94.0,Model A,2021,93 years 10 months,988000,0.06079271,17621,2026,431A BEDOK NTH RD Singapore
223120,b38db6bd7d08958a4d0bf3ff947a755b1db05f6ee94cc7cf2149378f94371d0e,2026-09-03 13:40:53,2026-08,BEDOK,4 ROOM,431A,BEDOK NTH RD,10 TO 12,94.0,Model A,2021,93 years 10 months,963888,0.06079271,17621,2026,431A BEDOK NTH RD Singapore
223121,2223d4fb368bdb65005616a51f33d26f5cfac9f3990b799a01e167c2c97b52e5,2026-09-03 13:40:53,2026-08,BEDOK,4 ROOM,182,BEDOK NTH RD,19 TO 21,92.0,Model A,2006,78 years 07 months,828888,0.06079271,17621,2026,182 BEDOK NTH RD Singapore
223122,66c1593ba70d311abe76cf065eee2b73c9a4ad1bc7356e72ff6b0365bebf0355,2026-09-03 13:40:53,2026-08,BEDOK,4 ROOM,422,BEDOK NTH RD,04 TO 06,92.0,New Generation,1979,51 years 06 months,590000,0.06079271,17621,2026,422 BEDOK NTH RD Singapore
223123,9bd73827d2941baa401dd25809ea6127a1b747184cb12893810ab22a138b75b9,2026-09-03 13:40:53,2026-08,BEDOK,4 ROOM,183,BEDOK NTH RD,16 TO 18,92.0,Model A,2005,78 years 05 months,786000,0.06079271,17621,2026,183 BEDOK NTH RD Singapore
223124,2d4d5859854133a0ae6c13dff9e9dd65be2d2f0b9f6a2aefefc7e1bf8da5b356,2026-09-03 13:40:53,2026-08,BEDOK,4 ROOM,185,BEDOK NTH RD,13 TO 15,92.0,Model A,2005,78 years 05 months,810000,0.06079271,17621,2026,185 BEDOK NTH RD Singapore
223125,a53d0ad61554081a1d36dd9c1d07aa4df3339dada15469a04deb6b71d09388f1,2026-09-03 13:40:53,2026-08,BEDOK,4 ROOM,707,BEDOK NTH RD,10 TO 12,91.0,New Generation,1980,53 years 04 months,570000,0.06079271,17621,2026,707 BEDOK NTH RD Singapore
223126,465c145262a6eeb133a885d1846f5ee79e1dc9e942609a8c90b1147dffd59886,2026-09-03 13:40:53,2026-08,BEDOK,4 ROOM,706,BEDOK NTH RD,04 TO 06,91.0,New Generation,1980,53 years 03 months,525000,0.06079271,17621,2026,706 BEDOK NTH RD Singapore
223127,3a8e256ac585ba89aa5051325fc3a6dbcc7a1e916a19c38316af65a3d6a16492,2026-09-03 13:40:53,2026-08,BEDOK,4 ROOM,183,BEDOK NTH RD,07 TO 09,92.0,Model A,2005,78 years 04 months,790000,0.06079271,17621,2026,183 BEDOK NTH RD Singapore
223128,dd2e009de14b8bca5e559c754b41e07e095d9d8a4d511a0d253a3cd38532dc16,2026-09-03 13:40:53,2026-08,BEDOK,4 ROOM,185,BEDOK NTH RD,13 TO 15,92.0,Model A,2005,78 years 04 months,812000,0.06079271,17621,2026,185 BEDOK NTH RD Singapore
223129,eaeeb7b3b3c2a17e58d047ba8ebad6eb2a85cdabb0ba0992939fca6b2f862bf3,2026-09-03 13:40:53,2026-07,BEDOK,4 ROOM,420,BEDOK NTH ST 1,04 TO 06,92.0,New Generation,1979,51 years 06 months,510000,0.06079271,17621,2026,420 BEDOK NTH ST 1 Singapore
223130,f585b69673f82f5829cc24a45ba2a444db84f43b420309f678ad9fa5900d0646,2026-09-03 13:40:53,2026-01,BEDOK,4 ROOM,135,BEDOK NTH ST 2,07 TO 09,92.0,New Generation,1978,51 years 05 months,548000,0.06079271,17621,2026,135 BEDOK NTH ST 2 Singapore
223131,dde96917cfae19dd72af5dc0c1802cf67b130fb0cd85f76ce4de2e0e5416b4e0,2026-09-03 13:40:53,2026-01,BEDOK,4 ROOM,129,BEDOK NTH ST 2,04 TO 06,83.0,New Generation,1978,51 years 05 months,510000,0.06079271,17621,2026,129 BEDOK NTH ST 2 Singapore
223132,f59fc47f5b9fd8fbe95ec8e0840a2883d83b85dd2acc042d46cd800897213c58,2026-09-03 13:40:53,2026-01,BEDOK,4 ROOM,127,BEDOK NTH ST 2,07 TO 09,83.0,New Generation,1978,51 years 05 months,518000,0.06079271,17621,2026,127 BEDOK NTH ST 2 Singapore
223133,170fdbe9092c05b164751826619a0f2dbbf31d10825296ee09b1f634b5c62701,2026-09-03 13:40:53,2026-02,BEDOK,4 ROOM,138,BEDOK NTH ST 2,04 TO 06,92.0,New Generation,1978,51 years 03 months,528000,0.06079271,17621,2026,138 BEDOK NTH ST 2 Singapore
223134,9bc1715e34c02b7422874bd9ca22b270e2535f3fb0a776980ed23a62659817f6,2026-09-03 13:40:53,2026-03,BEDOK,4 ROOM,127,BEDOK NTH ST 2,10 TO 12,83.0,New Generation,1978,51 years 03 months,485000,0.06079271,17621,2026,127 BEDOK NTH ST 2 Singapore
223135,99a4ae1d4e5380bab1843eef3d2028f63e974d38a58f93754ceeacf32f81b0ff,2026-09-03 13:40:53,2026-03,BEDOK,4 ROOM,132,BEDOK NTH ST 2,04 TO 06,92.0,New Generation,1978,51 years 01 month,550000,0.06079271,17621,2026,132 BEDOK NTH ST 2 Singapore
223136,cd00a4918aae3b1cd453a5d88c09348556be31389a95b7507ffcd3b6dfcebe65,2026-09-03 13:40:53,2026-08,BEDOK,4 ROOM,134,BEDOK NTH ST 2,07 TO 09,92.0,New Generation,1978,50 years 10 months,510000,0.06079271,17621,2026,134 BEDOK NTH ST 2 Singapore
223137,285f7f0d348d09550f7dd640be10a4f0d7a4fbe2631b83cee3c31751ad15edc1,2026-09-03 13:40:53,2026-08,BEDOK,4 ROOM,132,BEDOK NTH ST 2,07 TO 09,92.0,New Generation,1978,50 years 08 months,547000,0.06079271,17621,2026,132 BEDOK NTH ST 2 Singapore
223138,406e8fc7dca1a32fd04231954417d8342695a9ee8b6f16913bd51a1eb1ae33b6,2026-09-03 13:40:53,2026-09,BEDOK,4 ROOM,132,BEDOK NTH ST 2,04 TO 06,92.0,New Generation,1978,50 years 08 months,500000,0.06079271,17621,2026,132 BEDOK NTH ST 2 Singapore
223139,a15482c49a03a63ec5bff18d895fe9c98d767929f836c5e1060fc055742c3de1,2026-09-03 13:40:53,2026-01,BEDOK,4 ROOM,525,BEDOK NTH ST 3,07 TO 09,92.0,New Generation,1979,52 years 07 months,495000,0.06079271,17621,2026,525 BEDOK NTH ST 3 Singapore
223140,8d855662c0998c72403c79466d58aa21272f66dc7a6da6c97443b92393aa20b7,2026-09-03 13:40:53,2026-01,BEDOK,4 ROOM,510,BEDOK NTH ST 3,04 TO 06,90.0,New Generation,1979,52 years 09 months,538000,0.06079271,17621,2026,510 BEDOK NTH ST 3 Singapore
223141,daf8e5500acda272f3726184e3e8e33a9b050f9c9965ba223825656faff16590,2026-09-03 13:40:53,2026-01,BEDOK,4 ROOM,530,BEDOK NTH ST 3,01 TO 03,92.0,New Generation,1979,52 years 08 months,515000,0.06079271,17621,2026,530 BEDOK NTH ST 3 Singapore
223142,131fba4c5bdbf29da569f32a72cedc20b46d6e76f6677be5f285d30f779d2416,2026-09-03 13:40:53,2026-01,BEDOK,4 ROOM,510,BEDOK NTH ST 3,04 TO 06,90.0,New Generation,1979,52 years 09 months,525000,0.06079271,17621,2026,510 BEDOK NTH ST 3 Singapore
223143,8b26a300c99637d021ab858b875353c0c6edf69de9889239fa1a4e9e0cd3c736,2026-09-03 13:40:53,2026-01,BEDOK,4 ROOM,547,BEDOK NTH ST 3,10 TO 12,95.0,New Generation,1980,53 years 04 months,500000,0.06079271,17621,2026,547 BEDOK NTH ST 3 Singapore
223144,000c8b6b23af5e93c33873fdcdbd3a096506fd68e5f366439c575f424d3a5329,2026-09-03 13:40:53,2026-03,BEDOK,4 ROOM,547,BEDOK NTH ST 3,10 TO 12,92.0,New Generation,1980,53 years 02 months,525000,0.06079271,17621,2026,547 BEDOK NTH ST 3 Singapore
223145,052a973ae643bb4ee753532daeae5f3efdd09f9f4bd6f4b2eb538447ef351222,2026-09-03 13:40:53,2026-04,BEDOK,4 ROOM,547,BEDOK NTH ST 3,10 TO 12,92.0,New Generation,1980,53 years 01 month,540088,0.06079271,17621,2026,547 BEDOK NTH ST 3 Singapore
223146,5cbb01dfe4e0a35c8c3d5c88cd16f7e21751ee90dcf656df09cd6d95f02160bb,2026-09-03 13:40:53,2026-05,BEDOK,4 ROOM,546,BEDOK NTH ST 3,01 TO 03,93.0,New Generation,1980,53 years,510000,0.06079271,17621,2026,546 BEDOK NTH ST 3 Singapore
223147,9473e72862802a62d251b8bae1b0645e065a7a855137253fc2d07d4d9077a832,2026-09-03 13:40:53,2026-06,BEDOK,4 ROOM,543,BEDOK NTH ST 3,07 TO 09,95.0,New Generation,1980,53 years 01 month,535000,0.06079271,17621,2026,543 BEDOK NTH ST 3 Singapore
223148,6db3653f8cf1f4ca80f85acdd985fb3f0829d9d35ec2aca9afabc3499eab0ed6,2026-09-03 13:40:53,2026-06,BEDOK,4 ROOM,543,BEDOK NTH ST 3,07 TO 09,92.0,New Generation,1980,53 years 01 month,538000,0.06079271,17621,2026,543 BEDOK NTH ST 3 Singapore
223149,c7256289e15512f1ea3e9d2c48b5c0912491fb9256be8c1a38a88b9335c0c3c2,2026-09-03 13:40:53,2026-06,BEDOK,4 ROOM,542,BEDOK NTH ST 3,01 TO 03,93.0,New Generation,1985,58 years 04 months,495000,0.06079271,17621,2026,542 BEDOK NTH ST 3 Singapore
223150,5c38e86aaa5829cec391a34a981b1971bbe4f2b10329e254388a3fb2c4f768c9,2026-09-03 13:40:53,2026-07,BEDOK,4 ROOM,524,BEDOK NTH ST 3,10 TO 12,92.0,New Generation,1979,52 years 01 month,530000,0.06079271,17621,2026,524 BEDOK NTH ST 3 Singapore
223151,bdd09d315af0a41c7c98aa794b420fe3aea8b1859e2c1e7b1fc4f59c84997195,2026-09-03 13:40:53,2026-07,BEDOK,4 ROOM,547,BEDOK NTH ST 3,07 TO 09,92.0,New Generation,1980,52 years 10 months,525000,0.06079271,17621,2026,547 BEDOK NTH ST 3 Singapore
223152,87c4a34ca968eda806294a29be3c424f4b463892b5a07f392770e127198c0f27,2026-09-03 13:40:53,2026-07,BEDOK,4 ROOM,523,BEDOK NTH ST 3,04 TO 06,92.0,New Generation,1979,52 years,455000,0.06079271,17621,2026,523 BEDOK NTH ST 3 Singapore
223153,b861a56217e8c47323180f96a6c4a98d8eff76fbeee2088d7bab656ed4bd70fa,2026-09-03 13:40:53,2026-08,BEDOK,4 ROOM,543,BEDOK NTH ST 3,01 TO 03,92.0,New Generation,1980,52 years 11 months,512388,0.06079271,17621,2026,543 BEDOK NTH ST 3 Singapore
223154,42f71739b3504ae361d811d4836d9b851a965deef8684e59461b9c5efbe4c981,2026-09-03 13:40:53,2026-09,BEDOK,4 ROOM,547,BEDOK NTH ST 3,10 TO 12,92.0,New Generation,1980,52 years 09 months,510000,0.06079271,17621,2026,547 BEDOK NTH ST 3 Singapore
223155,19399e804e2e333fe7e7b206267e003a4fe545bf755f939786cb7f4a988027bb,2026-09-03 13:40:53,2026-09,BEDOK,4 ROOM,523,BEDOK NTH ST 3,10 TO 12,92.0,New Generation,1979,51 years 11 months,490000,0.06079271,17621,2026,523 BEDOK NTH ST 3 Singapore
223156,56684f9a20a56719e86747609580193db6ab33e297854b32df7124d5685bc7f2,2026-09-03 13:40:53,2026-09,BEDOK,4 ROOM,547,BEDOK NTH ST 3,10 TO 12,92.0,New Generation,1980,52 years 09 months,525000,0.06079271,17621,2026,547 BEDOK NTH ST 3 Singapore
223157,0e633c79acb7cf553324376ac9bdf6857d63c99f4aee0e408dbb38966697f1d3,2026-09-03 13:40:53,2026-01,BEDOK,4 ROOM,187A,BEDOK NTH ST 4,13 TO 15,93.0,Model A,2018,92 years,888000,0.06079271,17621,2026,187A BEDOK NTH ST 4 Singapore
223158,dcd7a524d7c48ae606987e2b1adb042f2896d6b0f06bf5214de45fcaea61e483,2026-09-03 13:40:53,2026-01,BEDOK,4 ROOM,187B,BEDOK NTH ST 4,04 TO 06,93.0,Model A,2018,92 years,780000,0.06079271,17621,2026,187B BEDOK NTH ST 4 Singapore
223159,6eb2dd675f36cb2221f9e0c2c37cc8cfc2cea32a399c034b4a1e2d1f4ff59a66,2026-09-03 13:40:53,2026-01,BEDOK,4 ROOM,188C,BEDOK NTH ST 4,10 TO 12,93.0,Model A,2020,93 years 01 month,845000,0.06079271,17621,2026,188C BEDOK NTH ST 4 Singapore
223160,aa0ca069080ad81db716125ff430a63dd4c79944f9b4246751cfcf998718fe53,2026-09-03 13:40:53,2026-01,BEDOK,4 ROOM,187B,BEDOK NTH ST 4,01 TO 03,93.0,Model A,2018,92 years,760000,0.06079271,17621,2026,187B BEDOK NTH ST 4 Singapore
223161,8ee5068529a570b4d12a05ee96d9a4ab657903946ae28a83c231fed7f71d0c9b,2026-09-03 13:40:53,2026-02,BEDOK,4 ROOM,187B,BEDOK NTH ST 4,16 TO 18,93.0,Model A,2018,91 years 11 months,875000,0.06079271,17621,2026,187B BEDOK NTH ST 4 Singapore
223162,c42456344f8315433357348f1699aae14716a68912a59b4ef9b00e94ef2abd8a,2026-09-03 13:40:53,2026-02,BEDOK,4 ROOM,187B,BEDOK NTH ST 4,13 TO 15,93.0,Model A,2018,91 years 11 months,870000,0.06079271,17621,2026,187B BEDOK NTH ST 4 Singapore
223163,0caa40ba40b6a257e2cff5b6f89de9bc24d2b7e943b42685654a24dc5204b523,2026-09-03 13:40:53,2026-02,BEDOK,4 ROOM,186A,BEDOK NTH ST 4,19 TO 21,93.0,Model A,2018,91 years 11 months,899888,0.06079271,17621,2026,186A BEDOK NTH ST 4 Singapore
223164,00d2337fb65f358f13108935da62e16d2575aa9874d006d06edb0142b9a7fc62,2026-09-03 13:40:53,2026-02,BEDOK,4 ROOM,186A,BEDOK NTH ST 4,07 TO 09,93.0,Model A,2018,91 years 10 months,853000,0.06079271,17621,2026,186A BEDOK NTH ST 4 Singapore
223165,d9d8e39d8010782dc3d1429c0ba7b32e222e9f16285464ff926d36e9727085f9,2026-09-03 13:40:53,2026-03,BEDOK,4 ROOM,187B,BEDOK NTH ST 4,07 TO 09,93.0,Model A,2018,91 years 10 months,833000,0.06079271,17621,2026,187B BEDOK NTH ST 4 Singapore
223166,55a0a9a7b74f390d745ad9de603a4ece9636a90f0d6b6d60e77817ffddfce547,2026-09-03 13:40:53,2026-03,BEDOK,4 ROOM,187A,BEDOK NTH ST 4,16 TO 18,93.0,Model A,2018,91 years 10 months,870000,0.06079271,17621,2026,187A BEDOK NTH ST 4 Singapore
223167,7509c6034b556aa94058072af47f56c0308163e641513e83f3dca352489672b2,2026-09-03 13:40:53,2026-03,BEDOK,4 ROOM,188A,BEDOK NTH ST 4,07 TO 09,93.0,Model A,2018,91 years 09 months,842000,0.06079271,17621,2026,188A BEDOK NTH ST 4 Singapore
223168,22a979bf23272a48c1b055078a6a2883a56f0cbb8933884cd0c42441615b17b3,2026-09-03 13:40:53,2026-03,BEDOK,4 ROOM,186A,BEDOK NTH ST 4,13 TO 15,93.0,Model A,2018,91 years 09 months,850000,0.06079271,17621,2026,186A BEDOK NTH ST 4 Singapore
223169,a04ec0846c3cc024b67a02dbb3a8b44ff2fc4d40330d7f121439cb7588a4fe4a,2026-09-03 13:40:53,2026-04,BEDOK,4 ROOM,188B,BEDOK NTH ST 4,07 TO 09,93.0,Model A,2018,91 years 09 months,850000,0.06079271,17621,2026,188B BEDOK NTH ST 4 Singapore
223170,6eddb1ad14e6c4f339b6f146c041ac745302d4027b8bb092c99bc34940883a50,2026-09-03 13:40:53,2026-04,BEDOK,4 ROOM,188C,BEDOK NTH ST 4,10 TO 12,93.0,Model A,2020,92 years 10 months,860888,0.06079271,17621,2026,188C BEDOK NTH ST 4 Singapore
223171,c6c3a53ed1bce969d50857fb4f6f08f3a9c30a30b10e6ccaa594983f26ab5698,2026-09-03 13:40:53,2026-04,BEDOK,4 ROOM,188A,BEDOK NTH ST 4,13 TO 15,93.0,Model A,2018,91 years 09 months,800000,0.06079271,17621,2026,188A BEDOK NTH ST 4 Singapore
223172,bc7ea80fdbb5af463a7084c6d5c1533e7c1c01606743aa1f2cf175060d358c33,2026-09-03 13:40:53,2026-04,BEDOK,4 ROOM,187A,BEDOK NTH ST 4,07 TO 09,93.0,Model A,2018,91 years 09 months,838888,0.06079271,17621,2026,187A BEDOK NTH ST 4 Singapore
223173,dab831773b2c7ca14f02187065612d22f585405813e1154c4417f4c52d54cc66,2026-09-03 13:40:53,2026-04,BEDOK,4 ROOM,187A,BEDOK NTH ST 4,10 TO 12,93.0,Model A,2018,91 years 08 months,860000,0.06079271,17621,2026,187A BEDOK NTH ST 4 Singapore
223174,24284a12e4235643af0fa5f9747cfc59274426eb855739f61aba6ea5602c6280,2026-09-03 13:40:53,2026-06,BEDOK,4 ROOM,188D,BEDOK NTH ST 4,16 TO 18,93.0,Model A,2020,92 years 07 months,885000,0.06079271,17621,2026,188D BEDOK NTH ST 4 Singapore
223175,f4acdf6222018691acf501fc7ccab2fb18f11f361edd1fa7be344d17ecf08a0e,2026-09-03 13:40:53,2026-07,BEDOK,4 ROOM,188A,BEDOK NTH ST 4,13 TO 15,93.0,Model A,2018,91 years 06 months,860000,0.06079271,17621,2026,188A BEDOK NTH ST 4 Singapore
223176,c6c6af54e0c555de0f0bc77114160d66c35b699c59c2818cf41582ab5cbbafc3,2026-09-03 13:40:53,2026-07,BEDOK,4 ROOM,187A,BEDOK NTH ST 4,04 TO 06,93.0,Model A,2018,91 years 05 months,838888,0.06079271,17621,2026,187A BEDOK NTH ST 4 Singapore
223177,a39e522bbf5158c54d84efabf386492923fe2f99e6b8e19d65636a468e2cbc40,2026-09-03 13:40:53,2026-07,BEDOK,4 ROOM,186A,BEDOK NTH ST 4,10 TO 12,93.0,Model A,2018,91 years 05 months,860000,0.06079271,17621,2026,186A BEDOK NTH ST 4 Singapore
223178,37a36005d2814981d8b2cd643d2e353c27a57fbc9d67c512359f1992a90ad8d0,2026-09-03 13:40:53,2026-08,BEDOK,4 ROOM,187A,BEDOK NTH ST 4,10 TO 12,93.0,Model A,2018,91 years 05 months,832888,0.06079271,17621,2026,187A BEDOK NTH ST 4 Singapore
223179,c304995e24f0e249953dd64acdd5c8b65796d856f2ea6251d144593831631f07,2026-09-03 13:40:53,2026-08,BEDOK,4 ROOM,187A,BEDOK NTH ST 4,01 TO 03,93.0,Model A,2018,91 years 04 months,750000,0.06079271,17621,2026,187A BEDOK NTH ST 4 Singapore
223180,ee681e41741f9e22107fa27043002bc96a2e2448d5f8a5ae88fe4bebef6b69e4,2026-09-03 13:40:53,2026-08,BEDOK,4 ROOM,187A,BEDOK NTH ST 4,07 TO 09,93.0,Model A,2018,91 years 04 months,850000,0.06079271,17621,2026,187A BEDOK NTH ST 4 Singapore
223181,ee6518afe453243abf122b96910729f7ff076f0b7ab9523a05423a232985bafc,2026-09-03 13:40:53,2026-01,BEDOK,4 ROOM,748C,BEDOK RESERVOIR CRES,01 TO 03,87.0,DBSS,2014,87 years 08 months,800000,0.06079271,17621,2026,748C BEDOK RESERVOIR CRES Singapore
223182,7efda6cacb04c4d34758a4324a672142ca4275cea6a774b4f80bdf64444a4f99,2026-09-03 13:40:53,2026-01,BEDOK,4 ROOM,748B,BEDOK RESERVOIR CRES,01 TO 03,87.0,DBSS,2014,87 years 08 months,819000,0.06079271,17621,2026,748B BEDOK RESERVOIR CRES Singapore
223183,0595f0a77b7d10a3d70fb5784d7c59556e8a6958acc67a1a72b3ea383f88a0ad,2026-09-03 13:40:53,2026-02,BEDOK,4 ROOM,748B,BEDOK RESERVOIR CRES,13 TO 15,87.0,DBSS,2014,87 years 07 months,978888,0.06079271,17621,2026,748B BEDOK RESERVOIR CRES Singapore
223184,5ea65ce4697363b7f24a5ee9db9490275793395fac9f841cef020658b3ef572c,2026-09-03 13:40:53,2026-04,BEDOK,4 ROOM,748C,BEDOK RESERVOIR CRES,13 TO 15,87.0,DBSS,2014,87 years 06 months,860000,0.06079271,17621,2026,748C BEDOK RESERVOIR CRES Singapore
223185,47e733275463f02c8a764e1b98ee8b7aee65c6d32afb08f7bb0cd24f81649954,2026-09-03 13:40:53,2026-06,BEDOK,4 ROOM,747C,BEDOK RESERVOIR CRES,13 TO 15,87.0,DBSS,2014,87 years 04 months,898000,0.06079271,17621,2026,747C BEDOK RESERVOIR CRES Singapore
223186,f9a4be2039e09a43acb7b0b3d0822140b1f3d9d034912d93e5b53ac476f1e886,2026-09-03 13:40:53,2026-06,BEDOK,4 ROOM,748A,BEDOK RESERVOIR CRES,13 TO 15,87.0,DBSS,2014,87 years 04 months,972888,0.06079271,17621,2026,748A BEDOK RESERVOIR CRES Singapore
223187,6e8f7d4825c0831a1a8d65d5de44bd7de00ff95314dbdeeb7d2f70d3c8c0996f,2026-09-03 13:40:53,2026-08,BEDOK,4 ROOM,747B,BEDOK RESERVOIR CRES,07 TO 09,86.0,DBSS,2014,87 years 02 months,940000,0.06079271,17621,2026,747B BEDOK RESERVOIR CRES Singapore
223188,ce79eb160d5ba35e88ff3300226eed2d8d59c3cc5f71413977e5c830e78cc1b3,2026-09-03 13:40:53,2026-01,BEDOK,4 ROOM,110,BEDOK RESERVOIR RD,04 TO 06,91.0,New Generation,1985,58 years 07 months,560000,0.06079271,17621,2026,110 BEDOK RESERVOIR RD Singapore
223189,ce19fa778ba391a41412e656edfc40d9ac3f39a0193756995c402b9e7d959381,2026-09-03 13:40:53,2026-01,BEDOK,4 ROOM,626,BEDOK RESERVOIR RD,07 TO 09,92.0,New Generation,1981,54 years 03 months,565000,0.06079271,17621,2026,626 BEDOK RESERVOIR RD Singapore
223190,ee4a9539e3646507c30fca617534ff3aaf93ac7067b0dafaeba1c93c96cc4478,2026-09-03 13:40:53,2026-01,BEDOK,4 ROOM,718,BEDOK RESERVOIR RD,04 TO 06,104.0,Model A,1984,57 years 01 month,560000,0.06079271,17621,2026,718 BEDOK RESERVOIR RD Singapore
223191,ac5944987105f6acabc240abf52aa9150b0a5ade24d2db22dd042932d17afba8,2026-09-03 13:40:53,2026-01,BEDOK,4 ROOM,113,BEDOK RESERVOIR RD,04 TO 06,96.0,New Generation,1985,58 years 06 months,585000,0.06079271,17621,2026,113 BEDOK RESERVOIR RD Singapore
223192,e89ca7871a700636b8549f67d109a444ef3c3dbbf77f04c9fab1ea86bdd56a2d,2026-09-03 13:40:53,2026-01,BEDOK,4 ROOM,147,BEDOK RESERVOIR RD,07 TO 09,84.0,Simplified,1987,60 years 02 months,538000,0.06079271,17621,2026,147 BEDOK RESERVOIR RD Singapore
223193,b97cd944d3453e874f453e9a71d218e9a3f9ac42ee09347aaab6f013f3a123bc,2026-09-03 13:40:53,2026-01,BEDOK,4 ROOM,103,BEDOK RESERVOIR RD,10 TO 12,96.0,New Generation,1985,58 years 06 months,608000,0.06079271,17621,2026,103 BEDOK RESERVOIR RD Singapore
223194,a34c35f9c5eb6005d79b416896c914c9ed5272a7306cccfe03efc8a3c99fff8a,2026-09-03 13:40:53,2026-01,BEDOK,4 ROOM,623,BEDOK RESERVOIR RD,04 TO 06,91.0,New Generation,1981,54 years 02 months,578000,0.06079271,17621,2026,623 BEDOK RESERVOIR RD Singapore
223195,eae29176706d015732b85772c234b2993db0b1989f54d784d41b16facc6220d0,2026-09-03 13:40:53,2026-01,BEDOK,4 ROOM,108,BEDOK RESERVOIR RD,10 TO 12,93.0,New Generation,1985,58 years 07 months,578000,0.06079271,17621,2026,108 BEDOK RESERVOIR RD Singapore
223196,f4bd7942a3be82999088ee4a07889f985fc41ccad59b6ec161939824ac58966d,2026-09-03 13:40:53,2026-01,BEDOK,4 ROOM,613B,BEDOK RESERVOIR RD,07 TO 09,102.0,Model A,1998,71 years 01 month,770000,0.06079271,17621,2026,613B BEDOK RESERVOIR RD Singapore
223197,6090501e9f2c482fd037c7b3b2b9fd0c13cb1a59c9b095395f11a8516418fda6,2026-09-03 13:40:53,2026-02,BEDOK,4 ROOM,713,BEDOK RESERVOIR RD,01 TO 03,93.0,New Generation,1981,54 years 05 months,545000,0.06079271,17621,2026,713 BEDOK RESERVOIR RD Singapore
223198,a88c85ae0b38e086e2c835d8541b341d2e4264213ba88d7bdaf1d975a9a63fa8,2026-09-03 13:40:53,2026-02,BEDOK,4 ROOM,110,BEDOK RESERVOIR RD,04 TO 06,92.0,New Generation,1985,58 years 05 months,550000,0.06079271,17621,2026,110 BEDOK RESERVOIR RD Singapore
223199,6b2e297ef0c3cd199faeae176233d1d284079289e9d9aede79d38522166242a4,2026-09-03 13:40:53,2026-02,BEDOK,4 ROOM,139,BEDOK RESERVOIR RD,07 TO 09,84.0,Simplified,1988,61 years 02 months,600000,0.06079271,17621,2026,139 BEDOK RESERVOIR RD Singapore
223200,23d9c24ed02e9f4dbff8c52138f3baee26ff01285d6b60a290c6a07a765b335d,2026-09-03 13:40:53,2026-02,BEDOK,4 ROOM,718,BEDOK RESERVOIR RD,10 TO 12,104.0,Model A,1984,56 years 11 months,575000,0.06079271,17621,2026,718 BEDOK RESERVOIR RD Singapore
223201,5d1c2cca521e3adf9376eea11d746406bdb01edf7650d02f11bb2cdb9972d8ac,2026-09-03 13:40:53,2026-03,BEDOK,4 ROOM,110,BEDOK RESERVOIR RD,10 TO 12,93.0,New Generation,1985,58 years 05 months,565888,0.06079271,17621,2026,110 BEDOK RESERVOIR RD Singapore
223202,e359d33e6c83aa6d7b486d817ddfa0f79fa8f4ecf929628700a8360d6c6d44a6,2026-09-03 13:40:53,2026-03,BEDOK,4 ROOM,724,BEDOK RESERVOIR RD,13 TO 15,103.0,Model A,1984,57 years 04 months,610000,0.06079271,17621,2026,724 BEDOK RESERVOIR RD Singapore
223203,ce70800c4e313db1a745eff5d36fee1bdcdd888455397c244919ebc580774932,2026-09-03 13:40:53,2026-03,BEDOK,4 ROOM,120,BEDOK RESERVOIR RD,04 TO 06,91.0,New Generation,1985,58 years 06 months,555000,0.06079271,17621,2026,120 BEDOK RESERVOIR RD Singapore
223204,0b66d6e32cfa37543ee30b44fce6e68af49e36f935fdd2881a9fed4fdcc898b9,2026-09-03 13:40:53,2026-04,BEDOK,4 ROOM,621,BEDOK RESERVOIR RD,10 TO 12,98.0,New Generation,1983,55 years 10 months,588000,0.06079271,17621,2026,621 BEDOK RESERVOIR RD Singapore
223205,e98a180eb3fe1da4d03b394a6594b284017baca5e73fac081dcbaeccc755e493,2026-09-03 13:40:53,2026-04,BEDOK,4 ROOM,724,BEDOK RESERVOIR RD,04 TO 06,105.0,Model A,1984,57 years 04 months,570000,0.06079271,17621,2026,724 BEDOK RESERVOIR RD Singapore
223206,0e5c199d5a1aaa35dd8b1398e6f7803a62bf4a011292a8651bc696c17a25ecea,2026-09-03 13:40:53,2026-04,BEDOK,4 ROOM,601,BEDOK RESERVOIR RD,10 TO 12,98.0,New Generation,1982,55 years 02 months,550000,0.06079271,17621,2026,601 BEDOK RESERVOIR RD Singapore
223207,db20d55818599d55178402f94c87f8938c76f8b41a1413e5b05461d1dba08d99,2026-09-03 13:40:53,2026-04,BEDOK,4 ROOM,628,BEDOK RESERVOIR RD,04 TO 06,95.0,New Generation,1983,55 years 10 months,545000,0.06079271,17621,2026,628 BEDOK RESERVOIR RD Singapore
223208,bdbf33ea45b836f28e8636f1cfede5462142269b4fe5d330742fb0e099fa048f,2026-09-03 13:40:53,2026-04,BEDOK,4 ROOM,703,BEDOK RESERVOIR RD,04 TO 06,93.0,New Generation,1980,53 years 08 months,518888,0.06079271,17621,2026,703 BEDOK RESERVOIR RD Singapore
223209,d8358b31cde27745475c64e4c1543521b395503ce3b76516bbae1105deedfe80,2026-09-03 13:40:53,2026-04,BEDOK,4 ROOM,146,BEDOK RESERVOIR RD,10 TO 12,84.0,Simplified,1986,59 years 09 months,545000,0.06079271,17621,2026,146 BEDOK RESERVOIR RD Singapore
223210,5215c27889ab41b2a63597a9d524c1a79dcd05367a689ad4fd54a6381c33a461,2026-09-03 13:40:53,2026-04,BEDOK,4 ROOM,124,BEDOK RESERVOIR RD,07 TO 09,84.0,Simplified,1987,60 years 01 month,550000,0.06079271,17621,2026,124 BEDOK RESERVOIR RD Singapore
223211,c246ae24823339ab9e3f3f4d2e337a6092c8c5bff1b2751011f24b4ef5aa7dd3,2026-09-03 13:40:53,2026-04,BEDOK,4 ROOM,724,BEDOK RESERVOIR RD,04 TO 06,105.0,Model A,1984,57 years 04 months,615000,0.06079271,17621,2026,724 BEDOK RESERVOIR RD Singapore
223212,d435ee1f97a2295ee492c77f9633f46ff252529b2c8a50fed1b67c742809de50,2026-09-03 13:40:53,2026-04,BEDOK,4 ROOM,122,BEDOK RESERVOIR RD,04 TO 06,103.0,Model A,1987,60 years 02 months,520000,0.06079271,17621,2026,122 BEDOK RESERVOIR RD Singapore
223213,f652659e0a52d81df1993e5598743f719000d728df3bde4b721c7b9e801d487a,2026-09-03 13:40:53,2026-04,BEDOK,4 ROOM,146,BEDOK RESERVOIR RD,04 TO 06,84.0,Simplified,1986,59 years 08 months,545000,0.06079271,17621,2026,146 BEDOK RESERVOIR RD Singapore
223214,1c4650cf6ea7d0147145ced490d09cfd93bca467f073fd1568bbf62dca3bd2dc,2026-09-03 13:40:53,2026-04,BEDOK,4 ROOM,627,BEDOK RESERVOIR RD,04 TO 06,91.0,New Generation,1981,53 years 11 months,495000,0.06079271,17621,2026,627 BEDOK RESERVOIR RD Singapore
223215,6488080af9d4f525a5ffa7b5baff964f126e8d5ad0d3f350cc342b99348d0cfd,2026-09-03 13:40:53,2026-04,BEDOK,4 ROOM,627,BEDOK RESERVOIR RD,01 TO 03,91.0,New Generation,1981,53 years 11 months,570000,0.06079271,17621,2026,627 BEDOK RESERVOIR RD Singapore
223216,b188f93a25b71abeba37daf53e50b9ab39184e25f6f53344fe69a86ee36015ce,2026-09-03 13:40:53,2026-05,BEDOK,4 ROOM,148,BEDOK RESERVOIR RD,13 TO 15,84.0,Simplified,1987,59 years 11 months,585000,0.06079271,17621,2026,148 BEDOK RESERVOIR RD Singapore
223217,6c603d7a92a8886c9d9e7b2484e1123ee201450975860e0e61ae407bca3726bd,2026-09-03 13:40:53,2026-05,BEDOK,4 ROOM,116,BEDOK RESERVOIR RD,07 TO 09,93.0,New Generation,1986,58 years 11 months,580000,0.06079271,17621,2026,116 BEDOK RESERVOIR RD Singapore
223218,d40542dd90ecce783645667fb5aca00d172e68f190f59da6c5054b7f63831c47,2026-09-03 13:40:53,2026-05,BEDOK,4 ROOM,149,BEDOK RESERVOIR RD,10 TO 12,84.0,Simplified,1987,60 years,565000,0.06079271,17621,2026,149 BEDOK RESERVOIR RD Singapore
223219,baed43b808ad4314f64151a9582f72b726bd5371e256473cd0591372ff8334ed,2026-09-03 13:40:53,2026-05,BEDOK,4 ROOM,627,BEDOK RESERVOIR RD,04 TO 06,91.0,New Generation,1981,53 years 10 months,508000,0.06079271,17621,2026,627 BEDOK RESERVOIR RD Singapore
223220,c20e452a6e28e857f622257d93201b05f18f2a6a91f63307cb97593c743fb4da,2026-09-03 13:40:53,2026-05,BEDOK,4 ROOM,148,BEDOK RESERVOIR RD,04 TO 06,84.0,Simplified,1987,59 years 10 months,595000,0.06079271,17621,2026,148 BEDOK RESERVOIR RD Singapore
223221,57e7a95da47806af6ecf689cb1b22c11b48fd6fff9ad85d5ef79cd57df5d9944,2026-09-03 13:40:53,2026-05,BEDOK,4 ROOM,615,BEDOK RESERVOIR RD,07 TO 09,93.0,New Generation,1981,53 years 11 months,573000,0.06079271,17621,2026,615 BEDOK RESERVOIR RD Singapore
223222,5f167659bd7f86e38289482965ce9495b21b1d8b29820b4b074a5bee0021963b,2026-09-03 13:40:53,2026-06,BEDOK,4 ROOM,122,BEDOK RESERVOIR RD,10 TO 12,103.0,Model A,1987,60 years 01 month,600000,0.06079271,17621,2026,122 BEDOK RESERVOIR RD Singapore
223223,69f7cad924a196dd57a8bd65a77dda4cafea234416cb3969c9ec3c6b4e6e25f3,2026-09-03 13:40:53,2026-06,BEDOK,4 ROOM,613B,BEDOK RESERVOIR RD,10 TO 12,101.0,Model A,1998,70 years 09 months,635000,0.06079271,17621,2026,613B BEDOK RESERVOIR RD Singapore
223224,9a22669183c25cb9a163843a73ac2d48b200014ace71992abeb6029af6b7c6cf,2026-09-03 13:40:53,2026-06,BEDOK,4 ROOM,107,BEDOK RESERVOIR RD,07 TO 09,93.0,New Generation,1985,58 years 03 months,560000,0.06079271,17621,2026,107 BEDOK RESERVOIR RD Singapore
223225,0e5fa8a297c769be1f6f8a5cfbeea6bc3eef0fe848a7d789c7c41837c7b062cc,2026-09-03 13:40:53,2026-06,BEDOK,4 ROOM,609,BEDOK RESERVOIR RD,04 TO 06,91.0,New Generation,1982,55 years 02 months,530000,0.06079271,17621,2026,609 BEDOK RESERVOIR RD Singapore
223226,bb1fc27b6e139b1ee855bb9f1b135f75b463d521e3721580da87d11ab4cf1b43,2026-09-03 13:40:53,2026-06,BEDOK,4 ROOM,718,BEDOK RESERVOIR RD,10 TO 12,104.0,Model A,1984,56 years 08 months,585000,0.06079271,17621,2026,718 BEDOK RESERVOIR RD Singapore
223227,b3dca99393b654f43398e8bf131bda0d9698ab56cd7324066e2b80fd251b6fd7,2026-09-03 13:40:53,2026-06,BEDOK,4 ROOM,113,BEDOK RESERVOIR RD,01 TO 03,96.0,New Generation,1985,58 years 01 month,555000,0.06079271,17621,2026,113 BEDOK RESERVOIR RD Singapore
223228,83bae06cefd0ca2058a6aea6b501ff27eb81bfd48a06d16332b6a0587d3577ff,2026-09-03 13:40:53,2026-06,BEDOK,4 ROOM,149,BEDOK RESERVOIR RD,13 TO 15,84.0,Simplified,1987,60 years,565000,0.06079271,17621,2026,149 BEDOK RESERVOIR RD Singapore
223229,ef8ed25bfeb79e3194288b384f27dfd41316ef5cba43e3538207f745f033b539,2026-09-03 13:40:53,2026-07,BEDOK,4 ROOM,723,BEDOK RESERVOIR RD,04 TO 06,111.0,Model A,1984,57 years 02 months,630000,0.06079271,17621,2026,723 BEDOK RESERVOIR RD Singapore
223230,210c78879dd31e40f60f1bc36bede6755a66f85056fad5e67b083e7aa3b76515,2026-09-03 13:40:53,2026-07,BEDOK,4 ROOM,103,BEDOK RESERVOIR RD,04 TO 06,91.0,New Generation,1985,58 years,578000,0.06079271,17621,2026,103 BEDOK RESERVOIR RD Singapore
223231,fa85cca5e768d14218e575155c512ea9435503fc289b4e6439bcce822896d191,2026-09-03 13:40:53,2026-07,BEDOK,4 ROOM,718,BEDOK RESERVOIR RD,04 TO 06,104.0,Model A,1984,56 years 07 months,570000,0.06079271,17621,2026,718 BEDOK RESERVOIR RD Singapore
223232,a4c0637725cff01fc78458c1eac21aa3bd652a6f7bbb524d8d42f020d5606698,2026-09-03 13:40:53,2026-07,BEDOK,4 ROOM,120,BEDOK RESERVOIR RD,04 TO 06,104.0,New Generation,1985,58 years 03 months,600000,0.06079271,17621,2026,120 BEDOK RESERVOIR RD Singapore
223233,25fba70ef676f2929aa61f955357ff691293c772b4bcab193c6da12879baab2f,2026-09-03 13:40:53,2026-07,BEDOK,4 ROOM,125,BEDOK RESERVOIR RD,10 TO 12,84.0,Simplified,1987,60 years 01 month,580000,0.06079271,17621,2026,125 BEDOK RESERVOIR RD Singapore
223234,b451d271363224bd0d7ca7c5ca95a33f465649d7180f4683d19b4aeecfc1af4a,2026-09-03 13:40:53,2026-07,BEDOK,4 ROOM,107,BEDOK RESERVOIR RD,01 TO 03,91.0,New Generation,1985,58 years 02 months,556888,0.06079271,17621,2026,107 BEDOK RESERVOIR RD Singapore
223235,169cbc15be4a0dc37eba37add67d2f5282b5cc0d2cecf3de1defb4b03ffeebba,2026-09-03 13:40:53,2026-07,BEDOK,4 ROOM,113,BEDOK RESERVOIR RD,04 TO 06,91.0,New Generation,1985,58 years,530000,0.06079271,17621,2026,113 BEDOK RESERVOIR RD Singapore
223236,fa40d884771eb1ea5de21b4276c46dab31d727594c1314947a3fa1167d73258a,2026-09-03 13:40:53,2026-07,BEDOK,4 ROOM,148,BEDOK RESERVOIR RD,07 TO 09,84.0,Simplified,1987,59 years 09 months,593000,0.06079271,17621,2026,148 BEDOK RESERVOIR RD Singapore
223237,ea40affaa9c1d600f0465bcda9832c60207937f82ef6e5ad201786d6148bb856,2026-09-03 13:40:53,2026-07,BEDOK,4 ROOM,720,BEDOK RESERVOIR RD,10 TO 12,104.0,Model A,1984,56 years 07 months,615000,0.06079271,17621,2026,720 BEDOK RESERVOIR RD Singapore
223238,e495c17a18b9f98bed8c03deb373a1b0643660f2bcf75c3b1dad88a97a0e9023,2026-09-03 13:40:53,2026-07,BEDOK,4 ROOM,134,BEDOK RESERVOIR RD,10 TO 12,84.0,Simplified,1987,59 years 11 months,588888,0.06079271,17621,2026,134 BEDOK RESERVOIR RD Singapore
223239,ff19e72ed09318e8b3439b632803fe6b18115d55d11514bb28c3bade8a2195c0,2026-09-03 13:40:53,2026-07,BEDOK,4 ROOM,601,BEDOK RESERVOIR RD,04 TO 06,98.0,New Generation,1982,54 years 10 months,550000,0.06079271,17621,2026,601 BEDOK RESERVOIR RD Singapore
223240,4b0542b59acd3dae4dda9e4ba6116f7b6cd02dfd32ce78c2fef553bed8004a0e,2026-09-03 13:40:53,2026-07,BEDOK,4 ROOM,628,BEDOK RESERVOIR RD,01 TO 03,95.0,New Generation,1983,55 years 07 months,540000,0.06079271,17621,2026,628 BEDOK RESERVOIR RD Singapore
223241,620bd4e07c88f111443ba692e1bd01c6adf0fc3065d89832e0452515f1b10c0e,2026-09-03 13:40:53,2026-08,BEDOK,4 ROOM,718,BEDOK RESERVOIR RD,04 TO 06,104.0,Model A,1984,56 years 06 months,574000,0.06079271,17621,2026,718 BEDOK RESERVOIR RD Singapore
223242,e86d8072a6c451efcf1fac9323085414ae382aeda79ff64ee91d1ad742283b73,2026-09-03 13:40:53,2026-08,BEDOK,4 ROOM,103,BEDOK RESERVOIR RD,10 TO 12,96.0,New Generation,1985,57 years 11 months,599000,0.06079271,17621,2026,103 BEDOK RESERVOIR RD Singapore
223243,74b97d26dab53066370e1d68183ee49ed9d6e6676cc1f2aff7b460f8c0c7e866,2026-09-03 13:40:53,2026-08,BEDOK,4 ROOM,122,BEDOK RESERVOIR RD,10 TO 12,103.0,Model A,1987,59 years 11 months,640000,0.06079271,17621,2026,122 BEDOK RESERVOIR RD Singapore
223244,b0045ed8f304cba6145ace401631923943299ac4e7049ccd6fa3141d1ef1eda6,2026-09-03 13:40:53,2026-08,BEDOK,4 ROOM,613B,BEDOK RESERVOIR RD,01 TO 03,102.0,Model A,1998,70 years 07 months,660000,0.06079271,17621,2026,613B BEDOK RESERVOIR RD Singapore
223245,4b2ac762f29d35fa6028accd1b80a6598f8c81e67c11f4903de42e435e02f3aa,2026-09-03 13:40:53,2026-08,BEDOK,4 ROOM,131,BEDOK RESERVOIR RD,01 TO 03,83.0,Simplified,1987,59 years 06 months,550000,0.06079271,17621,2026,131 BEDOK RESERVOIR RD Singapore
223246,3909db50905fc7c0740359dc2d845d81fe3236837bde2daa344ba440200d2789,2026-09-03 13:40:53,2026-08,BEDOK,4 ROOM,718,BEDOK RESERVOIR RD,01 TO 03,104.0,Model A,1984,56 years 05 months,545000,0.06079271,17621,2026,718 BEDOK RESERVOIR RD Singapore
223247,2a945f8586bead6e26658298dbcf7c91e8cdc4ea1dbacef3322ad4ade3b8afc4,2026-09-03 13:40:53,2026-08,BEDOK,4 ROOM,150,BEDOK RESERVOIR RD,04 TO 06,84.0,Simplified,1988,60 years 11 months,572000,0.06079271,17621,2026,150 BEDOK RESERVOIR RD Singapore
223248,07eb91bf91f52fd730ee1a35e5b6b2ce8508f2200c8f58fc82b32b8260de843b,2026-09-03 13:40:53,2026-08,BEDOK,4 ROOM,701,BEDOK RESERVOIR RD,07 TO 09,93.0,New Generation,1980,53 years 03 months,548000,0.06079271,17621,2026,701 BEDOK RESERVOIR RD Singapore
223249,e3b628924098ef8835227a7f09848ebed047b00b45dc9de36390d552de2eaead,2026-09-03 13:40:53,2026-08,BEDOK,4 ROOM,128,BEDOK RESERVOIR RD,01 TO 03,84.0,Simplified,1986,59 years 03 months,540000,0.06079271,17621,2026,128 BEDOK RESERVOIR RD Singapore
223250,f434a86e870a3d7de28db352251ed85923ce34ccdc19466d566936e5194d91a0,2026-09-03 13:40:53,2026-09,BEDOK,4 ROOM,622,BEDOK RESERVOIR RD,04 TO 06,91.0,New Generation,1981,53 years 08 months,545000,0.06079271,17621,2026,622 BEDOK RESERVOIR RD Singapore
223251,c5546627d1e1de9a2737d88106587870cdd875c00a3e915fa37fbb0903a61998,2026-09-03 13:40:53,2026-09,BEDOK,4 ROOM,105,BEDOK RESERVOIR RD,07 TO 09,93.0,New Generation,1985,58 years,590000,0.06079271,17621,2026,105 BEDOK RESERVOIR RD Singapore
223252,c55dd1c27b407078d41ec7dce4944a5473d27cec6514b33711973fe6fdc7d6a9,2026-09-03 13:40:53,2026-09,BEDOK,4 ROOM,151,BEDOK RESERVOIR RD,07 TO 09,88.0,Simplified,1988,61 years 01 month,625000,0.06079271,17621,2026,151 BEDOK RESERVOIR RD Singapore
223253,8af5d909bddb213bcec2420d07c0f59455bb34f4f9f1bd41c3e1687ad1eb569d,2026-09-03 13:40:53,2026-01,BEDOK,4 ROOM,761,BEDOK RESERVOIR VIEW,04 TO 06,105.0,Premium Apartment,2000,74 years,730000,0.06079271,17621,2026,761 BEDOK RESERVOIR VIEW Singapore
223254,3fa89042736377d80e61bc05047d83c8ca7bfbb34a6134d6937725e06fd5290b,2026-09-03 13:40:53,2026-01,BEDOK,4 ROOM,766,BEDOK RESERVOIR VIEW,07 TO 09,105.0,Premium Apartment,2000,74 years,730000,0.06079271,17621,2026,766 BEDOK RESERVOIR VIEW Singapore
223255,78f0cc937daaa49434e330c5f2d0492008999ae432c0d37ddc5b78111fab83ee,2026-09-03 13:40:53,2026-01,BEDOK,4 ROOM,763,BEDOK RESERVOIR VIEW,10 TO 12,105.0,Premium Apartment,2000,73 years 11 months,785000,0.06079271,17621,2026,763 BEDOK RESERVOIR VIEW Singapore
223256,cece0a7fbed0f9bfdd67daf763ed702a814daef296e6d29e20d80c9a2adabc78,2026-09-03 13:40:53,2026-01,BEDOK,4 ROOM,771,BEDOK RESERVOIR VIEW,13 TO 15,105.0,Premium Apartment,2000,73 years 11 months,800000,0.06079271,17621,2026,771 BEDOK RESERVOIR VIEW Singapore
223257,1fbde353c48d3a4435c9cbe2e7a4facd54c42f690f8e5639d138c5a71b2f938a,2026-09-03 13:40:53,2026-02,BEDOK,4 ROOM,773,BEDOK RESERVOIR VIEW,04 TO 06,107.0,Premium Apartment,2000,73 years 11 months,715000,0.06079271,17621,2026,773 BEDOK RESERVOIR VIEW Singapore
223258,eede6a073d429572e7cb702ad777c52361a5be79d2b150f557aa7e202857cb03,2026-09-03 13:40:53,2026-02,BEDOK,4 ROOM,765,BEDOK RESERVOIR VIEW,10 TO 12,105.0,Premium Apartment,2000,73 years 11 months,772000,0.06079271,17621,2026,765 BEDOK RESERVOIR VIEW Singapore
223259,3c8ceb5e881ab04e0c646edf5428d22a74036ad9eabad7957e6d05984352c963,2026-09-03 13:40:53,2026-02,BEDOK,4 ROOM,769,BEDOK RESERVOIR VIEW,01 TO 03,105.0,Premium Apartment,2000,73 years 11 months,604000,0.06079271,17621,2026,769 BEDOK RESERVOIR VIEW Singapore
223260,068b1f466f9f3843d5db81b0e979b170f2e0b985737932f485f7e8236ec28326,2026-09-03 13:40:53,2026-02,BEDOK,4 ROOM,766,BEDOK RESERVOIR VIEW,16 TO 18,107.0,Premium Apartment,2000,73 years 10 months,790000,0.06079271,17621,2026,766 BEDOK RESERVOIR VIEW Singapore
223261,e8a1597c84d0484321937917885aca14c662bd09a9e05e651a1641250b727f93,2026-09-03 13:40:53,2026-03,BEDOK,4 ROOM,766,BEDOK RESERVOIR VIEW,01 TO 03,105.0,Premium Apartment,2000,73 years 10 months,681000,0.06079271,17621,2026,766 BEDOK RESERVOIR VIEW Singapore
223262,e4c09d361a944239072a9f08a5dc2c58265534e5700f4afb50e91bae404a8fd9,2026-09-03 13:40:53,2026-03,BEDOK,4 ROOM,774,BEDOK RESERVOIR VIEW,01 TO 03,105.0,Premium Apartment,2000,73 years 10 months,650000,0.06079271,17621,2026,774 BEDOK RESERVOIR VIEW Singapore
223263,f21ce8195d95da178ddec876bc620997fc6e847f3ef182c8a0b53fdb5db3aab4,2026-09-03 13:40:53,2026-04,BEDOK,4 ROOM,771,BEDOK RESERVOIR VIEW,04 TO 06,105.0,Premium Apartment,2000,73 years 09 months,673777,0.06079271,17621,2026,771 BEDOK RESERVOIR VIEW Singapore
223264,bef1f63dc9821756f964fca3d6b2349f015fec1d61ca78682e1af588a5aef583,2026-09-03 13:40:53,2026-04,BEDOK,4 ROOM,763,BEDOK RESERVOIR VIEW,01 TO 03,105.0,Premium Apartment,2000,73 years 09 months,660000,0.06079271,17621,2026,763 BEDOK RESERVOIR VIEW Singapore
223265,f775e63fdecbdbde72e98fa5d264ddc7775ae593b389b10fc3c8e5d2998341f1,2026-09-03 13:40:53,2026-04,BEDOK,4 ROOM,766,BEDOK RESERVOIR VIEW,13 TO 15,105.0,Premium Apartment,2000,73 years 09 months,770000,0.06079271,17621,2026,766 BEDOK RESERVOIR VIEW Singapore
223266,9158f99a0687e357649be438a07fcc5554e5c72e65cb2aea065b51809dcb5401,2026-09-03 13:40:53,2026-04,BEDOK,4 ROOM,764,BEDOK RESERVOIR VIEW,13 TO 15,105.0,Premium Apartment,2000,73 years 09 months,815000,0.06079271,17621,2026,764 BEDOK RESERVOIR VIEW Singapore
223267,264b5fe4ae6ca843d22a66796e7d07991bb4136fa3bef3ac04cceea554c6ba4f,2026-09-03 13:40:53,2026-04,BEDOK,4 ROOM,769,BEDOK RESERVOIR VIEW,01 TO 03,105.0,Premium Apartment,2000,73 years 08 months,650000,0.06079271,17621,2026,769 BEDOK RESERVOIR VIEW Singapore
223268,90bd18525b1c5ccc3c191a23d62a925e76d261426019890f72a60811249d9de1,2026-09-03 13:40:53,2026-04,BEDOK,4 ROOM,762,BEDOK RESERVOIR VIEW,10 TO 12,105.0,Premium Apartment,2000,73 years 08 months,785000,0.06079271,17621,2026,762 BEDOK RESERVOIR VIEW Singapore
223269,2114530bee7291aeef11317b7725a11611f3e076ffe58463bf0c97a5bfd8bbe8,2026-09-03 13:40:53,2026-05,BEDOK,4 ROOM,768,BEDOK RESERVOIR VIEW,07 TO 09,104.0,Premium Apartment,2000,73 years 08 months,765000,0.06079271,17621,2026,768 BEDOK RESERVOIR VIEW Singapore
223270,af1cb511e9ce4104b2b4b38094c5e02a4bfcb787720f54b373e6dc2ad7483813,2026-09-03 13:40:53,2026-05,BEDOK,4 ROOM,766,BEDOK RESERVOIR VIEW,07 TO 09,105.0,Premium Apartment,2000,73 years 07 months,800000,0.06079271,17621,2026,766 BEDOK RESERVOIR VIEW Singapore
223271,438c16873f2651aa53bae7f6034fcc67a7832d09df5604f85bdda7d7310f3cad,2026-09-03 13:40:53,2026-05,BEDOK,4 ROOM,763,BEDOK RESERVOIR VIEW,10 TO 12,105.0,Premium Apartment,2000,73 years 07 months,783888,0.06079271,17621,2026,763 BEDOK RESERVOIR VIEW Singapore
223272,f790670971304550ecb7634246c046db62aaae85a03160e1d807e4b0b1488985,2026-09-03 13:40:53,2026-06,BEDOK,4 ROOM,767,BEDOK RESERVOIR VIEW,16 TO 18,107.0,Premium Apartment,2000,73 years 06 months,815000,0.06079271,17621,2026,767 BEDOK RESERVOIR VIEW Singapore
223273,7b9f1383bc7739e5e01de3da3a399780c29798290800c77061711df6f9bce887,2026-09-03 13:40:53,2026-06,BEDOK,4 ROOM,766,BEDOK RESERVOIR VIEW,13 TO 15,105.0,Premium Apartment,2000,73 years 06 months,785000,0.06079271,17621,2026,766 BEDOK RESERVOIR VIEW Singapore
223274,680df1481201fccd84abe26e94b730cd216aead10472419f16ef9dc22a9b263b,2026-09-03 13:40:53,2026-07,BEDOK,4 ROOM,766,BEDOK RESERVOIR VIEW,04 TO 06,105.0,Premium Apartment,2000,73 years 06 months,695000,0.06079271,17621,2026,766 BEDOK RESERVOIR VIEW Singapore
223275,7322a89481f6db2d784603b0bde909f9daa80ed78e025d380734136a5d1990a5,2026-09-03 13:40:53,2026-07,BEDOK,4 ROOM,764,BEDOK RESERVOIR VIEW,13 TO 15,105.0,Premium Apartment,2000,73 years 05 months,835800,0.06079271,17621,2026,764 BEDOK RESERVOIR VIEW Singapore
223276,25534b72a099f3c54e2d13c2736c30cf1f2037b4f96ef400e7ab72896aaea81a,2026-09-03 13:40:53,2026-07,BEDOK,4 ROOM,762,BEDOK RESERVOIR VIEW,04 TO 06,107.0,Premium Apartment,2000,73 years 05 months,765000,0.06079271,17621,2026,762 BEDOK RESERVOIR VIEW Singapore
223277,5d2819d18b29e18c1aae31e6e943509af0b813f0e71c62887113167769cc35cb,2026-09-03 13:40:53,2026-08,BEDOK,4 ROOM,773,BEDOK RESERVOIR VIEW,07 TO 09,105.0,Premium Apartment,2000,73 years 05 months,700000,0.06079271,17621,2026,773 BEDOK RESERVOIR VIEW Singapore
223278,3edfe0d21d6a2db2e1851774317f73281b1491053010eaf3d804941b7ddf016e,2026-09-03 13:40:53,2026-08,BEDOK,4 ROOM,765,BEDOK RESERVOIR VIEW,16 TO 18,105.0,Premium Apartment,2000,73 years 05 months,848000,0.06079271,17621,2026,765 BEDOK RESERVOIR VIEW Singapore
223279,6bc133a5048447a56c363ce260c2600508e8ce5bf0195145f3300b55921de3de,2026-09-03 13:40:53,2026-08,BEDOK,4 ROOM,774,BEDOK RESERVOIR VIEW,16 TO 18,105.0,Premium Apartment,2000,73 years 05 months,810000,0.06079271,17621,2026,774 BEDOK RESERVOIR VIEW Singapore
223280,f61f9cf88f9d111214a69f39369a382907e9d3eb300a191e73902741cfd0e28f,2026-09-03 13:40:53,2026-08,BEDOK,4 ROOM,767,BEDOK RESERVOIR VIEW,16 TO 18,107.0,Premium Apartment,2000,73 years 05 months,800000,0.06079271,17621,2026,767 BEDOK RESERVOIR VIEW Singapore
223281,2e0004656c82d4ed4bbecd4309443990b5e1edbd15f5ad610ef6965f84e3dfec,2026-09-03 13:40:53,2026-08,BEDOK,4 ROOM,767,BEDOK RESERVOIR VIEW,10 TO 12,107.0,Premium Apartment,2000,73 years 05 months,720000,0.06079271,17621,2026,767 BEDOK RESERVOIR VIEW Singapore
223282,58c3225b636c1244bffef7fff95d6f95796854c0e922a4e4da76ba25d70a41ed,2026-09-03 13:40:53,2026-01,BEDOK,4 ROOM,36,BEDOK STH AVE 2,01 TO 03,84.0,Improved,1977,50 years 09 months,425000,0.06079271,17621,2026,36 BEDOK STH AVE 2 Singapore
223283,e37d95e6c2e281217efac3515c2bc30b7f2f5e45d16531e0c8fde18636346f0d,2026-09-03 13:40:53,2026-04,BEDOK,4 ROOM,5,BEDOK STH AVE 2,01 TO 03,82.0,Improved,1976,48 years 10 months,520000,0.06079271,17621,2026,5 BEDOK STH AVE 2 Singapore
223284,47c7c3084d98259e2aa712d0777e70d6976f361706040d410f3775e9420d6525,2026-09-03 13:40:53,2026-04,BEDOK,4 ROOM,8,BEDOK STH AVE 2,01 TO 03,82.0,Improved,1976,48 years 09 months,470000,0.06079271,17621,2026,8 BEDOK STH AVE 2 Singapore
223285,c73f429ee3b8edacf8d74cba696cf6fae015e010ca7845526512d5d609eea593,2026-09-03 13:40:53,2026-04,BEDOK,4 ROOM,37,BEDOK STH AVE 2,01 TO 03,84.0,Improved,1977,50 years 06 months,468000,0.06079271,17621,2026,37 BEDOK STH AVE 2 Singapore
223286,f31a0ed826c6e5beb1ba39a6e9e0e74b3fc08151705f5a63dd60fd2aac64ba9c,2026-09-03 13:40:53,2026-05,BEDOK,4 ROOM,34,BEDOK STH AVE 2,13 TO 15,90.0,Improved,1977,50 years 05 months,450000,0.06079271,17621,2026,34 BEDOK STH AVE 2 Singapore
223287,61e5d6227f22f27dee6d98c957664b7e02952e7e77a698da57d8de49d840b741,2026-09-03 13:40:53,2026-05,BEDOK,4 ROOM,7,BEDOK STH AVE 2,13 TO 15,82.0,Improved,1976,48 years 09 months,460000,0.06079271,17621,2026,7 BEDOK STH AVE 2 Singapore
223288,8ba4d8ca59567751e1aa1b76bb6bd88ca1c84233a394f84158e82b5b4816f422,2026-09-03 13:40:53,2026-05,BEDOK,4 ROOM,34,BEDOK STH AVE 2,13 TO 15,90.0,Improved,1977,50 years 04 months,475000,0.06079271,17621,2026,34 BEDOK STH AVE 2 Singapore
223289,c88040e3560ff05e0a6aa39a19ffd32f1ab11d27c12104f1c1ff448cce4b934f,2026-09-03 13:40:53,2026-05,BEDOK,4 ROOM,34,BEDOK STH AVE 2,07 TO 09,90.0,Improved,1977,50 years 04 months,490000,0.06079271,17621,2026,34 BEDOK STH AVE 2 Singapore
223290,ca0326c17721a41b32b903ec057c76530d5dabb45589c94b24a004198425008c,2026-09-03 13:40:53,2026-06,BEDOK,4 ROOM,35,BEDOK STH AVE 2,16 TO 18,90.0,Improved,1977,50 years 04 months,510000,0.06079271,17621,2026,35 BEDOK STH AVE 2 Singapore
223291,de1538dcd884d001ba7bb656cfe81d6f96d385794dfcb0ee2eb730124bd3fef7,2026-09-03 13:40:53,2026-06,BEDOK,4 ROOM,36,BEDOK STH AVE 2,13 TO 15,84.0,Improved,1977,50 years 04 months,477000,0.06079271,17621,2026,36 BEDOK STH AVE 2 Singapore
223292,a3ff4186a5df095b2c96c952680f75eb2d283ba7926b1ed52d4edb9f1bb87d27,2026-09-03 13:40:53,2026-08,BEDOK,4 ROOM,6,BEDOK STH AVE 2,01 TO 03,82.0,Improved,1976,48 years 05 months,430000,0.06079271,17621,2026,6 BEDOK STH AVE 2 Singapore
223293,5e6af3a17b31b7a7e75f77aace9d8c047a0048da745256d483ddcf669c0057e6,2026-09-03 13:40:53,2026-01,BEDOK,4 ROOM,157,BEDOK STH AVE 3,10 TO 12,83.0,Simplified,1985,58 years 03 months,630000,0.06079271,17621,2026,157 BEDOK STH AVE 3 Singapore
223294,8da0e511146d401bff9432f3c8e6e90c6f1631e87b44d4b7af3002b31d7a24bf,2026-09-03 13:40:53,2026-02,BEDOK,4 ROOM,159,BEDOK STH AVE 3,07 TO 09,104.0,Model A,1985,58 years 02 months,630000,0.06079271,17621,2026,159 BEDOK STH AVE 3 Singapore
223295,1b91128cdd15b6c6edd0b42d9e6cedbf7c990364aea311df16b5dded05a29a02,2026-09-03 13:40:53,2026-04,BEDOK,4 ROOM,169,BEDOK STH AVE 3,10 TO 12,83.0,Simplified,1985,58 years,530000,0.06079271,17621,2026,169 BEDOK STH AVE 3 Singapore
223296,8eb1fb238502e72c8a5dcd8b068ec9bfabb23ffe94aa38527a69da47bedd7520,2026-09-03 13:40:53,2026-05,BEDOK,4 ROOM,169,BEDOK STH AVE 3,07 TO 09,104.0,Model A,1985,57 years 11 months,660000,0.06079271,17621,2026,169 BEDOK STH AVE 3 Singapore
223297,a9de8896c26f8aeb42be64bce4caf68f81168b08f8b968ca127067d8e6b5ec1f,2026-09-03 13:40:53,2026-06,BEDOK,4 ROOM,166,BEDOK STH AVE 3,10 TO 12,83.0,Simplified,1985,57 years 10 months,570000,0.06079271,17621,2026,166 BEDOK STH AVE 3 Singapore
223298,36c90185f87ef3688756bf0a91386deff29741f97e42ca297c6f500bd791d1ce,2026-09-03 13:40:53,2026-07,BEDOK,4 ROOM,159,BEDOK STH AVE 3,04 TO 06,83.0,Simplified,1985,57 years 09 months,550000,0.06079271,17621,2026,159 BEDOK STH AVE 3 Singapore
223299,5fc98f1df001a6d624197b0ee6ba3d831c54ba0edf6810f2afdcc910a8ac9a1e,2026-09-03 13:40:53,2026-08,BEDOK,4 ROOM,156,BEDOK STH AVE 3,04 TO 06,84.0,Simplified,1985,58 years 05 months,580000,0.06079271,17621,2026,156 BEDOK STH AVE 3 Singapore
223300,8ba20ff8dfe8eb38d5c92004eb6255b2ddd34edc8f8f3c4de07532083565e1cf,2026-09-03 13:40:53,2026-01,BEDOK,4 ROOM,172,BEDOK STH RD,10 TO 12,84.0,Simplified,1985,59 years,549000,0.06079271,17621,2026,172 BEDOK STH RD Singapore
223301,f60e3274769eb4c024beb45e6b05c9065c3760f60d314771382bb14c7e27466e,2026-09-03 13:40:53,2026-01,BEDOK,4 ROOM,43,BEDOK STH RD,10 TO 12,84.0,Improved,1977,50 years 09 months,470000,0.06079271,17621,2026,43 BEDOK STH RD Singapore
223302,cded619aff1387b22f99718b8e30899d673d75fcc9894fe63a88dd2cbfd32faf,2026-09-03 13:40:53,2026-02,BEDOK,4 ROOM,44,BEDOK STH RD,16 TO 18,84.0,Improved,1977,50 years 07 months,510000,0.06079271,17621,2026,44 BEDOK STH RD Singapore
223303,917b6e87f81bf67b33db8947704c29bcdb64a1764e0ed64dd01f7779096be801,2026-09-03 13:40:53,2026-03,BEDOK,4 ROOM,15,BEDOK STH RD,04 TO 06,88.0,Improved,1976,48 years 11 months,450000,0.06079271,17621,2026,15 BEDOK STH RD Singapore
223304,174c4eb028cfac1446e5919916ec57f3923895d3b8290f688ae5bd87b7ca7a6f,2026-09-03 13:40:53,2026-03,BEDOK,4 ROOM,171,BEDOK STH RD,07 TO 09,84.0,Simplified,1985,58 years 08 months,583000,0.06079271,17621,2026,171 BEDOK STH RD Singapore
223305,20f6d3aa79a06acbad440bfddc6da07f4cd51573da06cacd8e24e9418ec5e6d4,2026-09-03 13:40:53,2026-04,BEDOK,4 ROOM,165,BEDOK STH RD,10 TO 12,105.0,Model A,1985,57 years 11 months,688000,0.06079271,17621,2026,165 BEDOK STH RD Singapore
223306,47f771fdba2bd13dfa1789e38380ae602d3234f843e8385f1a4762293dbe69b3,2026-09-03 13:40:53,2026-04,BEDOK,4 ROOM,154B,BEDOK STH RD,16 TO 18,93.0,Model A,2022,94 years 10 months,1120000,0.06079271,17621,2026,154B BEDOK STH RD Singapore
223307,56bedc5e3fad62dbe6df70fbbb85f7b76e1ffe89a89f0aea231cb8d2330c3f35,2026-09-03 13:40:53,2026-04,BEDOK,4 ROOM,154B,BEDOK STH RD,16 TO 18,93.0,Model A,2022,94 years 10 months,1170000,0.06079271,17621,2026,154B BEDOK STH RD Singapore
223308,0fc3828ee03605d23b545a95e35a74189e8cab45028d22e7600e2cc4f23bba11,2026-09-03 13:40:53,2026-04,BEDOK,4 ROOM,165,BEDOK STH RD,10 TO 12,83.0,Simplified,1985,57 years 10 months,552000,0.06079271,17621,2026,165 BEDOK STH RD Singapore
223309,4af36343fa8e8241d5cc10b6f2a4838f68849e9800cbf7e61dd8843a5b0cac53,2026-09-03 13:40:53,2026-04,BEDOK,4 ROOM,171,BEDOK STH RD,04 TO 06,84.0,Simplified,1985,58 years 07 months,530000,0.06079271,17621,2026,171 BEDOK STH RD Singapore
223310,cd0d2f116d10d2f4ce60b10e8f8c266ac495dbc7dd44696f1f344cb2f3f87ed7,2026-09-03 13:40:53,2026-04,BEDOK,4 ROOM,163,BEDOK STH RD,07 TO 09,105.0,Model A,1985,58 years 02 months,668000,0.06079271,17621,2026,163 BEDOK STH RD Singapore
223311,bad86ae39f3f941f9d71bf1a41b6d2a2891a03a95f123976b8c48e8ce0471721,2026-09-03 13:40:53,2026-05,BEDOK,4 ROOM,154B,BEDOK STH RD,13 TO 15,93.0,Model A,2022,94 years 09 months,1058000,0.06079271,17621,2026,154B BEDOK STH RD Singapore
223312,7c0dec319322ba635a2e38a207cdf72a9dd4e21c5a4505b970e0e8e64f946b4a,2026-09-03 13:40:53,2026-05,BEDOK,4 ROOM,153C,BEDOK STH RD,10 TO 12,93.0,Model A,2022,95 years,968000,0.06079271,17621,2026,153C BEDOK STH RD Singapore
223313,96e4cb02a47177e81f91ca27cb5eeb970331e07a2d14f26280078c30340fa4d9,2026-09-03 13:40:53,2026-05,BEDOK,4 ROOM,154A,BEDOK STH RD,13 TO 15,93.0,Model A,2022,94 years 09 months,940000,0.06079271,17621,2026,154A BEDOK STH RD Singapore
223314,89df37ff07f79848419e2b621ac0c001ad8e57bdad993516ec13febe23865c42,2026-09-03 13:40:53,2026-05,BEDOK,4 ROOM,153B,BEDOK STH RD,13 TO 15,93.0,Model A,2022,95 years,1088000,0.06079271,17621,2026,153B BEDOK STH RD Singapore
223315,ac8436402a4106f69a99e089ec2b7eb891fae583f6f9ce463317c662aa59f5d7,2026-09-03 13:40:53,2026-05,BEDOK,4 ROOM,154B,BEDOK STH RD,13 TO 15,93.0,Model A,2022,94 years 08 months,1150000,0.06079271,17621,2026,154B BEDOK STH RD Singapore
223316,7ab2c1f2e423be795223be08c1940d8a569fa06d6a4e3e42e2ae33e3db9dfbe1,2026-09-03 13:40:53,2026-05,BEDOK,4 ROOM,153C,BEDOK STH RD,10 TO 12,93.0,Model A,2022,94 years 11 months,980000,0.06079271,17621,2026,153C BEDOK STH RD Singapore
223317,18f1e076f0e64e4ef79523f71b8315dfb90c8d2e8810ec437b3288b35721ffce,2026-09-03 13:40:53,2026-05,BEDOK,4 ROOM,154A,BEDOK STH RD,07 TO 09,93.0,Model A,2022,94 years 09 months,940000,0.06079271,17621,2026,154A BEDOK STH RD Singapore
223318,48bc8bae186f204e641aa9910cb4802e655de29c54d865b5d219d36dec3a5e07,2026-09-03 13:40:53,2026-05,BEDOK,4 ROOM,165,BEDOK STH RD,07 TO 09,83.0,Simplified,1985,57 years 09 months,560000,0.06079271,17621,2026,165 BEDOK STH RD Singapore
223319,d10e113edb7c9cdc3ba10ad6dc5294f23f9d2466f391bfe9e6c77804f67a979e,2026-09-03 13:40:53,2026-05,BEDOK,4 ROOM,153B,BEDOK STH RD,13 TO 15,93.0,Model A,2022,94 years 11 months,940000,0.06079271,17621,2026,153B BEDOK STH RD Singapore
223320,7644c8c2e819d6a95d354278efe20ca51e91e5945e034eb9d4e2441f2b77aaef,2026-09-03 13:40:53,2026-05,BEDOK,4 ROOM,154A,BEDOK STH RD,13 TO 15,93.0,Model A,2022,94 years 08 months,1090000,0.06079271,17621,2026,154A BEDOK STH RD Singapore
223321,95a35efb6cab78246e1ab7ae3e5c4f51828387413d4406a74bf788c985b34e00,2026-09-03 13:40:53,2026-06,BEDOK,4 ROOM,44,BEDOK STH RD,04 TO 06,84.0,Improved,1977,50 years 04 months,473000,0.06079271,17621,2026,44 BEDOK STH RD Singapore
223322,a1d7aa47e76f08eb58a7b69c1db2ef82b424301c4b45398a17d958ffb0280dc6,2026-09-03 13:40:53,2026-06,BEDOK,4 ROOM,153C,BEDOK STH RD,16 TO 18,93.0,Model A,2022,94 years 10 months,1000000,0.06079271,17621,2026,153C BEDOK STH RD Singapore
223323,4405ad665bf08f0424af56dc7c03969ec23a44caecbc4029052d345ef284d182,2026-09-03 13:40:53,2026-06,BEDOK,4 ROOM,43,BEDOK STH RD,04 TO 06,84.0,Improved,1977,50 years 04 months,455000,0.06079271,17621,2026,43 BEDOK STH RD Singapore
223324,6c2abbcfcad3139ecf71f947a097aa61d3958fc8df5ef1acf7d7e76ced5ed7fd,2026-09-03 13:40:53,2026-06,BEDOK,4 ROOM,154A,BEDOK STH RD,13 TO 15,93.0,Model A,2022,94 years 08 months,1075000,0.06079271,17621,2026,154A BEDOK STH RD Singapore
223325,3a72a396f713a04dbff26b557d145d0ac14fc18ea956098a01746a1e97a6ae7c,2026-09-03 13:40:53,2026-06,BEDOK,4 ROOM,153C,BEDOK STH RD,16 TO 18,93.0,Model A,2022,94 years 11 months,1128888,0.06079271,17621,2026,153C BEDOK STH RD Singapore
223326,8b75083dc1fa4bb62ebe8e3a13c93640424da033064cd5c00bca3f8ff76e3936,2026-09-03 13:40:53,2026-06,BEDOK,4 ROOM,154A,BEDOK STH RD,01 TO 03,93.0,Model A,2022,94 years 07 months,913000,0.06079271,17621,2026,154A BEDOK STH RD Singapore
223327,5f07b59e3da869e435013d4099897dac950647cbe9d476e7d96e61f20598e53a,2026-09-03 13:40:53,2026-06,BEDOK,4 ROOM,154B,BEDOK STH RD,13 TO 15,93.0,Model A,2022,94 years 07 months,1138888,0.06079271,17621,2026,154B BEDOK STH RD Singapore
223328,584fed84c0b0b8904efb3f4505c895df02d7dd1e2c514f5062756b99b4ed8c73,2026-09-03 13:40:53,2026-07,BEDOK,4 ROOM,153B,BEDOK STH RD,04 TO 06,93.0,Model A,2022,94 years 10 months,900000,0.06079271,17621,2026,153B BEDOK STH RD Singapore
223329,f058f62b9e172347c23ccd78e7834fed82d323ec7a7d6c5604cc3aba511e4f39,2026-09-03 13:40:53,2026-07,BEDOK,4 ROOM,154A,BEDOK STH RD,13 TO 15,93.0,Model A,2022,94 years 07 months,920000,0.06079271,17621,2026,154A BEDOK STH RD Singapore
223330,605a42dcfbd676811f0223ebaa213f1e0a67f6381be669f6b7003dd360f05602,2026-09-03 13:40:53,2026-07,BEDOK,4 ROOM,153B,BEDOK STH RD,07 TO 09,93.0,Model A,2022,94 years 10 months,1000000,0.06079271,17621,2026,153B BEDOK STH RD Singapore
223331,ce3154f557999ba5038ff342583e71d1fc03a979cf4ffb4fa9b3c08b2dce9329,2026-09-03 13:40:53,2026-07,BEDOK,4 ROOM,154A,BEDOK STH RD,13 TO 15,93.0,Model A,2022,94 years 07 months,980888,0.06079271,17621,2026,154A BEDOK STH RD Singapore
223332,1fd0f9571a2f9a3a6d3dd114ddc72440f5eab339be9fbb9fe492c6b91cc4d97b,2026-09-03 13:40:53,2026-07,BEDOK,4 ROOM,153C,BEDOK STH RD,13 TO 15,93.0,Model A,2022,94 years 10 months,1100000,0.06079271,17621,2026,153C BEDOK STH RD Singapore
223333,af8e6f09bfdf53314c074ba298eace5068958de270f9d2afb0de489366ef15f7,2026-09-03 13:40:53,2026-07,BEDOK,4 ROOM,153C,BEDOK STH RD,10 TO 12,93.0,Model A,2022,94 years 10 months,975000,0.06079271,17621,2026,153C BEDOK STH RD Singapore
223334,0be9102cbc48072f20c2244a166872fb0414d3e1c57fe332f62d2461b0adad98,2026-09-03 13:40:53,2026-07,BEDOK,4 ROOM,154B,BEDOK STH RD,16 TO 18,93.0,Model A,2022,94 years 06 months,1190000,0.06079271,17621,2026,154B BEDOK STH RD Singapore
223335,005f27dbce7aa58e77f0f5b1df0c8451bf7191a6947a08b3d2f712a585d4dcc3,2026-09-03 13:40:53,2026-07,BEDOK,4 ROOM,153C,BEDOK STH RD,07 TO 09,93.0,Model A,2022,94 years 09 months,940000,0.06079271,17621,2026,153C BEDOK STH RD Singapore
223336,ebf720f491716ce442618789874b37841875f27d4c9436f76f99de41b9ae023b,2026-09-03 13:40:53,2026-07,BEDOK,4 ROOM,41,BEDOK STH RD,13 TO 15,84.0,Improved,1977,50 years 02 months,520000,0.06079271,17621,2026,41 BEDOK STH RD Singapore
223337,e36f54be6caf37067aa67cd1640d62cc4d63e2ff76a154f1f123dd53a8efe651,2026-09-03 13:40:53,2026-07,BEDOK,4 ROOM,154B,BEDOK STH RD,07 TO 09,93.0,Model A,2022,94 years 06 months,948000,0.06079271,17621,2026,154B BEDOK STH RD Singapore
223338,ee56c6b50cd06e545b5fe6709e52ff153f5ffddae9bc5811d1ece812518e8c99,2026-09-03 13:40:53,2026-07,BEDOK,4 ROOM,153B,BEDOK STH RD,01 TO 03,93.0,Model A,2022,94 years 09 months,955000,0.06079271,17621,2026,153B BEDOK STH RD Singapore
223339,53bc5558f76fbcb1255ad950ec88a75ffd808db80154bdf2df1a59c43fff75b9,2026-09-03 13:40:53,2026-08,BEDOK,4 ROOM,154B,BEDOK STH RD,13 TO 15,93.0,Model A,2022,94 years 06 months,1020000,0.06079271,17621,2026,154B BEDOK STH RD Singapore
223340,0bec507f1f53cbce5c5b23b064846b1838afe9085b77b8a2877952fd62471fda,2026-09-03 13:40:53,2026-08,BEDOK,4 ROOM,153B,BEDOK STH RD,04 TO 06,93.0,Model A,2022,94 years 09 months,928000,0.06079271,17621,2026,153B BEDOK STH RD Singapore
223341,a246d579b8da55a7098e41de433cc9429e5718057cba4726cc6aeb914b3c6bda,2026-09-03 13:40:53,2026-08,BEDOK,4 ROOM,153B,BEDOK STH RD,04 TO 06,93.0,Model A,2022,94 years 09 months,915000,0.06079271,17621,2026,153B BEDOK STH RD Singapore
223342,7b2ae5889eb5b438ba4fddb8a9860dcb4b77050c2177e87fb7781624d80f4829,2026-09-03 13:40:53,2026-08,BEDOK,4 ROOM,154A,BEDOK STH RD,16 TO 18,93.0,Model A,2022,94 years 06 months,1080000,0.06079271,17621,2026,154A BEDOK STH RD Singapore
223343,f3536694236164355ee7fd5c264ebca546e9ebba5b6d211717728b3209078e6d,2026-09-03 13:40:53,2026-08,BEDOK,4 ROOM,153A,BEDOK STH RD,13 TO 15,93.0,Model A,2022,94 years 08 months,1180000,0.06079271,17621,2026,153A BEDOK STH RD Singapore
223344,d872d1445112a39e8d12a1913898a611c0b1990e324d1caaa61a3fe11dfd1613,2026-09-03 13:40:53,2026-08,BEDOK,4 ROOM,153C,BEDOK STH RD,04 TO 06,93.0,Model A,2022,94 years 08 months,930000,0.06079271,17621,2026,153C BEDOK STH RD Singapore
223345,e1e474adf9d9634b79cad9da1eb70bcfdff371bf86232e4448926a3f97fe415c,2026-09-03 13:40:53,2026-08,BEDOK,4 ROOM,44,BEDOK STH RD,13 TO 15,84.0,Improved,1977,50 years 01 month,508268,0.06079271,17621,2026,44 BEDOK STH RD Singapore
223346,bac6bc220c3732f3b134699d1455338d0fa5c109f4d23d70d577de3c28e83508,2026-09-03 13:40:53,2026-08,BEDOK,4 ROOM,154B,BEDOK STH RD,10 TO 12,93.0,Model A,2022,94 years 05 months,1188000,0.06079271,17621,2026,154B BEDOK STH RD Singapore
223347,c4b3a9a6b4d87530385f1eada84629508258faee4e7d1544f54ed20414b3231a,2026-09-03 13:40:53,2026-08,BEDOK,4 ROOM,153C,BEDOK STH RD,10 TO 12,93.0,Model A,2022,94 years 08 months,1010000,0.06079271,17621,2026,153C BEDOK STH RD Singapore
223348,1896736c40464a784091cee16a3ada95c412af5a0e4ce650fc900eb2a4c82fb2,2026-09-03 13:40:53,2026-08,BEDOK,4 ROOM,154B,BEDOK STH RD,04 TO 06,93.0,Model A,2022,94 years 05 months,930000,0.06079271,17621,2026,154B BEDOK STH RD Singapore
223349,798fb0063d989ed032826d1dd57adf1130b944b93c6130bec0b5d41101213b9d,2026-09-03 13:40:53,2026-09,BEDOK,4 ROOM,152C,BEDOK STH RD,07 TO 09,93.0,Model A,2022,94 years 08 months,935000,0.06079271,17621,2026,152C BEDOK STH RD Singapore
223350,89bdc9fe50822e337dc3a7a9c5131f36d4892b944574d37423c760446243b0f7,2026-09-03 13:40:53,2026-09,BEDOK,4 ROOM,153C,BEDOK STH RD,07 TO 09,93.0,Model A,2022,94 years 08 months,970000,0.06079271,17621,2026,153C BEDOK STH RD Singapore
223351,13a370a2617bbdc744105e711ea6c66b1727f27f75926875c7edb5a8f8b75e3c,2026-09-03 13:40:53,2026-08,BEDOK,4 ROOM,35,CHAI CHEE AVE,04 TO 06,82.0,Improved,1975,47 years 06 months,433000,0.06079271,17621,2026,35 CHAI CHEE AVE Singapore
223352,996c3a21d0a9fdcf865b567fc8998f82dd7a785b815d66aa1ddfd36c3d9acfc8,2026-09-03 13:40:53,2026-01,BEDOK,4 ROOM,56,CHAI CHEE DR,07 TO 09,91.0,New Generation,1983,56 years 01 month,535000,0.06079271,17621,2026,56 CHAI CHEE DR Singapore
223353,126d325ffb79cb85f79247f508a5917da4ac32a286f8dd2a41c4f010a06190ba,2026-09-03 13:40:53,2026-03,BEDOK,4 ROOM,55,CHAI CHEE DR,04 TO 06,104.0,Model A,1984,57 years 02 months,525000,0.06079271,17621,2026,55 CHAI CHEE DR Singapore
223354,28f9996d4d36d51666008eca5fad7d00113030e77db6b42f82d07231cc40f884,2026-09-03 13:40:53,2026-08,BEDOK,4 ROOM,57,CHAI CHEE DR,01 TO 03,105.0,Model A,1982,55 years 03 months,510888,0.06079271,17621,2026,57 CHAI CHEE DR Singapore
223355,64bff495d8e101d4f0c0014cf80d3aa7e128e939065f4fb306f63937fb557b99,2026-09-03 13:40:53,2026-09,BEDOK,4 ROOM,55,CHAI CHEE DR,01 TO 03,105.0,Model A,1984,56 years 08 months,525000,0.06079271,17621,2026,55 CHAI CHEE DR Singapore
223356,69a961271806472f9c5aa71838cc6e016e4e772e519b1f016d70d9f461f2347c,2026-09-03 13:40:53,2026-01,BEDOK,4 ROOM,808A,CHAI CHEE RD,13 TO 15,93.0,Model A,2016,89 years 11 months,810000,0.06079271,17621,2026,808A CHAI CHEE RD Singapore
223357,c868eb299b28a9855b8ab55cdd441639fd08ca7de4ec536e8b97c940f4268094,2026-09-03 13:40:53,2026-02,BEDOK,4 ROOM,807B,CHAI CHEE RD,10 TO 12,93.0,Model A,2016,89 years 10 months,826500,0.06079271,17621,2026,807B CHAI CHEE RD Singapore
223358,ed784e5fd87de62097dcf4ebd28bfafc1b3f9fdf598c87f7ec50ca9500566d1b,2026-09-03 13:40:53,2026-02,BEDOK,4 ROOM,808A,CHAI CHEE RD,10 TO 12,93.0,Model A,2016,89 years 10 months,835000,0.06079271,17621,2026,808A CHAI CHEE RD Singapore
223359,ea9ce43faea17a459efec7a2e83dea3ffe394587c265aa0aaac998caacf2bb6b,2026-09-03 13:40:53,2026-02,BEDOK,4 ROOM,807C,CHAI CHEE RD,10 TO 12,93.0,Model A,2016,89 years 10 months,812000,0.06079271,17621,2026,807C CHAI CHEE RD Singapore
223360,e49b3dd26667569d652ef82f84baf42d78b003d3588aa9cd95244d056ad4690e,2026-09-03 13:40:53,2026-03,BEDOK,4 ROOM,26,CHAI CHEE RD,07 TO 09,104.0,Model A,1993,66 years 02 months,683000,0.06079271,17621,2026,26 CHAI CHEE RD Singapore
223361,06c22da8cc18184926988618e92d8c7812d88bf4cf9e7eaa22992bebfe758cf9,2026-09-03 13:40:53,2026-03,BEDOK,4 ROOM,25,CHAI CHEE RD,01 TO 03,104.0,Model A,1993,66 years 02 months,688888,0.06079271,17621,2026,25 CHAI CHEE RD Singapore
223362,72b8bab6e683a1767f6af76383f43713953badfe65c8b08d99da708058a64ba1,2026-09-03 13:40:53,2026-05,BEDOK,4 ROOM,10,CHAI CHEE RD,10 TO 12,90.0,Model A,2001,73 years 09 months,678000,0.06079271,17621,2026,10 CHAI CHEE RD Singapore
223363,4881906e81246b6653067e01ac50beeee08b410fa6057ca27fdfb8ff10f1a416,2026-09-03 13:40:53,2026-06,BEDOK,4 ROOM,808A,CHAI CHEE RD,01 TO 03,93.0,Model A,2016,89 years 06 months,755000,0.06079271,17621,2026,808A CHAI CHEE RD Singapore
223364,80dfe0866cd713f0767d6a588d5924eed685421d05d501b3ce9a78c1b626e6e1,2026-09-03 13:40:53,2026-06,BEDOK,4 ROOM,807A,CHAI CHEE RD,04 TO 06,93.0,Model A,2016,89 years 05 months,740000,0.06079271,17621,2026,807A CHAI CHEE RD Singapore
223365,a1ad9788b5de80dc72010b7edc3c77fd33235dff1e813816240c69470f0d24f8,2026-09-03 13:40:53,2026-07,BEDOK,4 ROOM,59,CHAI CHEE RD,01 TO 03,105.0,Model A,1984,56 years 07 months,515000,0.06079271,17621,2026,59 CHAI CHEE RD Singapore
223366,017eb8431d2442ac2a446a7ed162587fbee9b91441fb025139ccac20cdaa5a30,2026-09-03 13:40:53,2026-07,BEDOK,4 ROOM,808C,CHAI CHEE RD,07 TO 09,93.0,Model A,2016,89 years 05 months,830000,0.06079271,17621,2026,808C CHAI CHEE RD Singapore
223367,7e40acf3e260dce11da2ade896176446c1ed29225247fc8bd3da198b44bae66f,2026-09-03 13:40:53,2026-07,BEDOK,4 ROOM,808B,CHAI CHEE RD,10 TO 12,93.0,Model A,2016,89 years 04 months,788000,0.06079271,17621,2026,808B CHAI CHEE RD Singapore
223368,a2e127a0e6f7a1843927aaab1dc00ac7c226028d5248da004339b32fc455119b,2026-09-03 13:40:53,2026-08,BEDOK,4 ROOM,807A,CHAI CHEE RD,13 TO 15,93.0,Model A,2016,89 years 04 months,825000,0.06079271,17621,2026,807A CHAI CHEE RD Singapore
223369,9dceb8ed07a640f36a5a171a8a0258b41cb5e25c1a4d59fe9ff119cdc6da324b,2026-09-03 13:40:53,2026-08,BEDOK,4 ROOM,808A,CHAI CHEE RD,07 TO 09,93.0,Model A,2016,89 years 04 months,805000,0.06079271,17621,2026,808A CHAI CHEE RD Singapore
223370,12fc5c158a4244c035e70bff1c23b6b1adf197f732137f8ac17f7803eaabbe57,2026-09-03 13:40:53,2026-08,BEDOK,4 ROOM,807C,CHAI CHEE RD,10 TO 12,93.0,Model A,2016,89 years 04 months,820000,0.06079271,17621,2026,807C CHAI CHEE RD Singapore
223371,d30df3aae013513cab060bdc50b01fa34872460408df5dc54f0f74287fb1c516,2026-09-03 13:40:53,2026-08,BEDOK,4 ROOM,61,CHAI CHEE RD,10 TO 12,91.0,New Generation,1982,55 years 02 months,525000,0.06079271,17621,2026,61 CHAI CHEE RD Singapore
223372,ce7d11a312571ab3cf8c29b61ee38a0ed33fe1a990d9d364c4f15fb7b9bbcf65,2026-09-03 13:40:53,2026-08,BEDOK,4 ROOM,808A,CHAI CHEE RD,10 TO 12,93.0,Model A,2016,89 years 03 months,832000,0.06079271,17621,2026,808A CHAI CHEE RD Singapore
223373,2ad9d3e87d30d5f610994bc6b313be2908b02f2c58f028ab6d15b5e8ba12ee72,2026-09-03 13:40:53,2026-08,BEDOK,4 ROOM,808A,CHAI CHEE RD,13 TO 15,93.0,Model A,2016,89 years 03 months,821000,0.06079271,17621,2026,808A CHAI CHEE RD Singapore
223374,05d0817383bea349974efaac4cc686c81619d9a8a5baf8fc1b18f03b5e7e35d5,2026-09-03 13:40:53,2026-05,BEDOK,4 ROOM,50,CHAI CHEE ST,04 TO 06,91.0,New Generation,1981,54 years 03 months,500088,0.06079271,17621,2026,50 CHAI CHEE ST Singapore
223375,95c7e65f591ebbb5fd4fc61fa79ee9642ba14ce69942d6e59b8be0a2f7120970,2026-09-03 13:40:53,2026-05,BEDOK,4 ROOM,43,CHAI CHEE ST,07 TO 09,92.0,New Generation,1980,53 years,505000,0.06079271,17621,2026,43 CHAI CHEE ST Singapore
223376,4a3c05ee93e4909479ec5c96f9536c82f822ace47ef7644b403fc94ed87f099f,2026-09-03 13:40:53,2026-07,BEDOK,4 ROOM,43,CHAI CHEE ST,04 TO 06,93.0,New Generation,1980,52 years 11 months,475000,0.06079271,17621,2026,43 CHAI CHEE ST Singapore
223377,4046dc2aa46f3cb3e6e60e83df380b4d5264ba32a652bb9c26a5c98866b53422,2026-09-03 13:40:53,2026-02,BEDOK,4 ROOM,667,JLN DAMAI,01 TO 03,108.0,Model A,1996,69 years 10 months,675000,0.06079271,17621,2026,667 JLN DAMAI Singapore
223378,13784119f3f67089501ef6fa07c3b6136c9a3078a955475976f1d95879616715,2026-09-03 13:40:53,2026-03,BEDOK,4 ROOM,666,JLN DAMAI,04 TO 06,104.0,Model A,1996,69 years 09 months,728000,0.06079271,17621,2026,666 JLN DAMAI Singapore
223379,a9fa09e445fb4b15abd4f3a31e60442efda4b09a077377a4d6defbf3004ec3f9,2026-09-03 13:40:53,2026-08,BEDOK,4 ROOM,668,JLN DAMAI,01 TO 03,108.0,Model A,1996,69 years 04 months,700000,0.06079271,17621,2026,668 JLN DAMAI Singapore
223380,078f6f11341ba2585edbb967ac535434542c4f1d036b6c987222bf4d0bdb87d4,2026-09-03 13:40:53,2026-08,BEDOK,4 ROOM,672,JLN DAMAI,01 TO 03,108.0,Model A,1996,69 years,700000,0.06079271,17621,2026,672 JLN DAMAI Singapore
223381,27c601f692db059b4647b5ede0fa221d6ca47962b74654afa42d2329706a6bc5,2026-09-03 13:40:53,2026-01,BEDOK,4 ROOM,660,JLN TENAGA,04 TO 06,107.0,Model A,1997,70 years,700000,0.06079271,17621,2026,660 JLN TENAGA Singapore
223382,392b218fa9a3bbf37862b038208eaa77b2bf3ad2cb141b2fea98853fc5ab9333,2026-09-03 13:40:53,2026-05,BEDOK,4 ROOM,654,JLN TENAGA,07 TO 09,108.0,Model A,1996,69 years 07 months,728000,0.06079271,17621,2026,654 JLN TENAGA Singapore
223383,c35bdf3c8c1169dd9c703b527fb92073630d8c0dca0365c41d8caa04cf88e02c,2026-09-03 13:40:53,2026-05,BEDOK,4 ROOM,651,JLN TENAGA,04 TO 06,106.0,Model A,1996,69 years 06 months,688000,0.06079271,17621,2026,651 JLN TENAGA Singapore
223384,5f7c31a2f382cd8d7912dec0a54188ab2d8457a5098beb50ac082aba3ae475c4,2026-09-03 13:40:53,2026-05,BEDOK,4 ROOM,651,JLN TENAGA,04 TO 06,108.0,Model A,1996,69 years 05 months,715000,0.06079271,17621,2026,651 JLN TENAGA Singapore
223385,7bced4167b619fc5ed35ccec87503252f20ab6718aeac423b7e0b98212276792,2026-09-03 13:40:53,2026-07,BEDOK,4 ROOM,659,JLN TENAGA,04 TO 06,105.0,Model A,1996,69 years 03 months,699999,0.06079271,17621,2026,659 JLN TENAGA Singapore
223386,773c21307f733977c585f073724d1af122473360a78ba6f0ff480398ca9ee15d,2026-09-03 13:40:53,2026-07,BEDOK,4 ROOM,654,JLN TENAGA,01 TO 03,108.0,Model A,1996,69 years 04 months,700000,0.06079271,17621,2026,654 JLN TENAGA Singapore
223387,ce4bad4079d5a11e33f0160ab6cd18c9759f97f64e4818a3311a8edd0091e976,2026-09-03 13:40:53,2026-09,BEDOK,4 ROOM,647,JLN TENAGA,01 TO 03,104.0,Model A,1993,65 years 09 months,648000,0.06079271,17621,2026,647 JLN TENAGA Singapore
223388,6684d50b8097185e238cdb3d0633b80a0b04f4ced9d846b59a6c5d77ce471f7c,2026-09-03 13:40:53,2026-01,BEDOK,4 ROOM,114,LENGKONG TIGA,01 TO 03,104.0,Model A,1989,62 years 01 month,825000,0.06079271,17621,2026,114 LENGKONG TIGA Singapore
223389,f9158db2989bc212023dc37c2441b4dd1a3d5d409c5344b16c850eeb05aca4f7,2026-09-03 13:40:53,2026-01,BEDOK,4 ROOM,112,LENGKONG TIGA,04 TO 06,104.0,Model A,1989,62 years 04 months,822000,0.06079271,17621,2026,112 LENGKONG TIGA Singapore
223390,a76e7e362b54c6d74e8c849d15a206f6c691ed1e3b683b2096acd936926a0a15,2026-09-03 13:40:53,2026-01,BEDOK,4 ROOM,111,LENGKONG TIGA,01 TO 03,104.0,Model A,1989,62 years 01 month,710000,0.06079271,17621,2026,111 LENGKONG TIGA Singapore
223391,83a75c71892d26ad09a41cedd50b82152323dc8b646d725879b4e806fd401e85,2026-09-03 13:40:53,2026-06,BEDOK,4 ROOM,111,LENGKONG TIGA,04 TO 06,104.0,Model A,1989,61 years 08 months,740000,0.06079271,17621,2026,111 LENGKONG TIGA Singapore
223392,cab84f12c6d3b4d7ab67b7e27c6b4be5f3698cb23d3ffe127f8b7fb532c4c4c6,2026-09-03 13:40:53,2026-06,BEDOK,4 ROOM,102,LENGKONG TIGA,07 TO 09,104.0,Model A,1989,62 years 01 month,780000,0.06079271,17621,2026,102 LENGKONG TIGA Singapore
223393,39a8f83c5c7937ca98786ef9044824877ff651aad8f3d7839d11c12874946d0a,2026-09-03 13:40:53,2026-08,BEDOK,4 ROOM,114,LENGKONG TIGA,01 TO 03,104.0,Model A,1989,61 years 06 months,752000,0.06079271,17621,2026,114 LENGKONG TIGA Singapore
223394,383576268e9a2ceb961f05dcf78714e7888811306db85f266f21cbecd907dbba,2026-09-03 13:40:53,2026-01,BEDOK,4 ROOM,51,NEW UPP CHANGI RD,04 TO 06,84.0,Improved,1977,50 years 09 months,480000,0.06079271,17621,2026,51 NEW UPP CHANGI RD Singapore
223395,056a78e9e0ebc5eac7a9205e9d17e60c9a13e51aa5b503458075a9a776238c43,2026-09-03 13:40:53,2026-01,BEDOK,4 ROOM,62,NEW UPP CHANGI RD,10 TO 12,92.0,New Generation,1978,51 years 05 months,570000,0.06079271,17621,2026,62 NEW UPP CHANGI RD Singapore
223396,6bb0dd7a81dc7fd8012592dbee9a5875640df039cc7aff4ec0d18ec4c0632ae5,2026-09-03 13:40:53,2026-02,BEDOK,4 ROOM,63,NEW UPP CHANGI RD,07 TO 09,92.0,New Generation,1978,51 years 04 months,550000,0.06079271,17621,2026,63 NEW UPP CHANGI RD Singapore
223397,eed064c9e75b2869fd94dea43461a3c7c54a8e0b3a44ff659ad3a712d1a74703,2026-09-03 13:40:53,2026-02,BEDOK,4 ROOM,65,NEW UPP CHANGI RD,10 TO 12,92.0,New Generation,1978,51 years 03 months,520000,0.06079271,17621,2026,65 NEW UPP CHANGI RD Singapore
223398,b0bddd620ad66d9149c74ccdd33d141d62b8e6e1f0cb802bd5919ac2ad517072,2026-09-03 13:40:53,2026-04,BEDOK,4 ROOM,53,NEW UPP CHANGI RD,04 TO 06,84.0,Improved,1977,50 years 06 months,475000,0.06079271,17621,2026,53 NEW UPP CHANGI RD Singapore
223399,57214e401f90bffadcddd89b23ed124914900e93909fde6d3edafd3d3f98f2e9,2026-09-03 13:40:53,2026-04,BEDOK,4 ROOM,63,NEW UPP CHANGI RD,10 TO 12,92.0,New Generation,1978,51 years 01 month,538000,0.06079271,17621,2026,63 NEW UPP CHANGI RD Singapore
223400,8409386ae12ff786633ba71704c0a57f3b6034b323b8825e9da00163aca2a7c5,2026-09-03 13:40:53,2026-06,BEDOK,4 ROOM,51,NEW UPP CHANGI RD,07 TO 09,84.0,Improved,1977,50 years 04 months,418000,0.06079271,17621,2026,51 NEW UPP CHANGI RD Singapore
223401,ac3418a6d8fc21ecaff03766567d6fa70882e4fb7a599d917376e809ac71f6bf,2026-09-03 13:40:53,2026-06,BEDOK,4 ROOM,65,NEW UPP CHANGI RD,07 TO 09,92.0,New Generation,1978,51 years,485000,0.06079271,17621,2026,65 NEW UPP CHANGI RD Singapore
223402,d175bc576277001749fa450b780296085608c49efb0e1b08019e1820d4e2354d,2026-09-03 13:40:53,2026-06,BEDOK,4 ROOM,53,NEW UPP CHANGI RD,07 TO 09,84.0,Improved,1977,50 years 04 months,455000,0.06079271,17621,2026,53 NEW UPP CHANGI RD Singapore
223403,724dafd6d3bbb1e307f5ce327c2a999291df900930262d6ba8bffc2c770c3020,2026-09-03 13:40:53,2026-07,BEDOK,4 ROOM,52,NEW UPP CHANGI RD,10 TO 12,84.0,Improved,1977,50 years 03 months,475000,0.06079271,17621,2026,52 NEW UPP CHANGI RD Singapore
223404,110829d0d1d0f81025ca278740d2a1bc533b2bde31c974f725a5c6c2dffcff60,2026-09-03 13:40:53,2026-07,BEDOK,4 ROOM,52,NEW UPP CHANGI RD,07 TO 09,84.0,Improved,1977,50 years 03 months,450000,0.06079271,17621,2026,52 NEW UPP CHANGI RD Singapore
223405,eef10364876f2cbc139fb429a11b284015cb5ab5834853bd000f771672c821b0,2026-09-03 13:40:53,2026-08,BEDOK,4 ROOM,51,NEW UPP CHANGI RD,04 TO 06,84.0,Improved,1977,50 years 02 months,462000,0.06079271,17621,2026,51 NEW UPP CHANGI RD Singapore
223406,54dc7f562c57b55577a69f52c23e3bed5e17a52a69972586f7e0b5c62cc18f80,2026-09-03 13:40:53,2026-08,BEDOK,4 ROOM,51,NEW UPP CHANGI RD,07 TO 09,84.0,Improved,1977,50 years 02 months,420000,0.06079271,17621,2026,51 NEW UPP CHANGI RD Singapore
223407,820b915d1d55eba088a649bad4af762a4b90eede93798973f0bb8f35d8c3eef1,2026-09-03 13:40:53,2026-08,BEDOK,4 ROOM,52,NEW UPP CHANGI RD,13 TO 15,84.0,Improved,1977,50 years 02 months,456888,0.06079271,17621,2026,52 NEW UPP CHANGI RD Singapore
223408,407e5085376b39adbc3a7ac53a2ec3fc753dac1dcf07de26d8ab4e25e6db82ac,2026-09-03 13:40:53,2026-08,BEDOK,4 ROOM,51,NEW UPP CHANGI RD,10 TO 12,84.0,Improved,1977,50 years 01 month,488000,0.06079271,17621,2026,51 NEW UPP CHANGI RD Singapore
223409,c236c8a2c698ebe0f0eea610526aac30efcbdaec49564fdf9263abf058af3730,2026-09-03 13:40:53,2026-08,BEDOK,4 ROOM,52,NEW UPP CHANGI RD,13 TO 15,84.0,Improved,1977,50 years 01 month,492000,0.06079271,17621,2026,52 NEW UPP CHANGI RD Singapore
223410,f4764d4f7074de2d0e381ad38f090b3f436eaea72aa844c65c7d76abf06bbad8,2026-09-03 13:40:53,2026-07,BEDOK,5 ROOM,553,BEDOK NTH AVE 1,10 TO 12,121.0,Improved,1980,53 years,623000,0.06079271,17621,2026,553 BEDOK NTH AVE 1 Singapore
223411,ce4332118d1d183e99bd9b663bafa8f5833ae7acbe3de6ed72768d77108e6354,2026-09-03 13:40:53,2026-08,BEDOK,5 ROOM,552,BEDOK NTH AVE 1,10 TO 12,121.0,Improved,1980,52 years 11 months,645000,0.06079271,17621,2026,552 BEDOK NTH AVE 1 Singapore
223412,448d62a39274f492166afb762256c293846ceda8fc1efea5ad1d970c89ed544b,2026-09-03 13:40:53,2026-08,BEDOK,5 ROOM,553,BEDOK NTH AVE 1,01 TO 03,121.0,Improved,1980,52 years 10 months,650000,0.06079271,17621,2026,553 BEDOK NTH AVE 1 Singapore
223413,af1d60c0619f494de6a482820a26be8232e73d37869df84c70d0f4fcffec9551,2026-09-03 13:40:53,2026-01,BEDOK,5 ROOM,414,BEDOK NTH AVE 2,04 TO 06,119.0,Improved,1978,51 years 11 months,685000,0.06079271,17621,2026,414 BEDOK NTH AVE 2 Singapore
223414,99f56cd458b92551f59a2fab32ad416deb6afc9714211885e5a6b5d41364e20f,2026-09-03 13:40:53,2026-02,BEDOK,5 ROOM,417,BEDOK NTH AVE 2,19 TO 21,119.0,Improved,1978,51 years 09 months,950000,0.06079271,17621,2026,417 BEDOK NTH AVE 2 Singapore
223415,043597a6d9596e1dd1830a31f82b43b74c5186cada122f9604355fbec66cbf01,2026-09-03 13:40:53,2026-03,BEDOK,5 ROOM,413,BEDOK NTH AVE 2,10 TO 12,119.0,Improved,1979,52 years 03 months,718000,0.06079271,17621,2026,413 BEDOK NTH AVE 2 Singapore
223416,942daeb44c23bc877f3c9aadf64024bc857df528730194ef742207f2afdebdb4,2026-09-03 13:40:53,2026-04,BEDOK,5 ROOM,415,BEDOK NTH AVE 2,10 TO 12,123.0,Improved,1978,51 years 08 months,680000,0.06079271,17621,2026,415 BEDOK NTH AVE 2 Singapore
223417,6e0a7666bc97f4061af75b0d2b1426d0ba3681e7a38a2a5977039950cb5d2db7,2026-09-03 13:40:53,2026-04,BEDOK,5 ROOM,516,BEDOK NTH AVE 2,22 TO 24,119.0,Improved,1979,52 years 05 months,740000,0.06079271,17621,2026,516 BEDOK NTH AVE 2 Singapore
223418,608bf88fc3c5defac1ee98202b64fb87ca74b63e95c902d737485ad347da9d3d,2026-09-03 13:40:53,2026-05,BEDOK,5 ROOM,409,BEDOK NTH AVE 2,01 TO 03,136.0,Adjoined flat,1980,53 years,860000,0.06079271,17621,2026,409 BEDOK NTH AVE 2 Singapore
223419,61fe73431c97d976123f317322f89323aea6be3d75b85438298806349f39b79f,2026-09-03 13:40:53,2026-05,BEDOK,5 ROOM,516,BEDOK NTH AVE 2,07 TO 09,119.0,Improved,1979,52 years 03 months,653000,0.06079271,17621,2026,516 BEDOK NTH AVE 2 Singapore
223420,9ed3c2993ea61022869326cee79d14da5c00b8a36cca170665a06b46e5ada804,2026-09-03 13:40:53,2026-07,BEDOK,5 ROOM,417,BEDOK NTH AVE 2,04 TO 06,119.0,Improved,1978,51 years 05 months,720000,0.06079271,17621,2026,417 BEDOK NTH AVE 2 Singapore
223421,51ee142193cd0efdea746132bfdd105303430158651bcd465a5f4de17bfb7a3c,2026-09-03 13:40:53,2026-08,BEDOK,5 ROOM,516,BEDOK NTH AVE 2,07 TO 09,119.0,Improved,1979,52 years 01 month,688000,0.06079271,17621,2026,516 BEDOK NTH AVE 2 Singapore
223422,995000e34498daa8b699b534dbccb1957ba129367a60b5cc2052dcfe93bfea22,2026-09-03 13:40:53,2026-09,BEDOK,5 ROOM,414,BEDOK NTH AVE 2,13 TO 15,119.0,Improved,1978,51 years 03 months,716000,0.06079271,17621,2026,414 BEDOK NTH AVE 2 Singapore
223423,f92b0507c5e3d87127f1df4e8f094578875fa2dc9137021f8b9e2d704d18bca5,2026-09-03 13:40:53,2026-02,BEDOK,5 ROOM,505,BEDOK NTH AVE 3,16 TO 18,119.0,Improved,1978,51 years 11 months,738000,0.06079271,17621,2026,505 BEDOK NTH AVE 3 Singapore
223424,44b769a884eb4c99090ce66ebcd77d3be82d54370166864b37b49d4d7d65c386,2026-09-03 13:40:53,2026-02,BEDOK,5 ROOM,137,BEDOK NTH AVE 3,01 TO 03,117.0,Standard,1979,52 years,660000,0.06079271,17621,2026,137 BEDOK NTH AVE 3 Singapore
223425,2805274098faa9909661ca13246244521ccf50b8e22c85c2e4189a2dab9c8d6c,2026-09-03 13:40:53,2026-03,BEDOK,5 ROOM,505,BEDOK NTH AVE 3,13 TO 15,119.0,Improved,1978,51 years 09 months,675000,0.06079271,17621,2026,505 BEDOK NTH AVE 3 Singapore
223426,a260fbe8d8f0d0d82b3ba2bb16615eb783abb967b1779fa179064a796e3bd0ad,2026-09-03 13:40:53,2026-04,BEDOK,5 ROOM,139,BEDOK NTH AVE 3,07 TO 09,117.0,Standard,1979,51 years 09 months,675000,0.06079271,17621,2026,139 BEDOK NTH AVE 3 Singapore
223427,07810bc5a527b17f5d1dd571987b72e1606cbeb4c308b21e573fa8bbd9d61ced,2026-09-03 13:40:53,2026-07,BEDOK,5 ROOM,506,BEDOK NTH AVE 3,01 TO 03,119.0,Improved,1978,51 years 05 months,630000,0.06079271,17621,2026,506 BEDOK NTH AVE 3 Singapore
223428,b9e53e7ab219174abcbfdb361ad5e3fe53edc18dd735cb708396deb3b7db15b3,2026-09-03 13:40:53,2026-07,BEDOK,5 ROOM,506,BEDOK NTH AVE 3,16 TO 18,119.0,Improved,1978,51 years 05 months,730000,0.06079271,17621,2026,506 BEDOK NTH AVE 3 Singapore
223429,a168d640cb3797d94111cbce7d4965ee3ac2e1577c6cb54b1248b7798b4cffdf,2026-09-03 13:40:53,2026-01,BEDOK,5 ROOM,97,BEDOK NTH AVE 4,16 TO 18,123.0,Standard,1978,51 years 11 months,707000,0.06079271,17621,2026,97 BEDOK NTH AVE 4 Singapore
223430,e7cb70e3c3d2e24d170f18d97b60f140823220f7742a3241a32989198ad22863,2026-09-03 13:40:53,2026-02,BEDOK,5 ROOM,94E,BEDOK NTH AVE 4,16 TO 18,127.0,Improved,1993,66 years 04 months,895000,0.06079271,17621,2026,94E BEDOK NTH AVE 4 Singapore
223431,b57ca1e2ba2bbac2d2134bf446f8c308a61fb3497e3a3a53472ea95673cb0b68,2026-09-03 13:40:53,2026-03,BEDOK,5 ROOM,97,BEDOK NTH AVE 4,04 TO 06,123.0,Standard,1978,51 years 09 months,648000,0.06079271,17621,2026,97 BEDOK NTH AVE 4 Singapore
223432,01dbb5ca8d498178d66577c65271fc3b22e51f671254328da49aadce035d32f2,2026-09-03 13:40:53,2026-04,BEDOK,5 ROOM,98,BEDOK NTH AVE 4,07 TO 09,120.0,Standard,1978,51 years 08 months,630000,0.06079271,17621,2026,98 BEDOK NTH AVE 4 Singapore
223433,0c33941045783c59465c95b12d2e1a6977fbd5949d89a21f63a7529226e71ba2,2026-09-03 13:40:53,2026-07,BEDOK,5 ROOM,96,BEDOK NTH AVE 4,04 TO 06,123.0,Standard,1978,51 years 05 months,650000,0.06079271,17621,2026,96 BEDOK NTH AVE 4 Singapore
223434,4c51d5c6ac23eea353430ef18028ba5cfc30d8e423c48f35e941251758efe85d,2026-09-03 13:40:53,2026-08,BEDOK,5 ROOM,96,BEDOK NTH AVE 4,13 TO 15,123.0,Standard,1978,51 years 04 months,675000,0.06079271,17621,2026,96 BEDOK NTH AVE 4 Singapore
223435,cb68fcd379f61010ac487be16131fa7b17a91454bb6861f78eae76b416a7968c,2026-09-03 13:40:53,2026-08,BEDOK,5 ROOM,96,BEDOK NTH AVE 4,22 TO 24,125.0,Standard,1978,51 years 03 months,702500,0.06079271,17621,2026,96 BEDOK NTH AVE 4 Singapore
223436,6f7fd071ad430ce6f2fb17b6898601336c6e8a74601ab19e8aa895bd40ee325d,2026-09-03 13:40:53,2026-04,BEDOK,5 ROOM,181,BEDOK NTH RD,13 TO 15,110.0,Improved,2006,78 years 10 months,888000,0.06079271,17621,2026,181 BEDOK NTH RD Singapore
223437,da630dc210a629b4629a0cbda635cab0be16d0a8e8d6911f2f681e3a61b2773e,2026-09-03 13:40:53,2026-05,BEDOK,5 ROOM,112,BEDOK NTH RD,01 TO 03,117.0,Standard,1978,51 years 02 months,550000,0.06079271,17621,2026,112 BEDOK NTH RD Singapore
223438,1fe8cc6524507443752d1fff5bd9db5479e9cc14d213e1483fb1fd416b430f22,2026-09-03 13:40:53,2026-05,BEDOK,5 ROOM,112,BEDOK NTH RD,04 TO 06,117.0,Standard,1978,51 years 01 month,660000,0.06079271,17621,2026,112 BEDOK NTH RD Singapore
223439,eb50c5052830bac73524f0d1eadef85b09ba31705d83e17fe2281e344ae18c64,2026-09-03 13:40:53,2026-07,BEDOK,5 ROOM,112,BEDOK NTH RD,10 TO 12,117.0,Standard,1978,51 years,675000,0.06079271,17621,2026,112 BEDOK NTH RD Singapore
223440,674e5c4d777fec90df1f57f52b39bd2ec4b8afd37b7b7b2ebf035b49ffc21559,2026-09-03 13:40:53,2026-08,BEDOK,5 ROOM,181,BEDOK NTH RD,07 TO 09,110.0,Improved,2006,78 years 05 months,880000,0.06079271,17621,2026,181 BEDOK NTH RD Singapore
223441,831fa01daa5fdb239263048459660979431b8f8f489388eeb5913370c2be75f0,2026-09-03 13:40:53,2026-01,BEDOK,5 ROOM,120,BEDOK NTH ST 2,01 TO 03,117.0,Standard,1978,51 years 02 months,638000,0.06079271,17621,2026,120 BEDOK NTH ST 2 Singapore
223442,8cc51856231630e4cb22cf9eb05f3d819f94bc724f7676209e8c869565676d6d,2026-09-03 13:40:53,2026-02,BEDOK,5 ROOM,120,BEDOK NTH ST 2,16 TO 18,117.0,Standard,1978,51 years 02 months,650000,0.06079271,17621,2026,120 BEDOK NTH ST 2 Singapore
223443,2e3f135d70a32e9b3c83ceb579446f07474327c459e312160c07e276f41cc5fd,2026-09-03 13:40:53,2026-07,BEDOK,5 ROOM,140,BEDOK NTH ST 2,10 TO 12,120.0,Improved,1998,70 years 11 months,958888,0.06079271,17621,2026,140 BEDOK NTH ST 2 Singapore
223444,f478b3d9723b6621693b69afb911bf6feeb83744d415c2cd8674c9102349fb9a,2026-09-03 13:40:53,2026-07,BEDOK,5 ROOM,545,BEDOK NTH ST 3,04 TO 06,136.0,Adjoined flat,1980,52 years 10 months,770000,0.06079271,17621,2026,545 BEDOK NTH ST 3 Singapore
223445,699242a3838e02ee65f3b232e2a3b130632a652e966218eae81ff897a83749f0,2026-09-03 13:40:53,2026-06,BEDOK,5 ROOM,187A,BEDOK NTH ST 4,16 TO 18,113.0,Improved,2018,91 years 07 months,1110000,0.06079271,17621,2026,187A BEDOK NTH ST 4 Singapore
223446,faad8ae65ae52b483251fa131ffa3b3ae22124242fac086c599635a504642ae6,2026-09-03 13:40:53,2026-07,BEDOK,5 ROOM,90,BEDOK NTH ST 4,01 TO 03,117.0,Standard,1978,50 years 11 months,600000,0.06079271,17621,2026,90 BEDOK NTH ST 4 Singapore
223447,751e3d0ae031f739e162a58adf00490bdedc7d30af69695b5b4d59280a67a700,2026-09-03 13:40:53,2026-01,BEDOK,5 ROOM,748A,BEDOK RESERVOIR CRES,04 TO 06,105.0,DBSS,2014,87 years 09 months,998000,0.06079271,17621,2026,748A BEDOK RESERVOIR CRES Singapore
223448,78ef9c0c20c4b9627cc3ea73081ecd23b08d5d8a0f7d5b1e21336bf9e599b6a0,2026-09-03 13:40:53,2026-02,BEDOK,5 ROOM,747A,BEDOK RESERVOIR CRES,07 TO 09,105.0,DBSS,2014,87 years 07 months,1090000,0.06079271,17621,2026,747A BEDOK RESERVOIR CRES Singapore
223449,ec588377d943cd996274f884e083cca144d17a245ff3940ae1654d3a03e903e8,2026-09-03 13:40:53,2026-05,BEDOK,5 ROOM,747B,BEDOK RESERVOIR CRES,07 TO 09,105.0,DBSS,2014,87 years 04 months,1060000,0.06079271,17621,2026,747B BEDOK RESERVOIR CRES Singapore
223450,dcfb95d9f1ce49aea917160fe859d58e27aa63f29376afbc09c008bc1d8bf546,2026-09-03 13:40:53,2026-05,BEDOK,5 ROOM,748B,BEDOK RESERVOIR CRES,01 TO 03,105.0,DBSS,2014,87 years 04 months,1060000,0.06079271,17621,2026,748B BEDOK RESERVOIR CRES Singapore
223451,c1a2486d4685b94d5e6313c0ad586b0b54d5857b6afc50735408a22e103e049d,2026-09-03 13:40:53,2026-08,BEDOK,5 ROOM,747C,BEDOK RESERVOIR CRES,07 TO 09,105.0,DBSS,2014,86 years 11 months,1200000,0.06079271,17621,2026,747C BEDOK RESERVOIR CRES Singapore
223452,1f66003df52586d4c08dc119157c577283dbc6b42ad68a52b02ccf50810a2351,2026-09-03 13:40:53,2026-01,BEDOK,5 ROOM,710,BEDOK RESERVOIR RD,01 TO 03,125.0,Improved,1980,53 years 11 months,655000,0.06079271,17621,2026,710 BEDOK RESERVOIR RD Singapore
223453,f0f5e2cab06ff1fd42e8c7aadb8db59e6c64f2f3af464acefce97322004c27cb,2026-09-03 13:40:53,2026-02,BEDOK,5 ROOM,611,BEDOK RESERVOIR RD,04 TO 06,121.0,Improved,1993,66 years 04 months,668000,0.06079271,17621,2026,611 BEDOK RESERVOIR RD Singapore
223454,da0b7f00e929853a00b75dd8c789fdbad9e2b56fff5c369e8ec7cd4e42af0c12,2026-09-03 13:40:53,2026-02,BEDOK,5 ROOM,723,BEDOK RESERVOIR RD,04 TO 06,139.0,Model A-Maisonette,1984,57 years 07 months,800000,0.06079271,17621,2026,723 BEDOK RESERVOIR RD Singapore
223455,4ffee82f96688f9d7ad88f647171d3bf4a1bb21d621798fe4906fe45b51a4b5f,2026-09-03 13:40:53,2026-02,BEDOK,5 ROOM,141,BEDOK RESERVOIR RD,10 TO 12,122.0,Improved,1986,59 years 10 months,660000,0.06079271,17621,2026,141 BEDOK RESERVOIR RD Singapore
223456,bc7304c3dc246d90d76a91d42c5d8a8178bd5d467501c8e2dd8123e5519ed12a,2026-09-03 13:40:53,2026-03,BEDOK,5 ROOM,621,BEDOK RESERVOIR RD,04 TO 06,121.0,Improved,1983,55 years 11 months,710000,0.06079271,17621,2026,621 BEDOK RESERVOIR RD Singapore
223457,7bce34b9024edfc904def876a8f8a2d07507ae9062f7552cf15702ca491f6445,2026-09-03 13:40:53,2026-04,BEDOK,5 ROOM,710,BEDOK RESERVOIR RD,10 TO 12,121.0,Improved,1980,53 years 08 months,740000,0.06079271,17621,2026,710 BEDOK RESERVOIR RD Singapore
223458,1694fe9d371b12ca7ab8c25582d3d9834dc2940c52799482c1ab902127c6e3b6,2026-09-03 13:40:53,2026-04,BEDOK,5 ROOM,712,BEDOK RESERVOIR RD,07 TO 09,136.0,Adjoined flat,1981,54 years 04 months,830000,0.06079271,17621,2026,712 BEDOK RESERVOIR RD Singapore
223459,09d4c899df48536caf8478e71eba9ba7ce328592e003043d73dd3a17e507018d,2026-09-03 13:40:53,2026-05,BEDOK,5 ROOM,112,BEDOK RESERVOIR RD,07 TO 09,121.0,Improved,1985,58 years 03 months,682000,0.06079271,17621,2026,112 BEDOK RESERVOIR RD Singapore
223460,7126ad6983cae770496bfda09d46d3217911361cd3a0e3f1c9b809ea4dc3a616,2026-09-03 13:40:53,2026-06,BEDOK,5 ROOM,723,BEDOK RESERVOIR RD,10 TO 12,139.0,Model A-Maisonette,1984,57 years 03 months,960000,0.06079271,17621,2026,723 BEDOK RESERVOIR RD Singapore
223461,2756bdfb6289eb92f243c986a978b26946dc65b4916f285485d6de0ee8d35e12,2026-09-03 13:40:53,2026-06,BEDOK,5 ROOM,717,BEDOK RESERVOIR RD,10 TO 12,140.0,Model A-Maisonette,1984,56 years 07 months,925000,0.06079271,17621,2026,717 BEDOK RESERVOIR RD Singapore
223462,0145d25f1ab22fd371f53ca7dfedd269bbc8d310a11fc4b9e8b3741077c80af4,2026-09-03 13:40:53,2026-07,BEDOK,5 ROOM,629,BEDOK RESERVOIR RD,10 TO 12,139.0,Model A,1993,65 years 11 months,945000,0.06079271,17621,2026,629 BEDOK RESERVOIR RD Singapore
223463,1da1893c4560921878247e0f2345264e4ad5195551de01251fcb5da099273e79,2026-09-03 13:40:53,2026-07,BEDOK,5 ROOM,602,BEDOK RESERVOIR RD,04 TO 06,121.0,Improved,1982,54 years 10 months,610000,0.06079271,17621,2026,602 BEDOK RESERVOIR RD Singapore
223464,a38ef0d7248c60388328e6bef7adae853f793c8f47142242f222601d7b667c6c,2026-09-03 13:40:53,2026-07,BEDOK,5 ROOM,715,BEDOK RESERVOIR RD,07 TO 09,121.0,Improved,1980,53 years 04 months,695000,0.06079271,17621,2026,715 BEDOK RESERVOIR RD Singapore
223465,626d9c59cb41f03149e253121eeed875e615c56faa970a8ef3d87e12404a64cf,2026-09-03 13:40:53,2026-07,BEDOK,5 ROOM,714,BEDOK RESERVOIR RD,07 TO 09,121.0,Improved,1980,53 years 04 months,690888,0.06079271,17621,2026,714 BEDOK RESERVOIR RD Singapore
223466,a70a56621600aee0e6989742ab2aa9c452736c269fd00124da38fe2e74ccdf10,2026-09-03 13:40:53,2026-07,BEDOK,5 ROOM,715,BEDOK RESERVOIR RD,01 TO 03,121.0,Improved,1980,53 years 04 months,655000,0.06079271,17621,2026,715 BEDOK RESERVOIR RD Singapore
223467,025f083ec670b7cf04dbd7c5ab43ea73da1cf27dbe8bee9d45b12f91d4ea997b,2026-09-03 13:40:53,2026-07,BEDOK,5 ROOM,613,BEDOK RESERVOIR RD,01 TO 03,121.0,Improved,1981,53 years 09 months,625000,0.06079271,17621,2026,613 BEDOK RESERVOIR RD Singapore
223468,3c11bf5abead9491789832b308af4ed057737bf6c5fa18e53a8f6c1d62298281,2026-09-03 13:40:53,2026-07,BEDOK,5 ROOM,611,BEDOK RESERVOIR RD,07 TO 09,123.0,Improved,1993,65 years 10 months,710000,0.06079271,17621,2026,611 BEDOK RESERVOIR RD Singapore
223469,bdda9d22959b6b7ece058512c81b91d524967e1184f463f7a2d2a3f2f114c18f,2026-09-03 13:40:53,2026-08,BEDOK,5 ROOM,605,BEDOK RESERVOIR RD,04 TO 06,121.0,Improved,1982,54 years 10 months,638000,0.06079271,17621,2026,605 BEDOK RESERVOIR RD Singapore
223470,2deb4a92e78288b7409c9eae96e79b12f200e9c855e1027ff591d72aced424b6,2026-09-03 13:40:53,2026-08,BEDOK,5 ROOM,142,BEDOK RESERVOIR RD,07 TO 09,122.0,Improved,1986,59 years 04 months,750000,0.06079271,17621,2026,142 BEDOK RESERVOIR RD Singapore
223471,fda5a142a30526e52d2018621789f6e7a7753c4a7386122bd1fdcbf9d5c40dae,2026-09-03 13:40:53,2026-08,BEDOK,5 ROOM,621,BEDOK RESERVOIR RD,07 TO 09,121.0,Improved,1983,55 years 06 months,680000,0.06079271,17621,2026,621 BEDOK RESERVOIR RD Singapore
223472,bd1fc0f4547dc47845df4fe8fe783c9cbba1c453b317fd0ccec231a3aea719ac,2026-09-03 13:40:53,2026-08,BEDOK,5 ROOM,711,BEDOK RESERVOIR RD,01 TO 03,121.0,Improved,1980,53 years 03 months,600000,0.06079271,17621,2026,711 BEDOK RESERVOIR RD Singapore
223473,bd04c603be5a476c1fbe1ebb68b9a83368305366ae8dccb0a54df83575a13775,2026-09-03 13:40:53,2026-08,BEDOK,5 ROOM,601,BEDOK RESERVOIR RD,01 TO 03,121.0,Improved,1982,54 years 09 months,600000,0.06079271,17621,2026,601 BEDOK RESERVOIR RD Singapore
223474,58133ae1e25bdb89222e701806a4c0679e90962f3038dc98cc1bb5323b8c6137,2026-09-03 13:40:53,2026-09,BEDOK,5 ROOM,601,BEDOK RESERVOIR RD,10 TO 12,121.0,Improved,1982,54 years 09 months,635000,0.06079271,17621,2026,601 BEDOK RESERVOIR RD Singapore
223475,648b39476ab655cfde9f23334f53ee3c39b248a8d88b1aa603dc90e996555d15,2026-09-03 13:40:53,2026-09,BEDOK,5 ROOM,613B,BEDOK RESERVOIR RD,07 TO 09,121.0,Improved,1998,70 years 06 months,866888,0.06079271,17621,2026,613B BEDOK RESERVOIR RD Singapore
223476,8b516a67710f6f88cbbf6af8666987c94996454260ae767bdf993b7740124008,2026-09-03 13:40:53,2026-01,BEDOK,5 ROOM,771,BEDOK RESERVOIR VIEW,16 TO 18,117.0,Premium Apartment,2000,74 years,830000,0.06079271,17621,2026,771 BEDOK RESERVOIR VIEW Singapore
223477,b1f156818860decb2ec4b5b3adc34ce05b57e7c4d729d4f70a642b867f7f2acd,2026-09-03 13:40:53,2026-02,BEDOK,5 ROOM,771,BEDOK RESERVOIR VIEW,04 TO 06,115.0,Premium Apartment,2000,73 years 11 months,738000,0.06079271,17621,2026,771 BEDOK RESERVOIR VIEW Singapore
223478,d621692a76a5b8341090303178e0476df5351af4bd5498b2190ed7b76483b5d1,2026-09-03 13:40:53,2026-02,BEDOK,5 ROOM,769,BEDOK RESERVOIR VIEW,01 TO 03,115.0,Premium Apartment,2000,73 years 11 months,750000,0.06079271,17621,2026,769 BEDOK RESERVOIR VIEW Singapore
223479,b38aa31aeda5b2d2006ee0435437da13370b8db1d5dd0b08b53182ce21aec13a,2026-09-03 13:40:53,2026-03,BEDOK,5 ROOM,770,BEDOK RESERVOIR VIEW,10 TO 12,115.0,Premium Apartment,2000,73 years 10 months,770000,0.06079271,17621,2026,770 BEDOK RESERVOIR VIEW Singapore
223480,3871a8ddf485a69dec45a0b12dbf4acc1a389463338b16bddb830eddb6497a02,2026-09-03 13:40:53,2026-03,BEDOK,5 ROOM,771,BEDOK RESERVOIR VIEW,10 TO 12,115.0,Premium Apartment,2000,73 years 10 months,795000,0.06079271,17621,2026,771 BEDOK RESERVOIR VIEW Singapore
223481,a803be0d83cba2857d96ed2957dae3fef1ef84cc38ab88de68eb6e49dcc6fd5f,2026-09-03 13:40:53,2026-03,BEDOK,5 ROOM,773,BEDOK RESERVOIR VIEW,16 TO 18,115.0,Premium Apartment,2000,73 years 10 months,846888,0.06079271,17621,2026,773 BEDOK RESERVOIR VIEW Singapore
223482,b971ffea38ca321847806c408c2f77bd602e3de0c0134285c3643f11d6b51a55,2026-09-03 13:40:53,2026-03,BEDOK,5 ROOM,762,BEDOK RESERVOIR VIEW,13 TO 15,115.0,Premium Apartment,2000,73 years 10 months,863000,0.06079271,17621,2026,762 BEDOK RESERVOIR VIEW Singapore
223483,454e67fec16548c17d2570b8a6ca34aa8b6d783e132f099bdacd6c53d60e8f39,2026-09-03 13:40:53,2026-04,BEDOK,5 ROOM,763,BEDOK RESERVOIR VIEW,01 TO 03,115.0,Premium Apartment,2000,73 years 09 months,800000,0.06079271,17621,2026,763 BEDOK RESERVOIR VIEW Singapore
223484,c3a6ea5cb58d1faad398ce799621341a01bc84a031029d2400151d6a5ed05848,2026-09-03 13:40:53,2026-04,BEDOK,5 ROOM,773,BEDOK RESERVOIR VIEW,07 TO 09,115.0,Premium Apartment,2000,73 years 08 months,780000,0.06079271,17621,2026,773 BEDOK RESERVOIR VIEW Singapore
223485,4a45d813a4f3f901b3be88d7097f20739d8c6d0a819ec3cf6ae058aee7a5f611,2026-09-03 13:40:53,2026-05,BEDOK,5 ROOM,767,BEDOK RESERVOIR VIEW,01 TO 03,115.0,Premium Apartment,2000,73 years 08 months,790000,0.06079271,17621,2026,767 BEDOK RESERVOIR VIEW Singapore
223486,239e47ff1fc7d673ff76009031192deb61341eadb32f55f213467d5d67c0f911,2026-09-03 13:40:53,2026-05,BEDOK,5 ROOM,772,BEDOK RESERVOIR VIEW,01 TO 03,115.0,Premium Apartment,2000,73 years 08 months,700000,0.06079271,17621,2026,772 BEDOK RESERVOIR VIEW Singapore
223487,d86ec40185b30d8e594d2b722911cd5994518806a01324e89db3967696f0dc19,2026-09-03 13:40:53,2026-05,BEDOK,5 ROOM,767,BEDOK RESERVOIR VIEW,04 TO 06,115.0,Premium Apartment,2000,73 years 07 months,769000,0.06079271,17621,2026,767 BEDOK RESERVOIR VIEW Singapore
223488,3169815a8f4125dd2676b0f79dff9c73c81ff05d488991f7b6a5c4ac8d804609,2026-09-03 13:40:53,2026-06,BEDOK,5 ROOM,765,BEDOK RESERVOIR VIEW,04 TO 06,115.0,Premium Apartment,2000,73 years 07 months,808000,0.06079271,17621,2026,765 BEDOK RESERVOIR VIEW Singapore
223489,40877667bba88fb22adf9891636993acd58168bef47d12cff9d8915337e0b34d,2026-09-03 13:40:53,2026-07,BEDOK,5 ROOM,773,BEDOK RESERVOIR VIEW,16 TO 18,117.0,Premium Apartment,2000,73 years 06 months,875000,0.06079271,17621,2026,773 BEDOK RESERVOIR VIEW Singapore
223490,574b126e1d83a7bc0e65d6b3193b9f55007e65475ab17cca2a9efdd958ddd670,2026-09-03 13:40:53,2026-07,BEDOK,5 ROOM,761,BEDOK RESERVOIR VIEW,16 TO 18,117.0,Premium Apartment,2000,73 years 06 months,840000,0.06079271,17621,2026,761 BEDOK RESERVOIR VIEW Singapore
223491,d1dc0f446e3ec6a9754df0b8301c2510651038ea14c71c43f71c23a0b8c667b2,2026-09-03 13:40:53,2026-07,BEDOK,5 ROOM,762,BEDOK RESERVOIR VIEW,07 TO 09,115.0,Premium Apartment,2000,73 years 05 months,820000,0.06079271,17621,2026,762 BEDOK RESERVOIR VIEW Singapore
223492,9eaf275d0bd0b958c47d304696830dd88cbf1706fd58957cfd631299063aeaed,2026-09-03 13:40:53,2026-08,BEDOK,5 ROOM,766,BEDOK RESERVOIR VIEW,01 TO 03,115.0,Premium Apartment,2000,73 years 05 months,740000,0.06079271,17621,2026,766 BEDOK RESERVOIR VIEW Singapore
223493,3c111c665174d3ea114cc230b047deffdc607e6f76f07ededd54a4cef325e123,2026-09-03 13:40:53,2026-08,BEDOK,5 ROOM,765,BEDOK RESERVOIR VIEW,16 TO 18,115.0,Premium Apartment,2000,73 years 05 months,881888,0.06079271,17621,2026,765 BEDOK RESERVOIR VIEW Singapore
223494,4e8fb821c72de8eaac9a22b2e5ba40282e47ea0086ae460900e59e937768eff2,2026-09-03 13:40:53,2026-08,BEDOK,5 ROOM,769,BEDOK RESERVOIR VIEW,13 TO 15,115.0,Premium Apartment,2000,73 years 04 months,830000,0.06079271,17621,2026,769 BEDOK RESERVOIR VIEW Singapore
223495,3a1ea9737a7e0a463f8796e348afea9da6bf4625c9dd218aa1d357fbc22396bc,2026-09-03 13:40:53,2026-08,BEDOK,5 ROOM,771,BEDOK RESERVOIR VIEW,13 TO 15,115.0,Premium Apartment,2000,73 years 04 months,815000,0.06079271,17621,2026,771 BEDOK RESERVOIR VIEW Singapore
223496,1bbac86b69df185cba806b4193248457769621f187a1c13bea404709315cd7df,2026-09-03 13:40:53,2026-08,BEDOK,5 ROOM,770,BEDOK RESERVOIR VIEW,07 TO 09,115.0,Premium Apartment,2000,73 years 04 months,815000,0.06079271,17621,2026,770 BEDOK RESERVOIR VIEW Singapore
223497,44dbf57d50d836ce1ebb628908acfca176382423a1c1c8672430655ae4cda082,2026-09-03 13:40:53,2026-01,BEDOK,5 ROOM,14,BEDOK STH AVE 2,10 TO 12,133.0,Model A,1995,69 years,1025000,0.06079271,17621,2026,14 BEDOK STH AVE 2 Singapore
223498,cd101818cac7dfddfc8ea194b67f9c1de749abf83b0a12aa7bac3432bb52d93f,2026-09-03 13:40:53,2026-03,BEDOK,5 ROOM,9,BEDOK STH AVE 2,16 TO 18,133.0,Model A,1993,66 years 03 months,1050000,0.06079271,17621,2026,9 BEDOK STH AVE 2 Singapore
223499,25d0aef6c71cd1c5535ac9203f6013a563218c9be5b996a19d06b07479b44596,2026-09-03 13:40:53,2026-03,BEDOK,5 ROOM,31,BEDOK STH AVE 2,01 TO 03,115.0,Standard,1978,51 years,636888,0.06079271,17621,2026,31 BEDOK STH AVE 2 Singapore
223500,46db31ac63ea954ee6004fe27c6848d85c981a90b49a28f4ae5021198452a080,2026-09-03 13:40:53,2026-05,BEDOK,5 ROOM,14,BEDOK STH AVE 2,04 TO 06,124.0,Improved,1995,68 years 08 months,888000,0.06079271,17621,2026,14 BEDOK STH AVE 2 Singapore
223501,b374bf8208feafa1bad175d3cfe74df3ab9fcec2f718bceb7b3b95c6501ae711,2026-09-03 13:40:53,2026-08,BEDOK,5 ROOM,31,BEDOK STH AVE 2,19 TO 21,118.0,Standard,1978,50 years 07 months,850000,0.06079271,17621,2026,31 BEDOK STH AVE 2 Singapore
223502,5a909c80d72dbe038540f3187c24c78b76722843fb4a2aea5723ec0d96dcd377,2026-09-03 13:40:53,2026-01,BEDOK,5 ROOM,67,BEDOK STH AVE 3,16 TO 18,123.0,Standard,1977,50 years 10 months,905000,0.06079271,17621,2026,67 BEDOK STH AVE 3 Singapore
223503,09a0b27348b7d534874bd6e5811c93ed392dae81ecfc4212cb6419284a7ccbb6,2026-09-03 13:40:53,2026-01,BEDOK,5 ROOM,66,BEDOK STH AVE 3,04 TO 06,123.0,Standard,1977,50 years 10 months,820888,0.06079271,17621,2026,66 BEDOK STH AVE 3 Singapore
223504,26b321258ca9623ff1e1cf2307bd85e9d16d7a8cfee96d030446fa85a120239a,2026-09-03 13:40:53,2026-04,BEDOK,5 ROOM,68,BEDOK STH AVE 3,16 TO 18,125.0,Standard,1977,50 years 07 months,825000,0.06079271,17621,2026,68 BEDOK STH AVE 3 Singapore
223505,969989964bc1ef943165886b8015f5e4a441177a3d65460cd24e64bbdc3b5516,2026-09-03 13:40:53,2026-04,BEDOK,5 ROOM,68,BEDOK STH AVE 3,04 TO 06,123.0,Standard,1977,50 years 07 months,710000,0.06079271,17621,2026,68 BEDOK STH AVE 3 Singapore
223506,fc85eabaa7fa6c8fae6def8367d570244ec4b28bf2cbeaf18abdb19227911afc,2026-09-03 13:40:53,2026-01,BEDOK,5 ROOM,172,BEDOK STH RD,04 TO 06,122.0,Improved,1985,58 years 11 months,808000,0.06079271,17621,2026,172 BEDOK STH RD Singapore
223507,faa771843ec2896d61546e9df968508baf672e297d26fdf43ba19e30f683e478,2026-09-03 13:40:53,2026-01,BEDOK,5 ROOM,20,BEDOK STH RD,10 TO 12,117.0,Standard,1976,49 years,748888,0.06079271,17621,2026,20 BEDOK STH RD Singapore
223508,8673f3af8d70178d36946f43b340873e23f6506b74c26f5236171d3136d5ee2e,2026-09-03 13:40:53,2026-04,BEDOK,5 ROOM,20,BEDOK STH RD,13 TO 15,114.0,Standard,1976,48 years 10 months,738000,0.06079271,17621,2026,20 BEDOK STH RD Singapore
223509,c3485f48f95bc778219e7e9462e487f0a518591f3b6de9901fc41ba6ecf2124c,2026-09-03 13:40:53,2026-04,BEDOK,5 ROOM,20,BEDOK STH RD,04 TO 06,117.0,Standard,1976,48 years 10 months,715888,0.06079271,17621,2026,20 BEDOK STH RD Singapore
223510,693e6fd46fa48e774632ae00f5401b827b6abc411bda40e683cb5c5a9da48a6f,2026-09-03 13:40:53,2026-05,BEDOK,5 ROOM,153B,BEDOK STH RD,16 TO 18,113.0,Improved,2022,95 years,1400000,0.06079271,17621,2026,153B BEDOK STH RD Singapore
223511,41320b4cf54608b5a3c9beb0081c2e1f51958686930e29653c5e1955d42655a4,2026-09-03 13:40:53,2026-05,BEDOK,5 ROOM,153C,BEDOK STH RD,04 TO 06,113.0,Improved,2022,94 years 11 months,1380000,0.06079271,17621,2026,153C BEDOK STH RD Singapore
223512,a6e6f82051aa2dbf530d8b238bb5f2341c70d8d86d54a7c3de09d5fc9ae2c889,2026-09-03 13:40:53,2026-06,BEDOK,5 ROOM,153C,BEDOK STH RD,07 TO 09,113.0,Improved,2022,94 years 10 months,1370000,0.06079271,17621,2026,153C BEDOK STH RD Singapore
223513,0e13ddc311228fd7c7fe2a031700b24ebc86d511da765e357490b8eb035b7ab0,2026-09-03 13:40:53,2026-07,BEDOK,5 ROOM,153C,BEDOK STH RD,04 TO 06,113.0,Improved,2022,94 years 10 months,1280000,0.06079271,17621,2026,153C BEDOK STH RD Singapore
223514,a6fb0e7f8c2ae400ba694a10ff0de4dc28a2cd2f0412792c0c94aac52261600a,2026-09-03 13:40:53,2026-07,BEDOK,5 ROOM,21,BEDOK STH RD,13 TO 15,117.0,Standard,1976,48 years 07 months,748000,0.06079271,17621,2026,21 BEDOK STH RD Singapore
223515,4bf96c59236976416da23e69f9aee5af28ad12cb4e30822d7cb61ff20d9c913e,2026-09-03 13:40:53,2026-07,BEDOK,5 ROOM,164,BEDOK STH RD,01 TO 03,122.0,Improved,1986,58 years 07 months,750000,0.06079271,17621,2026,164 BEDOK STH RD Singapore
223516,8fe06e9dbc86a516a8baf0351bfdd9404076784914476789bd433fba6eb252b5,2026-09-03 13:40:53,2026-08,BEDOK,5 ROOM,153B,BEDOK STH RD,16 TO 18,113.0,Improved,2022,94 years 08 months,1450000,0.06079271,17621,2026,153B BEDOK STH RD Singapore
223517,94b8efb74291d4b0b4c2f894a7de354139796cd637f940a27664cf931f9178be,2026-09-03 13:40:53,2026-08,BEDOK,5 ROOM,33,CHAI CHEE AVE,22 TO 24,117.0,Standard,1975,47 years 06 months,795000,0.06079271,17621,2026,33 CHAI CHEE AVE Singapore
223518,9599c2f86e3ade487962604ea03fd9fce44b14a5dc3e4c05ba16bc97e693f7f5,2026-09-03 13:40:53,2026-01,BEDOK,5 ROOM,805,CHAI CHEE RD,10 TO 12,128.0,Improved,1993,66 years 04 months,886000,0.06079271,17621,2026,805 CHAI CHEE RD Singapore
223519,0641d206f67179a21b688eb3b8d5bc117e29a4e11bdf1065c0a0d4868dcf1c0f,2026-09-03 13:40:53,2026-02,BEDOK,5 ROOM,26,CHAI CHEE RD,07 TO 09,128.0,Improved,1993,66 years 04 months,880000,0.06079271,17621,2026,26 CHAI CHEE RD Singapore
223520,c6c5a1e7bcbc8496f3ed7d01dba01a539de37ed48b4cc6e86f45aa1606cae50a,2026-09-03 13:40:53,2026-02,BEDOK,5 ROOM,63,CHAI CHEE RD,07 TO 09,133.0,Model A,1984,57 years 03 months,755000,0.06079271,17621,2026,63 CHAI CHEE RD Singapore
223521,93bb2d969fb2624a4c87333c0caa46fdd56b51492263170e1c20c181473c7386,2026-09-03 13:40:53,2026-03,BEDOK,5 ROOM,2,CHAI CHEE RD,07 TO 09,133.0,Model A,1983,56 years 08 months,739000,0.06079271,17621,2026,2 CHAI CHEE RD Singapore
223522,feaf2ac717dc7e381e64a212926a96039952f36f3d457aa2e029b6867de00db3,2026-09-03 13:40:53,2026-03,BEDOK,5 ROOM,11,CHAI CHEE RD,01 TO 03,120.0,Improved,2001,74 years,862000,0.06079271,17621,2026,11 CHAI CHEE RD Singapore
223523,1941d85835b06d949fdac6b844b6e5fc98120af65da1115010bd8d9b7a54c0bc,2026-09-03 13:40:53,2026-05,BEDOK,5 ROOM,63,CHAI CHEE RD,07 TO 09,133.0,Model A,1984,57 years,730000,0.06079271,17621,2026,63 CHAI CHEE RD Singapore
223524,2ad7dfad5494164a53aa71a9c33f7b88668bb7b1b7f58169a9a395a7556d1567,2026-09-03 13:40:53,2026-05,BEDOK,5 ROOM,26,CHAI CHEE RD,04 TO 06,122.0,Improved,1993,65 years 11 months,850000,0.06079271,17621,2026,26 CHAI CHEE RD Singapore
223525,84ab7431aecb455beec9d9e3ce2fcf5ad592f8368046052e3417f68e7826e92c,2026-09-03 13:40:53,2026-06,BEDOK,5 ROOM,804,CHAI CHEE RD,04 TO 06,126.0,Improved,1993,66 years,850000,0.06079271,17621,2026,804 CHAI CHEE RD Singapore
223526,6a4fd2cb1025baf534c4fbafa1d86ad664193084cd043757f65a76ff0548cbef,2026-09-03 13:40:53,2026-07,BEDOK,5 ROOM,63,CHAI CHEE RD,04 TO 06,133.0,Model A,1984,56 years 10 months,690000,0.06079271,17621,2026,63 CHAI CHEE RD Singapore
223527,d4f3231befe118ac9b57e1f656c6f1ce406884f5e541d2cd2dd1dad9d1f99f72,2026-09-03 13:40:53,2026-08,BEDOK,5 ROOM,807C,CHAI CHEE RD,04 TO 06,113.0,Improved,2016,89 years 04 months,990000,0.06079271,17621,2026,807C CHAI CHEE RD Singapore
223528,7ae5aef4fa23a35af82bc26c6f9f6135ff5678ee8b19a5bcc8cb1a048dcb29ac,2026-09-03 13:40:53,2026-03,BEDOK,5 ROOM,53,CHAI CHEE ST,10 TO 12,121.0,Improved,1981,54 years 04 months,660000,0.06079271,17621,2026,53 CHAI CHEE ST Singapore
223529,1d6f1a302b124ce7306589ec0721068ead673a3fb0e556d09b36154434e2f9ff,2026-09-03 13:40:53,2026-05,BEDOK,5 ROOM,52,CHAI CHEE ST,13 TO 15,121.0,Improved,1981,54 years 02 months,695000,0.06079271,17621,2026,52 CHAI CHEE ST Singapore
223530,86874d2789e4fd0a919e659ab50923d792d9298e529a396325acca5dea37a675,2026-09-03 13:40:53,2026-07,BEDOK,5 ROOM,53,CHAI CHEE ST,07 TO 09,121.0,Improved,1981,53 years 11 months,626000,0.06079271,17621,2026,53 CHAI CHEE ST Singapore
223531,47ddd6c56a063d3ce83093aa61b30018948b258f628316f7e042f74dbe9cb032,2026-09-03 13:40:53,2026-08,BEDOK,5 ROOM,45,CHAI CHEE ST,01 TO 03,136.0,Adjoined flat,1980,52 years 09 months,770000,0.06079271,17621,2026,45 CHAI CHEE ST Singapore
223532,3eb80ad4e1303b48206e4aca71fbb4076fdd1265709fd5f2c4515de0aba7896b,2026-09-03 13:40:53,2026-01,BEDOK,5 ROOM,667,JLN DAMAI,07 TO 09,127.0,Improved,1996,69 years 11 months,850000,0.06079271,17621,2026,667 JLN DAMAI Singapore
223533,6c2a41d209e9cf09669e2c569f1c30fd9aa091ea3818a92abb88a918f1630889,2026-09-03 13:40:53,2026-03,BEDOK,5 ROOM,672,JLN DAMAI,07 TO 09,133.0,Model A,1996,69 years 05 months,870000,0.06079271,17621,2026,672 JLN DAMAI Singapore
223534,66807deb75e3c92325373c49a9780bd56d147ea04db120dbbe31ce6453517198,2026-09-03 13:40:53,2026-06,BEDOK,5 ROOM,666,JLN DAMAI,13 TO 15,125.0,Improved,1996,69 years 06 months,910000,0.06079271,17621,2026,666 JLN DAMAI Singapore
223535,a42ae1d52ae19a4d8c3ce5fb93da9781cb1e69d4b8d5cad77649838e6803e592,2026-09-03 13:40:53,2026-01,BEDOK,5 ROOM,648,JLN TENAGA,16 TO 18,123.0,Improved,1993,66 years 05 months,858000,0.06079271,17621,2026,648 JLN TENAGA Singapore
223536,e90e9a7ef16e6a32a3f3a708fa48bd723273b4ee3fda1e246b0bd181bbfccc93,2026-09-03 13:40:53,2026-01,BEDOK,5 ROOM,653,JLN TENAGA,10 TO 12,125.0,Improved,1996,69 years 10 months,855000,0.06079271,17621,2026,653 JLN TENAGA Singapore
223537,4d418a457a741819944b22365324d56d5f8a196625a590ebd3216360ce314bfa,2026-09-03 13:40:53,2026-02,BEDOK,5 ROOM,655,JLN TENAGA,04 TO 06,133.0,Model A,1996,69 years 10 months,880000,0.06079271,17621,2026,655 JLN TENAGA Singapore
223538,a568ad476ce2a71a9c0e7f173e6010d386e7cc1b316389316ceaaa5dc66e01ea,2026-09-03 13:40:53,2026-02,BEDOK,5 ROOM,658,JLN TENAGA,04 TO 06,125.0,Improved,1996,69 years 09 months,823000,0.06079271,17621,2026,658 JLN TENAGA Singapore
223539,e79c0ae35f6eef05ad917c720ac72035eb85dff874eaee5b4d752f7ba03275fd,2026-09-03 13:40:53,2026-02,BEDOK,5 ROOM,645,JLN TENAGA,07 TO 09,126.0,Improved,1993,66 years 07 months,873000,0.06079271,17621,2026,645 JLN TENAGA Singapore
223540,dd246675e62f9995549effd9e7f72dc155776c06a17551553d1f7f59199dad03,2026-09-03 13:40:53,2026-02,BEDOK,5 ROOM,660,JLN TENAGA,01 TO 03,121.0,Improved,1997,69 years 11 months,810000,0.06079271,17621,2026,660 JLN TENAGA Singapore
223541,a04ab99a41ff965ebffe1b2ac297c75481d87eeda1a1a8a3704b2409533d1840,2026-09-03 13:40:53,2026-02,BEDOK,5 ROOM,658,JLN TENAGA,13 TO 15,127.0,Improved,1996,69 years 08 months,915000,0.06079271,17621,2026,658 JLN TENAGA Singapore
223542,1012aa2d1481a8df1c9924d836a49a060d2954e3c882b17776836773f3081bfe,2026-09-03 13:40:53,2026-03,BEDOK,5 ROOM,649,JLN TENAGA,16 TO 18,123.0,Improved,1993,66 years 02 months,893888,0.06079271,17621,2026,649 JLN TENAGA Singapore
223543,24997d4c4438fcfac699f715379f341825963f4d6fa58b1fc60d54e3c67d5793,2026-09-03 13:40:53,2026-04,BEDOK,5 ROOM,646,JLN TENAGA,04 TO 06,124.0,Improved,1993,66 years 02 months,857000,0.06079271,17621,2026,646 JLN TENAGA Singapore
223544,5a981615a981028229906aec1228ce5cc194792e894555565e87cc4e7441ed59,2026-09-03 13:40:53,2026-07,BEDOK,5 ROOM,651,JLN TENAGA,07 TO 09,126.0,Improved,1996,69 years 04 months,865000,0.06079271,17621,2026,651 JLN TENAGA Singapore
223545,7256efb4117ec6a8d937995fb8f5b77629e513216c1234bf3203457afa07a5f7,2026-09-03 13:40:53,2026-07,BEDOK,5 ROOM,656,JLN TENAGA,07 TO 09,125.0,Improved,1996,69 years 05 months,851888,0.06079271,17621,2026,656 JLN TENAGA Singapore
223546,a79810109f7617c6cf1ad4809d306c847ae63ee79fe20ee265f56098ba47aeb9,2026-09-03 13:40:53,2026-07,BEDOK,5 ROOM,652,JLN TENAGA,07 TO 09,125.0,Improved,1996,69 years 04 months,853888,0.06079271,17621,2026,652 JLN TENAGA Singapore
223547,2833a144244f6282edc06f022210fdedce3f80c2d2c36de95db1a400f0c8120b,2026-09-03 13:40:53,2026-07,BEDOK,5 ROOM,647,JLN TENAGA,04 TO 06,123.0,Improved,1993,65 years 10 months,788000,0.06079271,17621,2026,647 JLN TENAGA Singapore
223548,8f0c171c10a7828e82f722edc71de7fb0e6d3223a99b0403890f88eda4ccd3c9,2026-09-03 13:40:53,2026-08,BEDOK,5 ROOM,659,JLN TENAGA,04 TO 06,125.0,Improved,1996,69 years 03 months,860000,0.06079271,17621,2026,659 JLN TENAGA Singapore
223549,fb52e289d3ae31d7ab99a24adb1ba02fb2a20d00387318ddea7ad92134b40bd5,2026-09-03 13:40:53,2026-09,BEDOK,5 ROOM,658,JLN TENAGA,04 TO 06,126.0,Improved,1996,69 years 02 months,838000,0.06079271,17621,2026,658 JLN TENAGA Singapore
223550,4e4c549e35ee20746159b2b59fe4a405c2ae78a36dcadaa41eadd6d9c03f5b8e,2026-09-03 13:40:53,2026-03,BEDOK,5 ROOM,102,LENGKONG TIGA,07 TO 09,129.0,Improved,1989,62 years 05 months,980000,0.06079271,17621,2026,102 LENGKONG TIGA Singapore
223551,2e7bbdb08d1dd2d3d9ec37219e3bd688eed89ccf3bb65a50388ba497946d8548,2026-09-03 13:40:53,2026-04,BEDOK,5 ROOM,103,LENGKONG TIGA,07 TO 09,121.0,Improved,1989,61 years 09 months,1058000,0.06079271,17621,2026,103 LENGKONG TIGA Singapore
223552,a670e83765af92ae78dbe9a480342c94f588be288a74bd685ccb3b5ebfb177a8,2026-09-03 13:40:53,2026-05,BEDOK,5 ROOM,103,LENGKONG TIGA,13 TO 15,130.0,Improved,1989,61 years 08 months,1168000,0.06079271,17621,2026,103 LENGKONG TIGA Singapore
223553,dd24f9ed2072e2b16098afe0d392e43f48cf325f09184b4f903d666482184a7c,2026-09-03 13:40:53,2026-06,BEDOK,5 ROOM,113,LENGKONG TIGA,01 TO 03,123.0,Improved,1989,61 years 07 months,870000,0.06079271,17621,2026,113 LENGKONG TIGA Singapore
223554,2a2c1b5b4081dd574d6291729818068dd0a08811754f5c08dc3968bacfbbdc47,2026-09-03 13:40:53,2026-06,BEDOK,5 ROOM,102,LENGKONG TIGA,07 TO 09,121.0,Improved,1989,62 years 01 month,1000000,0.06079271,17621,2026,102 LENGKONG TIGA Singapore
223555,ece8ede96aebc7af954bfa0ad447107ba73ede0711f52755cad004e1c1deba2c,2026-09-03 13:40:53,2026-07,BEDOK,5 ROOM,110,LENGKONG TIGA,04 TO 06,121.0,Improved,1989,61 years 06 months,980000,0.06079271,17621,2026,110 LENGKONG TIGA Singapore
223556,3095d96d05d7576be4c96c60c4227e1820ea6f5ab3b0f8c8e6e8c54c388a0a26,2026-09-03 13:40:53,2026-08,BEDOK,5 ROOM,114,LENGKONG TIGA,10 TO 12,120.0,Improved,1989,61 years 06 months,1090000,0.06079271,17621,2026,114 LENGKONG TIGA Singapore
223557,0025913ebe10e7b337aeb3cefe94baeee50bbb5ba12b08754986a0ddd8f369c6,2026-09-03 13:40:53,2026-03,BEDOK,5 ROOM,54,NEW UPP CHANGI RD,01 TO 03,115.0,Standard,1977,50 years 04 months,615000,0.06079271,17621,2026,54 NEW UPP CHANGI RD Singapore
223558,e1241b5c7e9975660cd653618ea0d5666e48cc491be0509ba1b0660b664e163a,2026-09-03 13:40:53,2026-05,BEDOK,5 ROOM,54,NEW UPP CHANGI RD,19 TO 21,118.0,Standard,1977,50 years 02 months,720000,0.06079271,17621,2026,54 NEW UPP CHANGI RD Singapore
223559,225c52063875f6fe1661d96d5d46d5a85ee9b431639ab041a7314ebd70be2945,2026-09-03 13:40:53,2026-07,BEDOK,5 ROOM,60,NEW UPP CHANGI RD,13 TO 15,118.0,Standard,1977,50 years 01 month,710000,0.06079271,17621,2026,60 NEW UPP CHANGI RD Singapore
223560,cfc1fd6a8b39d487c91ae2528a8e7de24d637c2de826a0bed7171cfebbdcf1b3,2026-09-03 13:40:53,2026-08,BEDOK,5 ROOM,54,NEW UPP CHANGI RD,19 TO 21,120.0,Standard,1977,49 years 11 months,720000,0.06079271,17621,2026,54 NEW UPP CHANGI RD Singapore
223561,10220bc1a4961177bdecb3b0d715de25b73e46c79fa5b607686ad66cb3bb7be8,2026-09-03 13:40:53,2026-03,BEDOK,EXECUTIVE,94C,BEDOK NTH AVE 4,01 TO 03,143.0,Apartment,1993,66 years 02 months,961000,0.06079271,17621,2026,94C BEDOK NTH AVE 4 Singapore
223562,43fb89eb5faeffa7144461b44f203fcade695b4acff27c9d73dd90fb844d88a0,2026-09-03 13:40:53,2026-04,BEDOK,EXECUTIVE,94B,BEDOK NTH AVE 4,10 TO 12,143.0,Apartment,1993,66 years 01 month,1030000,0.06079271,17621,2026,94B BEDOK NTH AVE 4 Singapore
223563,c0a717f5e98c5f8a8460f3c09173fd61ad8128223964994bfdd5d864938e6cf4,2026-09-03 13:40:53,2026-07,BEDOK,EXECUTIVE,94B,BEDOK NTH AVE 4,04 TO 06,141.0,Apartment,1993,65 years 10 months,930000,0.06079271,17621,2026,94B BEDOK NTH AVE 4 Singapore
223564,8a16b217546e234983a69596d24bfd226a2f60f578ce0f2f865cda480d3928d7,2026-09-03 13:40:53,2026-07,BEDOK,EXECUTIVE,135,BEDOK NTH ST 2,10 TO 12,149.0,Adjoined flat,1978,50 years 10 months,918888,0.06079271,17621,2026,135 BEDOK NTH ST 2 Singapore
223565,6db36227f6b1de3faa110afda65f687e9cfa9aec3eedb97332ed1631ac82d34f,2026-09-03 13:40:53,2026-01,BEDOK,EXECUTIVE,644,BEDOK RESERVOIR RD,13 TO 15,142.0,Apartment,1993,66 years 04 months,1000000,0.06079271,17621,2026,644 BEDOK RESERVOIR RD Singapore
223566,b140c9c19ebf45f8db0ba7c2e71cc0bdc7246142780ad9c37c464ebd0973e148,2026-09-03 13:40:53,2026-02,BEDOK,EXECUTIVE,115,BEDOK RESERVOIR RD,04 TO 06,150.0,Maisonette,1985,58 years 09 months,990000,0.06079271,17621,2026,115 BEDOK RESERVOIR RD Singapore
223567,5af10f754d2eb4bbcacb3f811e60c92fc35c34b615690bdda39ed2d3feb19c3b,2026-09-03 13:40:53,2026-03,BEDOK,EXECUTIVE,635,BEDOK RESERVOIR RD,13 TO 15,142.0,Apartment,1993,66 years 03 months,1060000,0.06079271,17621,2026,635 BEDOK RESERVOIR RD Singapore
223568,1acfb9d54eb71e2f244eb9ea301171b0fc4db79f27bddc2751edd7189d092bdd,2026-09-03 13:40:53,2026-03,BEDOK,EXECUTIVE,137,BEDOK RESERVOIR RD,10 TO 12,143.0,Maisonette,1987,59 years 11 months,965000,0.06079271,17621,2026,137 BEDOK RESERVOIR RD Singapore
223569,bc1cdf1e846162fede7b731f8bff55109efcdbe1e816a64fa8230b7bb49b798c,2026-09-03 13:40:53,2026-04,BEDOK,EXECUTIVE,643,BEDOK RESERVOIR RD,07 TO 09,145.0,Apartment,1993,66 years 01 month,975000,0.06079271,17621,2026,643 BEDOK RESERVOIR RD Singapore
223570,98339aee3aa3ba29dc82ce2ddc2df5f07c6a1e25d1b22570862a1d6d9fcc92d1,2026-09-03 13:40:53,2026-04,BEDOK,EXECUTIVE,137,BEDOK RESERVOIR RD,10 TO 12,151.0,Maisonette,1987,59 years 09 months,1088888,0.06079271,17621,2026,137 BEDOK RESERVOIR RD Singapore
223571,1ded8f5cb1b77a9e8b630885b831bddf1470b6765e12ba34194eb59b01ea8957,2026-09-03 13:40:53,2026-05,BEDOK,EXECUTIVE,634,BEDOK RESERVOIR RD,04 TO 06,143.0,Apartment,1993,65 years 11 months,1058000,0.06079271,17621,2026,634 BEDOK RESERVOIR RD Singapore
223572,5dc84b16efeea1a5f45532269e14610223d847de8c0d5dcfa7dfe4da659da142,2026-09-03 13:40:53,2026-05,BEDOK,EXECUTIVE,137,BEDOK RESERVOIR RD,01 TO 03,143.0,Maisonette,1987,59 years 09 months,915000,0.06079271,17621,2026,137 BEDOK RESERVOIR RD Singapore
223573,4ee600385c7ab96bc3cb8a1bb08c0f693801620c7f5c5079e6d5b092b8711e29,2026-09-03 13:40:53,2026-05,BEDOK,EXECUTIVE,145,BEDOK RESERVOIR RD,04 TO 06,143.0,Maisonette,1987,59 years 10 months,938000,0.06079271,17621,2026,145 BEDOK RESERVOIR RD Singapore
223574,b1b78a2c58efa111170cec079487e4a28b84818a93e6c5e233191cc3d08c21b8,2026-09-03 13:40:53,2026-05,BEDOK,EXECUTIVE,640,BEDOK RESERVOIR RD,07 TO 09,144.0,Apartment,1993,66 years 08 months,985000,0.06079271,17621,2026,640 BEDOK RESERVOIR RD Singapore
223575,a1cb702ffe3848c10d4640bb3f0e88b5f05ef6696d4ea05bd5d5507f321f304e,2026-09-03 13:40:53,2026-06,BEDOK,EXECUTIVE,716,BEDOK RESERVOIR RD,01 TO 03,143.0,Apartment,1984,56 years 08 months,942000,0.06079271,17621,2026,716 BEDOK RESERVOIR RD Singapore
223576,70f7c5719cca9cf78e2e7cf31dad264d1b7457693cd459652194b5ff44b6fd41,2026-09-03 13:40:53,2026-06,BEDOK,EXECUTIVE,642,BEDOK RESERVOIR RD,07 TO 09,144.0,Apartment,1993,66 years 07 months,970000,0.06079271,17621,2026,642 BEDOK RESERVOIR RD Singapore
223577,0c9bb6ba8eb27a2769835727cbc8924bfa0aaa1a99a79c1c5f904ceac779be59,2026-09-03 13:40:53,2026-07,BEDOK,EXECUTIVE,721,BEDOK RESERVOIR RD,04 TO 06,148.0,Maisonette,1984,56 years 07 months,920000,0.06079271,17621,2026,721 BEDOK RESERVOIR RD Singapore
223578,2f05da067280f6505e76623bcda3e3e4da59fc7000e29d3bc2513cf592448fd7,2026-09-03 13:40:53,2026-07,BEDOK,EXECUTIVE,633,BEDOK RESERVOIR RD,07 TO 09,142.0,Apartment,1993,65 years 10 months,945000,0.06079271,17621,2026,633 BEDOK RESERVOIR RD Singapore
223579,5f62fa64f266c5d403a4ff345c91a33ba1d0148d57be5a15aa72b0b00c5d085a,2026-09-03 13:40:53,2026-07,BEDOK,EXECUTIVE,716,BEDOK RESERVOIR RD,10 TO 12,148.0,Maisonette,1984,56 years 06 months,1188888,0.06079271,17621,2026,716 BEDOK RESERVOIR RD Singapore
223580,c3db1778eb3abd2735770c96aca6889ae837ae62e952403b6a79f29295bed05c,2026-09-03 13:40:53,2026-07,BEDOK,EXECUTIVE,634,BEDOK RESERVOIR RD,16 TO 18,144.0,Apartment,1993,65 years 10 months,1068000,0.06079271,17621,2026,634 BEDOK RESERVOIR RD Singapore
223581,5b30bb2e8ad5b700417b455d61a622989ae71a39a86d5617ab962021694c2c5e,2026-09-03 13:40:53,2026-08,BEDOK,EXECUTIVE,634,BEDOK RESERVOIR RD,16 TO 18,145.0,Apartment,1993,65 years 10 months,1075000,0.06079271,17621,2026,634 BEDOK RESERVOIR RD Singapore
223582,3d4512a0925a973a9a757d376fcbc548f8fb4566964b019ded32a242a34ad472,2026-09-03 13:40:53,2026-08,BEDOK,EXECUTIVE,629,BEDOK RESERVOIR RD,04 TO 06,173.0,Apartment,1993,65 years 10 months,1029000,0.06079271,17621,2026,629 BEDOK RESERVOIR RD Singapore
223583,0e57fefcc2a8a3b730e1f17e84c973d46db1707c0bea2c4899b4b6f5b657ffc6,2026-09-03 13:40:53,2026-08,BEDOK,EXECUTIVE,716,BEDOK RESERVOIR RD,04 TO 06,148.0,Maisonette,1984,56 years 06 months,965000,0.06079271,17621,2026,716 BEDOK RESERVOIR RD Singapore
223584,dae361cb82e4b355e59911d8c8bfcc0f49599d4139637324ad048281aacb72ce,2026-09-03 13:40:53,2026-09,BEDOK,EXECUTIVE,115,BEDOK RESERVOIR RD,07 TO 09,156.0,Maisonette,1985,58 years 02 months,975000,0.06079271,17621,2026,115 BEDOK RESERVOIR RD Singapore
223585,9abe1598b6ff7637fbbb9845744d489da05233334cb56a16adaf475b2fb87990,2026-09-03 13:40:53,2026-09,BEDOK,EXECUTIVE,716,BEDOK RESERVOIR RD,13 TO 15,151.0,Apartment,1984,56 years 05 months,1030000,0.06079271,17621,2026,716 BEDOK RESERVOIR RD Singapore
223586,aff690c0d260432e2fba3296682412403927dad42cbc716bf6533ab518b8c7b7,2026-09-03 13:40:53,2026-04,BEDOK,EXECUTIVE,10B,BEDOK STH AVE 2,07 TO 09,141.0,Apartment,1995,68 years 09 months,1080000,0.06079271,17621,2026,10B BEDOK STH AVE 2 Singapore
223587,ea1fb1a59c1d57f607c2c895c2db08cd779dc5f6ca55d27f63461e39b3e03cbe,2026-09-03 13:40:53,2026-06,BEDOK,EXECUTIVE,10B,BEDOK STH AVE 2,19 TO 21,145.0,Apartment,1995,68 years 06 months,1200000,0.06079271,17621,2026,10B BEDOK STH AVE 2 Singapore
223588,0b59c981ee6969e5d16a0e69cb20d92ac0e3e603afa30e920fa55e486435a5e8,2026-09-03 13:40:53,2026-07,BEDOK,EXECUTIVE,10E,BEDOK STH AVE 2,07 TO 09,144.0,Apartment,1993,65 years 11 months,1138000,0.06079271,17621,2026,10E BEDOK STH AVE 2 Singapore
223589,786b5700ebe5889e99259b35d506da3f9621f1797730dd2383974ef85bc5b175,2026-09-03 13:40:53,2026-01,BEDOK,EXECUTIVE,167,BEDOK STH AVE 3,10 TO 12,146.0,Maisonette,1986,59 years 03 months,1100000,0.06079271,17621,2026,167 BEDOK STH AVE 3 Singapore
223590,823f1a658d02b5894e3bc3d631d68e83c40cfec3ec10cb29957c6d43c5767f93,2026-09-03 13:40:53,2026-01,BEDOK,EXECUTIVE,160,BEDOK STH AVE 3,10 TO 12,146.0,Maisonette,1986,59 years 04 months,1100000,0.06079271,17621,2026,160 BEDOK STH AVE 3 Singapore
223591,87e9d916735610120a949f8aab307974d53d80281f9935262ba514f9ceeb9efa,2026-09-03 13:40:53,2026-03,BEDOK,EXECUTIVE,167,BEDOK STH AVE 3,04 TO 06,146.0,Maisonette,1986,59 years 02 months,1035000,0.06079271,17621,2026,167 BEDOK STH AVE 3 Singapore
223592,905ffe5a84a0fb4cb517d86a1fcfc63247cb673d9714e66f433c8bda40306436,2026-09-03 13:40:53,2026-07,BEDOK,EXECUTIVE,167,BEDOK STH AVE 3,04 TO 06,146.0,Maisonette,1986,58 years 10 months,1150000,0.06079271,17621,2026,167 BEDOK STH AVE 3 Singapore
223593,e7ed3706928c353d3ee0b55ae69dd181a98d05866ea2c90473ec26cf9a33ed0e,2026-09-03 13:40:53,2026-08,BEDOK,EXECUTIVE,160,BEDOK STH AVE 3,04 TO 06,146.0,Maisonette,1986,58 years 09 months,1058888,0.06079271,17621,2026,160 BEDOK STH AVE 3 Singapore
223594,c53e878d9eea4ed96159bbaa662ef6033d9687bc2dafced481d331d31a85540b,2026-09-03 13:40:53,2026-05,BEDOK,EXECUTIVE,29A,CHAI CHEE AVE,07 TO 09,146.0,Maisonette,1996,69 years 06 months,1088000,0.06079271,17621,2026,29A CHAI CHEE AVE Singapore
223595,3fdb7fa481925e1d7439eaff8b4168af4d8640b352cf396456d652db6dd525cc,2026-09-03 13:40:53,2026-08,BEDOK,EXECUTIVE,29A,CHAI CHEE AVE,13 TO 15,145.0,Apartment,1996,69 years 03 months,1218000,0.06079271,17621,2026,29A CHAI CHEE AVE Singapore
223596,de41ca757fef8ad91fa15494d90809df8e3e9a01182e3e3b4fd0f2bbd39f5751,2026-09-03 13:40:53,2026-02,BEDOK,EXECUTIVE,661,JLN DAMAI,01 TO 03,145.0,Apartment,1996,69 years 11 months,958000,0.06079271,17621,2026,661 JLN DAMAI Singapore
223597,dcebcdcefd723243d955f71432afa0729d46033850896f37c723535750381df0,2026-09-03 13:40:53,2026-06,BEDOK,EXECUTIVE,665,JLN DAMAI,04 TO 06,146.0,Maisonette,1996,69 years 04 months,1060000,0.06079271,17621,2026,665 JLN DAMAI Singapore
223598,c3d686d8ce3a5adde1fd180909b9defbe02d3a318266418f3dc61f6ea13bad23,2026-09-03 13:40:53,2026-05,BEDOK,EXECUTIVE,108,LENGKONG TIGA,04 TO 06,154.0,Maisonette,1989,61 years 09 months,1200000,0.06079271,17621,2026,108 LENGKONG TIGA Singapore
223599,3c0ed682a49bc7ee4c5bdde66c51049f8950de7c3e20cb3d6fd695355543c4a6,2026-09-03 13:40:53,2026-07,BEDOK,EXECUTIVE,108,LENGKONG TIGA,07 TO 09,150.0,Maisonette,1989,61 years 08 months,1220000,0.06079271,17621,2026,108 LENGKONG TIGA Singapore
235096,b70dd8cc9d4a5a558fe42b523f676dc63b27aa5c3c10aaeaba876b36b4bf50db,2026-09-03 13:40:53,2026-03,TAMPINES,2 ROOM,499A,TAMPINES AVE 9,10 TO 12,46.0,Model A,2014,87 years 01 month,422888,0.06079271,17621,2026,499A TAMPINES AVE 9 Singapore
235097,58803c638df6407458c514f405c92c49ed93850be05aabe6c8e7ff3871b17e03,2026-09-03 13:40:53,2026-03,TAMPINES,2 ROOM,499A,TAMPINES AVE 9,10 TO 12,46.0,Model A,2014,87 years 01 month,405000,0.06079271,17621,2026,499A TAMPINES AVE 9 Singapore
235098,e5389afacb5f0033ec6d744c85a2e469a5c05dc95e24f2be05aec1f240914f15,2026-09-03 13:40:53,2026-06,TAMPINES,2 ROOM,499B,TAMPINES AVE 9,01 TO 03,46.0,Model A,2014,86 years 10 months,390000,0.06079271,17621,2026,499B TAMPINES AVE 9 Singapore
235099,cc2b0c80c64173e6ac076e90f92db259853572117f4c21dac2c9ea7eac686386,2026-09-03 13:40:53,2026-08,TAMPINES,2 ROOM,499A,TAMPINES AVE 9,04 TO 06,46.0,Model A,2014,86 years 08 months,417588,0.06079271,17621,2026,499A TAMPINES AVE 9 Singapore
235100,8c9edd036d0b8903aff3a9cd50a5aea44fa6feef4da330ff45678688ec156f54,2026-09-03 13:40:53,2026-04,TAMPINES,2 ROOM,524B,TAMPINES CTRL 7,13 TO 15,47.0,Model A,2015,88 years 05 months,468000,0.06079271,17621,2026,524B TAMPINES CTRL 7 Singapore
235101,4cc217492328d56554a39f75c039f606b56eb0f99db21a99a785ab47731a8e72,2026-09-03 13:40:53,2026-07,TAMPINES,2 ROOM,515D,TAMPINES CTRL 7,01 TO 03,50.0,DBSS,2008,81 years 06 months,450000,0.06079271,17621,2026,515D TAMPINES CTRL 7 Singapore
235102,a5bc770b8a4d6f1b7d7c25a9fb3be8a35290707bec8248697a7dbc75c4d91ef4,2026-09-03 13:40:53,2026-07,TAMPINES,2 ROOM,523B,TAMPINES CTRL 7,10 TO 12,47.0,Model A,2015,88 years 01 month,451900,0.06079271,17621,2026,523B TAMPINES CTRL 7 Singapore
235103,9db38018fd6f850f25b6759a78ee3253882a2f9cb46405631ceaabaedbad422b,2026-09-03 13:40:53,2026-02,TAMPINES,3 ROOM,132,SIMEI ST 1,04 TO 06,64.0,Simplified,1988,61 years 04 months,435000,0.06079271,17621,2026,132 SIMEI ST 1 Singapore
235104,7c8ba72489286196900fa9a0e3387f9884f52a995cbc3f5b8ea33d4dc34478b3,2026-09-03 13:40:53,2026-05,TAMPINES,3 ROOM,139,SIMEI ST 1,01 TO 03,64.0,Simplified,1987,60 years 08 months,450000,0.06079271,17621,2026,139 SIMEI ST 1 Singapore
235105,129fcc717bd6dc7ba08bbf91f92d4799976b8fcf08d402cd41512cadc257d2f4,2026-09-03 13:40:53,2026-08,TAMPINES,3 ROOM,132,SIMEI ST 1,01 TO 03,64.0,Simplified,1988,60 years 10 months,460000,0.06079271,17621,2026,132 SIMEI ST 1 Singapore
235106,99f0d2d9503dc91eeb93a8d35210fc35cd3d7212b51be2d180f8442969e793f3,2026-09-03 13:40:53,2026-02,TAMPINES,3 ROOM,890B,TAMPINES AVE 1,07 TO 09,69.0,Model A,2015,88 years 08 months,655000,0.06079271,17621,2026,890B TAMPINES AVE 1 Singapore
235107,b7b316546f437d9fb8ddb5aac86d2624fdb09d4cb1360a6e00ebcee4a82aa5cf,2026-09-03 13:40:53,2026-04,TAMPINES,3 ROOM,890B,TAMPINES AVE 1,10 TO 12,69.0,Model A,2015,88 years 06 months,702888,0.06079271,17621,2026,890B TAMPINES AVE 1 Singapore
235108,0c8e6532f986736c9d2972eb06326099d94f662ca8bbd4195dc93bc6cca54c02,2026-09-03 13:40:53,2026-07,TAMPINES,3 ROOM,890A,TAMPINES AVE 1,04 TO 06,69.0,Model A,2015,88 years 03 months,600000,0.06079271,17621,2026,890A TAMPINES AVE 1 Singapore
235109,b1e71df5ed8c1eb9954484ff17b4b9a3cc3ea7aa938cfcf6833452412f8f41c2,2026-09-03 13:40:53,2026-08,TAMPINES,3 ROOM,890B,TAMPINES AVE 1,13 TO 15,69.0,Model A,2015,88 years 02 months,715000,0.06079271,17621,2026,890B TAMPINES AVE 1 Singapore
235110,8f3eedcf7355fee9eabb144d08c039aea29b6e58fcaff7e329d609c412371181,2026-09-03 13:40:53,2026-02,TAMPINES,3 ROOM,907,TAMPINES AVE 4,07 TO 09,73.0,Model A,1984,57 years 07 months,510000,0.06079271,17621,2026,907 TAMPINES AVE 4 Singapore
235111,528b6a785e92086a9d6394cda4237a88743f3a2a7ef11545a73c1fa1bd6cd0c7,2026-09-03 13:40:53,2026-04,TAMPINES,3 ROOM,909,TAMPINES AVE 4,01 TO 03,73.0,Model A,1984,57 years 01 month,453000,0.06079271,17621,2026,909 TAMPINES AVE 4 Singapore
235112,7a862121daa7ae82737f1e898e38ec31fb05c7dffd29cd3fd29bc93275409a33,2026-09-03 13:40:53,2026-05,TAMPINES,3 ROOM,806,TAMPINES AVE 4,01 TO 03,73.0,Model A,1984,56 years 11 months,495000,0.06079271,17621,2026,806 TAMPINES AVE 4 Singapore
235113,5f7fb7fc9bf9c0f820363744d39c00f71901fdf13b074492e333340a186b3c4e,2026-09-03 13:40:53,2026-06,TAMPINES,3 ROOM,803,TAMPINES AVE 4,01 TO 03,67.0,New Generation,1984,57 years 06 months,470000,0.06079271,17621,2026,803 TAMPINES AVE 4 Singapore
235114,4d26a9f508a38a082091014b8ff27c4c5286885972e92ac18af056ff519804dc,2026-09-03 13:40:53,2026-07,TAMPINES,3 ROOM,909,TAMPINES AVE 4,04 TO 06,73.0,Model A,1984,56 years 10 months,485000,0.06079271,17621,2026,909 TAMPINES AVE 4 Singapore
235115,cbdcc8c862b5048b95331c2eee2a0ebd5d9a27226a9ff142c394e3381c1eb796,2026-09-03 13:40:53,2026-07,TAMPINES,3 ROOM,809,TAMPINES AVE 4,04 TO 06,73.0,Model A,1984,56 years 08 months,480000,0.06079271,17621,2026,809 TAMPINES AVE 4 Singapore
235116,a13f1ae7585efbf0ea8e4fac0bfcdb29f4d92253d769dbd07c58d5cc42440ee6,2026-09-03 13:40:53,2026-08,TAMPINES,3 ROOM,803,TAMPINES AVE 4,07 TO 09,67.0,New Generation,1984,57 years 04 months,480000,0.06079271,17621,2026,803 TAMPINES AVE 4 Singapore
235117,16c0b2904a65d67abe1ee9960002e00ce430e61229c95501e227b1e30248f6c4,2026-09-03 13:40:53,2026-08,TAMPINES,3 ROOM,810,TAMPINES AVE 4,04 TO 06,73.0,Model A,1984,57 years 01 month,470000,0.06079271,17621,2026,810 TAMPINES AVE 4 Singapore
235118,22d7f144259440bad70c3e801b4821d70e815e66f7427d9b9529576815e33b82,2026-09-03 13:40:53,2026-08,TAMPINES,3 ROOM,807,TAMPINES AVE 4,01 TO 03,73.0,Model A,1984,56 years 08 months,470000,0.06079271,17621,2026,807 TAMPINES AVE 4 Singapore
235119,bab301473fbc0d46cf424a1def2f48a8aaa3b2f177675de958db8509276786d2,2026-09-03 13:40:53,2026-08,TAMPINES,3 ROOM,907,TAMPINES AVE 4,01 TO 03,73.0,Model A,1984,57 years 01 month,445000,0.06079271,17621,2026,907 TAMPINES AVE 4 Singapore
235120,0fd671ceaf136efab823a21704ae8d37116b85cd241bf3f8d29f23b2f881de3f,2026-09-03 13:40:53,2026-01,TAMPINES,3 ROOM,868A,TAMPINES AVE 8,07 TO 09,67.0,Model A,2015,88 years 06 months,608000,0.06079271,17621,2026,868A TAMPINES AVE 8 Singapore
235121,30f72adef8e0f5aeda327369dc6b9342eba8ac4dbd126ffc35dcf196a22ffafd,2026-09-03 13:40:53,2026-03,TAMPINES,3 ROOM,868C,TAMPINES AVE 8,07 TO 09,67.0,Model A,2015,88 years 03 months,588000,0.06079271,17621,2026,868C TAMPINES AVE 8 Singapore
235122,a39d9a5e80f960a75d29e6e3863a377e45deb83632303fa1cdcd52b43cfa9c18,2026-09-03 13:40:53,2026-03,TAMPINES,3 ROOM,869B,TAMPINES AVE 8,01 TO 03,67.0,Model A,2015,88 years 03 months,560000,0.06079271,17621,2026,869B TAMPINES AVE 8 Singapore
235123,ceb3d5670f71c2745fd2e38895081ed31dd6de1588bbd54a158493fa082383db,2026-09-03 13:40:53,2026-04,TAMPINES,3 ROOM,878,TAMPINES AVE 8,01 TO 03,74.0,Model A,1988,61 years 08 months,455000,0.06079271,17621,2026,878 TAMPINES AVE 8 Singapore
235124,a993cb38fcb0180a79b3f7e8f046aac563df6f94d2ab8b370bce1c3e645a6402,2026-09-03 13:40:53,2026-05,TAMPINES,3 ROOM,868C,TAMPINES AVE 8,01 TO 03,67.0,Model A,2015,88 years 01 month,550000,0.06079271,17621,2026,868C TAMPINES AVE 8 Singapore
235125,dfdcbb3a8127ba3d0d96ffb200633c9a650c53eb643a26f880ad698826e39f6c,2026-09-03 13:40:53,2026-06,TAMPINES,3 ROOM,868A,TAMPINES AVE 8,01 TO 03,67.0,Model A,2015,88 years 01 month,520000,0.06079271,17621,2026,868A TAMPINES AVE 8 Singapore
235126,98a4fa20466e8bf724bb0ea936a739209128a2ff087001061dd3480c8c999da5,2026-09-03 13:40:53,2026-07,TAMPINES,3 ROOM,878B,TAMPINES AVE 8,10 TO 12,68.0,Model A,2017,90 years,593888,0.06079271,17621,2026,878B TAMPINES AVE 8 Singapore
235127,8a843f1c9048138ac87e74c46c08dd6d216fe0ecec127287f0221a90d0c7477a,2026-09-03 13:40:53,2026-08,TAMPINES,3 ROOM,868A,TAMPINES AVE 8,10 TO 12,67.0,Model A,2015,87 years 11 months,608000,0.06079271,17621,2026,868A TAMPINES AVE 8 Singapore
235128,c765bba587d8882ad3323f69c4ff87af85da1dcba03eac2912bb8d8e3e75c8f4,2026-09-03 13:40:53,2026-08,TAMPINES,3 ROOM,878A,TAMPINES AVE 8,13 TO 15,68.0,Model A,2017,89 years 11 months,588888,0.06079271,17621,2026,878A TAMPINES AVE 8 Singapore
235129,82d55bd2ad446a08293da069c6f562aa6304e02f5ab9578cafcb7d151d198bb3,2026-09-03 13:40:53,2026-01,TAMPINES,3 ROOM,604A,TAMPINES AVE 9,13 TO 15,68.0,Model A,2020,93 years 02 months,630000,0.06079271,17621,2026,604A TAMPINES AVE 9 Singapore
235130,a75fcd540c3cd6473edbe8803fbc3a1ce17c065eb4ab7fe190ef1039783a1a37,2026-09-03 13:40:53,2026-01,TAMPINES,3 ROOM,601D,TAMPINES AVE 9,04 TO 06,68.0,Model A,2020,93 years 02 months,608000,0.06079271,17621,2026,601D TAMPINES AVE 9 Singapore
235131,251a8320b0eed6b46177b622f44f917cd2f7d39a79522ec6a64d9b4028941172,2026-09-03 13:40:53,2026-01,TAMPINES,3 ROOM,601D,TAMPINES AVE 9,13 TO 15,68.0,Model A,2020,93 years 01 month,640000,0.06079271,17621,2026,601D TAMPINES AVE 9 Singapore
235132,c580682872f133a39db093cfa0dbb12513476ae247602b838c2eb5c2b151c733,2026-09-03 13:40:53,2026-04,TAMPINES,3 ROOM,499A,TAMPINES AVE 9,04 TO 06,67.0,Model A,2014,87 years,590000,0.06079271,17621,2026,499A TAMPINES AVE 9 Singapore
235133,f20d450ba523de3acbc2f98d036f77db8824d09435e4d73453c3f83f4c0cceb1,2026-09-03 13:40:53,2026-04,TAMPINES,3 ROOM,604A,TAMPINES AVE 9,07 TO 09,68.0,Model A,2020,92 years 11 months,608000,0.06079271,17621,2026,604A TAMPINES AVE 9 Singapore
235134,c7ddf4cfb0f4546709cd78fc09e6a89a76edb2a0c2c4a1edb2284f5efbc52162,2026-09-03 13:40:53,2026-04,TAMPINES,3 ROOM,604A,TAMPINES AVE 9,07 TO 09,68.0,Model A,2020,92 years 11 months,612000,0.06079271,17621,2026,604A TAMPINES AVE 9 Singapore
235135,df65c99fb7146726ced6c53cb26fd7d845786bb92e53b221763004d0b522e37e,2026-09-03 13:40:53,2026-04,TAMPINES,3 ROOM,601D,TAMPINES AVE 9,10 TO 12,68.0,Model A,2020,92 years 10 months,628888,0.06079271,17621,2026,601D TAMPINES AVE 9 Singapore
235136,df9add60d2bcc69d2580422533e2249fde9a1909f63fb0b549a5c15d98f017ab,2026-09-03 13:40:53,2026-05,TAMPINES,3 ROOM,604A,TAMPINES AVE 9,01 TO 03,68.0,Model A,2020,92 years 09 months,545000,0.06079271,17621,2026,604A TAMPINES AVE 9 Singapore
235137,18026f29d18d471c8f405b00bd3aa920aff21615f52125ac6633addfc8e893b6,2026-09-03 13:40:53,2026-07,TAMPINES,3 ROOM,601B,TAMPINES AVE 9,10 TO 12,68.0,Model A,2020,92 years 08 months,625000,0.06079271,17621,2026,601B TAMPINES AVE 9 Singapore
235138,cca59f978f8464ea7a9ec525177cfc047b277b08147e0dee84096562534bd696,2026-09-03 13:40:53,2026-07,TAMPINES,3 ROOM,601B,TAMPINES AVE 9,13 TO 15,68.0,Model A,2020,92 years 07 months,640000,0.06079271,17621,2026,601B TAMPINES AVE 9 Singapore
235139,ea9d04e32d6e6d0e3faad17bdd9c482770c909505650d6468a4beceffd828310,2026-09-03 13:40:53,2026-08,TAMPINES,3 ROOM,604A,TAMPINES AVE 9,07 TO 09,68.0,Model A,2020,92 years 06 months,610000,0.06079271,17621,2026,604A TAMPINES AVE 9 Singapore
235140,b322b0e13daaf28bd9b62e6b34a0392135689da19cb0bb7e3a02b5985bd0bc8a,2026-09-03 13:40:53,2026-08,TAMPINES,3 ROOM,604A,TAMPINES AVE 9,01 TO 03,68.0,Model A,2020,92 years 07 months,560000,0.06079271,17621,2026,604A TAMPINES AVE 9 Singapore
235141,f64c8c7cf3fe803a406fe9b9e42b5860b64771a1cadc81d0414cd2c286cfc7fe,2026-09-03 13:40:53,2026-03,TAMPINES,3 ROOM,524B,TAMPINES CTRL 7,01 TO 03,67.0,Model A,2015,88 years 06 months,575000,0.06079271,17621,2026,524B TAMPINES CTRL 7 Singapore
235142,aa16696bf2d5c5b7ce15c30ffe8b728f73279534d6c62ab8e0fa292205030633,2026-09-03 13:40:53,2026-04,TAMPINES,3 ROOM,522A,TAMPINES CTRL 7,07 TO 09,67.0,Model A,2015,88 years 05 months,620000,0.06079271,17621,2026,522A TAMPINES CTRL 7 Singapore
235143,4cc126c687bb92a5ca02beb5e80ed7268d90d0170a68a0011145a943f3ae1fcd,2026-09-03 13:40:53,2026-06,TAMPINES,3 ROOM,523B,TAMPINES CTRL 7,13 TO 15,67.0,Model A,2015,88 years 03 months,640000,0.06079271,17621,2026,523B TAMPINES CTRL 7 Singapore
235144,f8d0d40f0dfbe805b3138695f6a88e334062803e360e8e9d3617b1efdbf64980,2026-09-03 13:40:53,2026-08,TAMPINES,3 ROOM,522A,TAMPINES CTRL 7,04 TO 06,67.0,Model A,2015,88 years 01 month,610000,0.06079271,17621,2026,522A TAMPINES CTRL 7 Singapore
235145,afd20466ad5a1b87e853b19ec46b7fe7669d28096c6a991bd4dd91eda420c1a8,2026-09-03 13:40:53,2026-03,TAMPINES,3 ROOM,519C,TAMPINES CTRL 8,04 TO 06,62.0,DBSS,2014,87 years 04 months,668000,0.06079271,17621,2026,519C TAMPINES CTRL 8 Singapore
235146,bbe8f0df9ac908a5048567ba3fc0374c076e35415b12647445d2f4bad60d87ac,2026-09-03 13:40:53,2026-03,TAMPINES,3 ROOM,520C,TAMPINES CTRL 8,04 TO 06,62.0,DBSS,2014,87 years 04 months,678000,0.06079271,17621,2026,520C TAMPINES CTRL 8 Singapore
235147,edebaa6d3cc1f80257acc595b039f76784eb2e047449635642d21f3830e444e5,2026-09-03 13:40:53,2026-04,TAMPINES,3 ROOM,520C,TAMPINES CTRL 8,04 TO 06,61.0,DBSS,2014,87 years 03 months,645000,0.06079271,17621,2026,520C TAMPINES CTRL 8 Singapore
235148,3dafd0a7d662460f6326e1e6642e3597ee962c5537eb2e5eea7f1f6ddf9d2d70,2026-09-03 13:40:53,2026-05,TAMPINES,3 ROOM,519C,TAMPINES CTRL 8,01 TO 03,62.0,DBSS,2014,87 years 02 months,650000,0.06079271,17621,2026,519C TAMPINES CTRL 8 Singapore
235149,ed57131fbb75961fc6a345a9427d31bb6635da3f5d274c20ed9a606456115d5a,2026-09-03 13:40:53,2026-07,TAMPINES,3 ROOM,520A,TAMPINES CTRL 8,04 TO 06,62.0,DBSS,2014,87 years,640000,0.06079271,17621,2026,520A TAMPINES CTRL 8 Singapore
235150,070acbed01c9a428ed45c016c67f25b140ded81d73d013aab8a90234e7a230ab,2026-09-03 13:40:53,2026-01,TAMPINES,3 ROOM,609C,TAMPINES NTH DR 1,04 TO 06,68.0,Model A,2020,93 years 11 months,588888,0.06079271,17621,2026,609C TAMPINES NTH DR 1 Singapore
235151,3c11097ca0a5e44610804c52ea470fa754aa6a578ce7c6cca9b6e1e59cf478b1,2026-09-03 13:40:53,2026-03,TAMPINES,3 ROOM,613A,TAMPINES NTH DR 1,13 TO 15,69.0,Model A,2020,93 years 08 months,620000,0.06079271,17621,2026,613A TAMPINES NTH DR 1 Singapore
235152,b3fb648a9a364440c9602acc0d8f92e6708d9299f5a42ca8c1d58a2b28e85c07,2026-09-03 13:40:53,2026-03,TAMPINES,3 ROOM,609C,TAMPINES NTH DR 1,01 TO 03,68.0,Model A,2020,93 years 07 months,550000,0.06079271,17621,2026,609C TAMPINES NTH DR 1 Singapore
235153,2ff8e806d828bb609bcc89d248aa1e6c901087e76fe91fe86b07930fe434ad94,2026-09-03 13:40:53,2026-04,TAMPINES,3 ROOM,613A,TAMPINES NTH DR 1,10 TO 12,69.0,Model A,2020,93 years 06 months,628000,0.06079271,17621,2026,613A TAMPINES NTH DR 1 Singapore
235154,cfd76d8baaf8b42655e2cc5ac0af8528c227012990616e9e1b5438f53ae93644,2026-09-03 13:40:53,2026-06,TAMPINES,3 ROOM,608C,TAMPINES NTH DR 1,10 TO 12,68.0,Model A,2020,93 years 05 months,633800,0.06079271,17621,2026,608C TAMPINES NTH DR 1 Singapore
235155,b7229066d278a68c992e308db551c53d370a58d61c67f463e3472bd850557db7,2026-09-03 13:40:53,2026-07,TAMPINES,3 ROOM,609C,TAMPINES NTH DR 1,10 TO 12,68.0,Model A,2020,93 years 04 months,625000,0.06079271,17621,2026,609C TAMPINES NTH DR 1 Singapore
235156,be3655efca062031972948be522f62773e288ea5f3e517b4d43e89eac291aa45,2026-09-03 13:40:53,2026-07,TAMPINES,3 ROOM,612A,TAMPINES NTH DR 1,10 TO 12,69.0,Model A,2020,93 years 04 months,615000,0.06079271,17621,2026,612A TAMPINES NTH DR 1 Singapore
235157,5514bf540160c9f556ffd325d130969ae6ceeb5dae6bd82147ecc7331f00a0d7,2026-09-03 13:40:53,2026-07,TAMPINES,3 ROOM,613A,TAMPINES NTH DR 1,01 TO 03,69.0,Model A,2020,93 years 04 months,570000,0.06079271,17621,2026,613A TAMPINES NTH DR 1 Singapore
235158,e78cfc2adbab9f46e6e9be82579bede4366acbb89b5fcfc038c915c4b9810e58,2026-09-03 13:40:53,2026-08,TAMPINES,3 ROOM,609C,TAMPINES NTH DR 1,13 TO 15,68.0,Model A,2020,93 years 03 months,635000,0.06079271,17621,2026,609C TAMPINES NTH DR 1 Singapore
235159,38bf67d156768c45ec3271c11e7ba833161ab074c1851ac1f3e3104e0f2f33d8,2026-09-03 13:40:53,2026-08,TAMPINES,3 ROOM,608C,TAMPINES NTH DR 1,07 TO 09,68.0,Model A,2020,93 years 02 months,620888,0.06079271,17621,2026,608C TAMPINES NTH DR 1 Singapore
235160,8bca533d78f7666016fbd5b6732b0df56c74d94e292305ce2bbcaa71652b5d20,2026-09-03 13:40:53,2026-01,TAMPINES,3 ROOM,109,TAMPINES ST 11,04 TO 06,78.0,Model A,1984,57 years 09 months,485000,0.06079271,17621,2026,109 TAMPINES ST 11 Singapore
235161,85b32d8fdd5aa69110635e2eeff953e0cc693f2f3ce395d10f926c16ae58137d,2026-09-03 13:40:53,2026-01,TAMPINES,3 ROOM,103,TAMPINES ST 11,07 TO 09,75.0,Model A,1982,55 years 07 months,485800,0.06079271,17621,2026,103 TAMPINES ST 11 Singapore
235162,710ab6c752947160da5aee957d4e21521c138ff324e2b3ec6eb7c018753c3b2c,2026-09-03 13:40:53,2026-02,TAMPINES,3 ROOM,139,TAMPINES ST 11,01 TO 03,75.0,Model A,1984,57 years 03 months,475000,0.06079271,17621,2026,139 TAMPINES ST 11 Singapore
235163,242aa59dd4166f1f03d1d1579e3f924a0acd294b8b7f5db21d4096f853892f1b,2026-09-03 13:40:53,2026-03,TAMPINES,3 ROOM,105,TAMPINES ST 11,10 TO 12,75.0,Model A,1982,55 years 10 months,475000,0.06079271,17621,2026,105 TAMPINES ST 11 Singapore
235164,4627c4e84325c2a76fb0a0e5026edaef9d27933593023b21cbc6a0e594a27e9d,2026-09-03 13:40:53,2026-03,TAMPINES,3 ROOM,139,TAMPINES ST 11,01 TO 03,76.0,Model A,1984,57 years 02 months,445000,0.06079271,17621,2026,139 TAMPINES ST 11 Singapore
235165,51657cf7d6600f9a914120459a23585ae44183b265466372cfc3a6bba0b42be6,2026-09-03 13:40:53,2026-03,TAMPINES,3 ROOM,103,TAMPINES ST 11,04 TO 06,75.0,Model A,1982,55 years 05 months,472000,0.06079271,17621,2026,103 TAMPINES ST 11 Singapore
235166,e78685decd693d6b5db118417c75f37d6a236204ed72326ed45b023fb0a2e1fb,2026-09-03 13:40:53,2026-03,TAMPINES,3 ROOM,109,TAMPINES ST 11,01 TO 03,74.0,Model A,1984,57 years 07 months,476000,0.06079271,17621,2026,109 TAMPINES ST 11 Singapore
235167,c562892a8a81fcaacdfb44f73fc2b80f1004e0cc3090d06f7782741b7f3af336,2026-09-03 13:40:53,2026-03,TAMPINES,3 ROOM,107,TAMPINES ST 11,01 TO 03,74.0,Model A,1984,57 years 08 months,483000,0.06079271,17621,2026,107 TAMPINES ST 11 Singapore
235168,4edb338fed34b7bfcf030ee839e3de27f6613d730dc6f981e93dd80d5c214469,2026-09-03 13:40:53,2026-04,TAMPINES,3 ROOM,104,TAMPINES ST 11,04 TO 06,75.0,Model A,1982,55 years 06 months,450000,0.06079271,17621,2026,104 TAMPINES ST 11 Singapore
235169,af13f70645a0b540c60d340187d45e38e0377fd9b7c5c762cabeeae83d22d86e,2026-09-03 13:40:53,2026-06,TAMPINES,3 ROOM,108,TAMPINES ST 11,10 TO 12,78.0,Model A,1984,57 years 02 months,467000,0.06079271,17621,2026,108 TAMPINES ST 11 Singapore
235170,4777fd3be99aa254bdaebc40fe84d3eb6b054e94b5429f639586022a0aa4d9a1,2026-09-03 13:40:53,2026-06,TAMPINES,3 ROOM,102,TAMPINES ST 11,07 TO 09,75.0,Model A,1983,56 years 05 months,470000,0.06079271,17621,2026,102 TAMPINES ST 11 Singapore
235171,120b2c55a7a84beaa7b2836d73139f325db6266eb71358f4ff1963c778068af0,2026-09-03 13:40:53,2026-06,TAMPINES,3 ROOM,112,TAMPINES ST 11,07 TO 09,79.0,Model A,1982,55 years 01 month,515000,0.06079271,17621,2026,112 TAMPINES ST 11 Singapore
235172,553a1fa42899655381be65f7033315939542bf042fbfb13e4218d13215d9054f,2026-09-03 13:40:53,2026-06,TAMPINES,3 ROOM,111,TAMPINES ST 11,07 TO 09,74.0,Model A,1984,57 years 01 month,448000,0.06079271,17621,2026,111 TAMPINES ST 11 Singapore
235173,cd28e4db0a6f04f7ebea75da001c0ee66cfb648d2a8670153e0a1919b16319c7,2026-09-03 13:40:53,2026-06,TAMPINES,3 ROOM,109,TAMPINES ST 11,10 TO 12,74.0,Model A,1984,57 years 03 months,470000,0.06079271,17621,2026,109 TAMPINES ST 11 Singapore
235174,d379d007951eefcbd6861f820875aa9949bdca88464be44ebacc126782c088a8,2026-09-03 13:40:53,2026-07,TAMPINES,3 ROOM,104,TAMPINES ST 11,04 TO 06,75.0,Model A,1982,55 years 04 months,446000,0.06079271,17621,2026,104 TAMPINES ST 11 Singapore
235175,2ec035e81cf4886370b6f6f1706e655dc91faf86758b6fa73203a194ef08b0fe,2026-09-03 13:40:53,2026-07,TAMPINES,3 ROOM,108,TAMPINES ST 11,01 TO 03,74.0,Model A,1984,57 years 01 month,460000,0.06079271,17621,2026,108 TAMPINES ST 11 Singapore
235176,7471b778ce24273d97ca45179f85c48ac94ba55fa77a235f4b25f8da5ff5e142,2026-09-03 13:40:53,2026-08,TAMPINES,3 ROOM,113,TAMPINES ST 11,01 TO 03,79.0,Model A,1982,55 years,430000,0.06079271,17621,2026,113 TAMPINES ST 11 Singapore
235177,0a809c1efa95774682cd13aacf6c4303c1aff15b77b77bbe3c00fd8c3e5737ae,2026-09-03 13:40:53,2026-08,TAMPINES,3 ROOM,139,TAMPINES ST 11,01 TO 03,76.0,Model A,1984,56 years 08 months,440000,0.06079271,17621,2026,139 TAMPINES ST 11 Singapore
235178,0dd14d8e561327fba950a3cbf2c23ae8701663b15e461056d45a814dcace9fd4,2026-09-03 13:40:53,2026-08,TAMPINES,3 ROOM,112,TAMPINES ST 11,01 TO 03,79.0,Model A,1982,54 years 10 months,495000,0.06079271,17621,2026,112 TAMPINES ST 11 Singapore
235179,5be7b6a127f72050142a03c5c65cefe1651e96584fa47a649842157045d15bc4,2026-09-03 13:40:53,2026-01,TAMPINES,3 ROOM,150,TAMPINES ST 12,04 TO 06,73.0,Model A,1984,57 years 07 months,550000,0.06079271,17621,2026,150 TAMPINES ST 12 Singapore
235180,f1c4e6353eaab3a9daa0e3bb7031c5aa417124e0c702fe391288d097a99aa07b,2026-09-03 13:40:53,2026-01,TAMPINES,3 ROOM,157,TAMPINES ST 12,07 TO 09,68.0,New Generation,1985,58 years 01 month,523000,0.06079271,17621,2026,157 TAMPINES ST 12 Singapore
235181,9742c14b7ef26d447534f48df7074164292c84f991fb3d08cbaefa4e88299cc6,2026-09-03 13:40:53,2026-03,TAMPINES,3 ROOM,157,TAMPINES ST 12,10 TO 12,68.0,New Generation,1985,57 years 11 months,548888,0.06079271,17621,2026,157 TAMPINES ST 12 Singapore
235182,c8609da2b0a4d882d951f128c937a1ea0deb077b46020a1e04ac8c21677abda4,2026-09-03 13:40:53,2026-03,TAMPINES,3 ROOM,157,TAMPINES ST 12,04 TO 06,68.0,New Generation,1985,57 years 11 months,525000,0.06079271,17621,2026,157 TAMPINES ST 12 Singapore
235183,f764f8b496e26bcce7931a11a7b53f7a5209542f487264c484993891254557dc,2026-09-03 13:40:53,2026-07,TAMPINES,3 ROOM,157,TAMPINES ST 12,07 TO 09,68.0,New Generation,1985,57 years 07 months,535000,0.06079271,17621,2026,157 TAMPINES ST 12 Singapore
235184,b5a8f483b2b105827c5ca761c3b4abd192c02837e3b97579f0783656c8e3104e,2026-09-03 13:40:53,2026-08,TAMPINES,3 ROOM,150,TAMPINES ST 12,10 TO 12,73.0,Model A,1984,56 years 11 months,560000,0.06079271,17621,2026,150 TAMPINES ST 12 Singapore
235185,746dc60455908b733728d70bee6ee1062ec30f3658bb2021f557cd993777e525,2026-09-03 13:40:53,2026-08,TAMPINES,3 ROOM,161,TAMPINES ST 12,07 TO 09,74.0,Model A,1984,57 years 02 months,550000,0.06079271,17621,2026,161 TAMPINES ST 12 Singapore
235186,5f32054534162da419edbd2dcf2bcbb282e91e8334d0882fb3bea68c2317e9ea,2026-09-03 13:40:53,2026-01,TAMPINES,3 ROOM,261,TAMPINES ST 21,07 TO 09,74.0,Model A,1984,57 years 09 months,485000,0.06079271,17621,2026,261 TAMPINES ST 21 Singapore
235187,310491a7926a404bd6f721d1664eae074d34f923f82396c6c06f97dade5d8ce0,2026-09-03 13:40:53,2026-01,TAMPINES,3 ROOM,271,TAMPINES ST 21,01 TO 03,75.0,Model A,1984,57 years 10 months,490000,0.06079271,17621,2026,271 TAMPINES ST 21 Singapore
235188,65406eac85bdd169f99be535d7c73a20fbd8110e2611e3c9399a5de46e12d597,2026-09-03 13:40:53,2026-01,TAMPINES,3 ROOM,208,TAMPINES ST 21,10 TO 12,75.0,Model A,1982,55 years 10 months,532888,0.06079271,17621,2026,208 TAMPINES ST 21 Singapore
235189,45d8b3e176be0f5b6a340b8994d35fd13cc4184148398eb62c1b5f0492628dd0,2026-09-03 13:40:53,2026-01,TAMPINES,3 ROOM,236,TAMPINES ST 21,07 TO 09,73.0,Model A,1984,57 years 10 months,530000,0.06079271,17621,2026,236 TAMPINES ST 21 Singapore
235190,960e34b39138720cf09d17ce6ee1f0b00d09be8d524bfba0301e4afc68b209cd,2026-09-03 13:40:53,2026-01,TAMPINES,3 ROOM,246,TAMPINES ST 21,10 TO 12,67.0,New Generation,1984,57 years 09 months,450000,0.06079271,17621,2026,246 TAMPINES ST 21 Singapore
235191,73bbc0a8209ca512174f115f2c85f6095a98987e7a63f4dd57500002c4d7a766,2026-09-03 13:40:53,2026-02,TAMPINES,3 ROOM,237,TAMPINES ST 21,10 TO 12,73.0,Model A,1984,57 years 09 months,518000,0.06079271,17621,2026,237 TAMPINES ST 21 Singapore
235192,da9bfd82c0c09ec70f814234e5bb3fe0aa1a985053e4e132bd0bfcf753a62ffa,2026-09-03 13:40:53,2026-02,TAMPINES,3 ROOM,243,TAMPINES ST 21,07 TO 09,74.0,Model A,1984,57 years 04 months,538000,0.06079271,17621,2026,243 TAMPINES ST 21 Singapore
235193,eb1c427000f75b2468bac6c6af962bb255e5dbc7f5dfaec485c4417c247b9166,2026-09-03 13:40:53,2026-03,TAMPINES,3 ROOM,235,TAMPINES ST 21,07 TO 09,74.0,Model A,1993,66 years 06 months,528000,0.06079271,17621,2026,235 TAMPINES ST 21 Singapore
235194,aa44ac330dc79e17fad59306634b27d32d6eb82c36fbe78385ee7a041d6a3e1a,2026-09-03 13:40:53,2026-03,TAMPINES,3 ROOM,263,TAMPINES ST 21,04 TO 06,74.0,Model A,1984,57 years 07 months,490000,0.06079271,17621,2026,263 TAMPINES ST 21 Singapore
235195,e3247f70345075859da2910c68f689dd0b2ed20ac2a5c635a26eebde8e09ce76,2026-09-03 13:40:53,2026-03,TAMPINES,3 ROOM,202,TAMPINES ST 21,04 TO 06,79.0,Model A,1983,56 years 10 months,450000,0.06079271,17621,2026,202 TAMPINES ST 21 Singapore
235196,5ad2bb3e27258e9119a290b635f41236b34ab3f9fc52c706190ef1d7679e06e8,2026-09-03 13:40:53,2026-03,TAMPINES,3 ROOM,270,TAMPINES ST 21,04 TO 06,75.0,Model A,1985,58 years 09 months,478000,0.06079271,17621,2026,270 TAMPINES ST 21 Singapore
235197,640c337ffb446047cd0c4104ff20f8a416d435024b4b73d1f0fce8b6bc5d364c,2026-09-03 13:40:53,2026-04,TAMPINES,3 ROOM,267,TAMPINES ST 21,04 TO 06,75.0,Model A,1983,56 years 05 months,486000,0.06079271,17621,2026,267 TAMPINES ST 21 Singapore
235198,aba961ce8d230b0556edc1c7c26793b8fb6a36952927372e5ad629538bd006ec,2026-09-03 13:40:53,2026-04,TAMPINES,3 ROOM,259,TAMPINES ST 21,04 TO 06,74.0,Model A,1985,57 years 11 months,427000,0.06079271,17621,2026,259 TAMPINES ST 21 Singapore
235199,d95e996d24aac6db92e491a4a0b8e988ada3acb0b0c3bb02c9373c99722d23c1,2026-09-03 13:40:53,2026-04,TAMPINES,3 ROOM,209,TAMPINES ST 21,04 TO 06,79.0,Model A,1982,55 years 05 months,498000,0.06079271,17621,2026,209 TAMPINES ST 21 Singapore
235200,b7bf1cf7116a63f217a805a27abded40c0dc4602174d5b1a5408bd7a2adbd9af,2026-09-03 13:40:53,2026-04,TAMPINES,3 ROOM,240,TAMPINES ST 21,04 TO 06,74.0,Model A,1984,57 years 05 months,500000,0.06079271,17621,2026,240 TAMPINES ST 21 Singapore
235201,2e4255acd9d33bf0ccc3940bca94293255de0f07c124765011fc6660d9c562e0,2026-09-03 13:40:53,2026-04,TAMPINES,3 ROOM,202,TAMPINES ST 21,01 TO 03,75.0,Model A,1983,56 years 09 months,455000,0.06079271,17621,2026,202 TAMPINES ST 21 Singapore
235202,c0ffc3ce16dd9ea430c5e204c59e1bd01ed048fc66cdb2fab4d622fc7da0efa3,2026-09-03 13:40:53,2026-04,TAMPINES,3 ROOM,250,TAMPINES ST 21,01 TO 03,74.0,Model A,1984,57 years 09 months,470000,0.06079271,17621,2026,250 TAMPINES ST 21 Singapore
235203,5847ac78a4ba8ea15411aaefeebbcf19cfe53dc64206867c011fc567639f50c0,2026-09-03 13:40:53,2026-04,TAMPINES,3 ROOM,202,TAMPINES ST 21,04 TO 06,75.0,Model A,1983,56 years 09 months,520000,0.06079271,17621,2026,202 TAMPINES ST 21 Singapore
235204,304a19f46f5a04a5f52b6807698e4f535785da2cd397e97dac81e11d41d81709,2026-09-03 13:40:53,2026-04,TAMPINES,3 ROOM,261,TAMPINES ST 21,04 TO 06,78.0,Model A,1984,57 years 06 months,500000,0.06079271,17621,2026,261 TAMPINES ST 21 Singapore
235205,dbef88573b1b598e976eac5cda1c4599d10fda1d9720f3a13346497e40ea0cae,2026-09-03 13:40:53,2026-04,TAMPINES,3 ROOM,244,TAMPINES ST 21,07 TO 09,74.0,Model A,1984,57 years 02 months,515000,0.06079271,17621,2026,244 TAMPINES ST 21 Singapore
235206,88b0434b00c58fbb3fda99f5be6d477807e9385e71fd18d49dacb1f08497e051,2026-09-03 13:40:53,2026-05,TAMPINES,3 ROOM,208,TAMPINES ST 21,01 TO 03,79.0,Model A,1982,55 years 06 months,493888,0.06079271,17621,2026,208 TAMPINES ST 21 Singapore
235207,d6c3608482013b4f26933c2e69fe329dcd0f0ed37bc192a32c9f4d6220d6de8c,2026-09-03 13:40:53,2026-05,TAMPINES,3 ROOM,244,TAMPINES ST 21,01 TO 03,74.0,Model A,1984,57 years 02 months,490000,0.06079271,17621,2026,244 TAMPINES ST 21 Singapore
235208,12e8115d6e22342556a78d26ceb7f7155d69c1e601cef1d2d7228819c86cbb60,2026-09-03 13:40:53,2026-05,TAMPINES,3 ROOM,202,TAMPINES ST 21,10 TO 12,75.0,Model A,1983,56 years 07 months,500888,0.06079271,17621,2026,202 TAMPINES ST 21 Singapore
235209,2769003cf077ce8500ba4731d3e88237fd84372a85140ef2c18a976b64e737b8,2026-09-03 13:40:53,2026-05,TAMPINES,3 ROOM,235,TAMPINES ST 21,10 TO 12,74.0,Model A,1993,66 years 03 months,540000,0.06079271,17621,2026,235 TAMPINES ST 21 Singapore
235210,4296f7ba4c7674dbc8e48b9335b931131727aef1196bbc7f066cfc29d5314b36,2026-09-03 13:40:53,2026-05,TAMPINES,3 ROOM,267,TAMPINES ST 21,10 TO 12,75.0,Model A,1983,56 years 02 months,478000,0.06079271,17621,2026,267 TAMPINES ST 21 Singapore
235211,708b7188ff92ae53a9c4d9e2138133271f011dfd5bc7fd836c7219d376ad8616,2026-09-03 13:40:53,2026-05,TAMPINES,3 ROOM,246,TAMPINES ST 21,10 TO 12,67.0,New Generation,1984,57 years 05 months,455000,0.06079271,17621,2026,246 TAMPINES ST 21 Singapore
235212,48d00e5d1c8daf0f611cfab00b441d43f8f5e78e41586ec269df808bc66797e0,2026-09-03 13:40:53,2026-06,TAMPINES,3 ROOM,267,TAMPINES ST 21,01 TO 03,75.0,Model A,1983,56 years 02 months,455000,0.06079271,17621,2026,267 TAMPINES ST 21 Singapore
235213,3fe2c4b0ea63c36d5b1cee765e4890435e56deb5fa3beecb8fed1bfa58850047,2026-09-03 13:40:53,2026-06,TAMPINES,3 ROOM,271,TAMPINES ST 21,07 TO 09,75.0,Model A,1984,57 years 05 months,460000,0.06079271,17621,2026,271 TAMPINES ST 21 Singapore
235214,0d34d343803c812a9d8f328d7a743422eec07fe16ec0d2dd0e6a562ebaf1c049,2026-09-03 13:40:53,2026-06,TAMPINES,3 ROOM,202,TAMPINES ST 21,07 TO 09,75.0,Model A,1983,56 years 07 months,460000,0.06079271,17621,2026,202 TAMPINES ST 21 Singapore
235215,e04d85c5010d1160c3428729f429ab4ea25746b2d87368e42b14030567a1fa70,2026-09-03 13:40:53,2026-06,TAMPINES,3 ROOM,209,TAMPINES ST 21,07 TO 09,75.0,Model A,1982,55 years 03 months,465000,0.06079271,17621,2026,209 TAMPINES ST 21 Singapore
235216,5afee726d5669ca71369ca9c38b9893f1a94ae7c23a9dfb3b5b0a7a0702e4f9d,2026-09-03 13:40:53,2026-06,TAMPINES,3 ROOM,251,TAMPINES ST 21,04 TO 06,78.0,Model A,1985,57 years 08 months,495000,0.06079271,17621,2026,251 TAMPINES ST 21 Singapore
235217,5093c7d19adbb8d8cbb2472deb705e18f95c36c5ee5816ba767a71ba5f80952d,2026-09-03 13:40:53,2026-06,TAMPINES,3 ROOM,250,TAMPINES ST 21,04 TO 06,74.0,Model A,1984,57 years 07 months,450000,0.06079271,17621,2026,250 TAMPINES ST 21 Singapore
235218,84c5077c6bca3da94d4faa9db2a358f24e7b52d68009cf4ff2f442e5eb179213,2026-09-03 13:40:53,2026-06,TAMPINES,3 ROOM,261,TAMPINES ST 21,01 TO 03,78.0,Model A,1984,57 years 03 months,460000,0.06079271,17621,2026,261 TAMPINES ST 21 Singapore
235219,104482bf9d45c5b495fc170b978a7a33d682273c68c6cb0f96a0e54a9a46ffc4,2026-09-03 13:40:53,2026-06,TAMPINES,3 ROOM,207,TAMPINES ST 21,04 TO 06,79.0,Model A,1982,55 years,460000,0.06079271,17621,2026,207 TAMPINES ST 21 Singapore
235220,1148d2334f57313cbd783e26a9177c61b7e07c0a2ec8c41e0a6bd6da63ccc86c,2026-09-03 13:40:53,2026-07,TAMPINES,3 ROOM,266,TAMPINES ST 21,04 TO 06,74.0,Model A,1984,57 years 02 months,488000,0.06079271,17621,2026,266 TAMPINES ST 21 Singapore
235221,89cce5d67b2b8df296980c612e5932d0639ea983ee03ba9cbdc479ea9b015998,2026-09-03 13:40:53,2026-07,TAMPINES,3 ROOM,234,TAMPINES ST 21,07 TO 09,73.0,Model A,1984,57 years 06 months,515000,0.06079271,17621,2026,234 TAMPINES ST 21 Singapore
235222,018656359d66eb7469aec8bf7452ddc09ee98615e5d0e517436ba6c0528d5e21,2026-09-03 13:40:53,2026-07,TAMPINES,3 ROOM,235,TAMPINES ST 21,10 TO 12,74.0,Model A,1993,66 years 01 month,550000,0.06079271,17621,2026,235 TAMPINES ST 21 Singapore
235223,2dd68c5505cfe840b63df1333ee17fd78b6e1a7cd743dcb313675b33753ef688,2026-09-03 13:40:53,2026-07,TAMPINES,3 ROOM,206,TAMPINES ST 21,07 TO 09,79.0,Model A,1982,55 years 02 months,460000,0.06079271,17621,2026,206 TAMPINES ST 21 Singapore
235224,e4b0a0b783c20cfef9b33aabded79ec0bcb4dacd7c1c8fdf2dcd6c8ee20264a7,2026-09-03 13:40:53,2026-07,TAMPINES,3 ROOM,235,TAMPINES ST 21,10 TO 12,74.0,Model A,1993,66 years 01 month,555000,0.06079271,17621,2026,235 TAMPINES ST 21 Singapore
235225,646f09ce58fb327ee5582ce271933fa624dddac6deddc0d42eb0fdb51f98c887,2026-09-03 13:40:53,2026-07,TAMPINES,3 ROOM,242,TAMPINES ST 21,01 TO 03,67.0,New Generation,1984,57 years 04 months,470000,0.06079271,17621,2026,242 TAMPINES ST 21 Singapore
235226,3c0a7fdc1dfa89dd990e6725469e02727f4f4da760824ce0c3f5cce546781124,2026-09-03 13:40:53,2026-07,TAMPINES,3 ROOM,235,TAMPINES ST 21,01 TO 03,74.0,Model A,1993,66 years,500000,0.06079271,17621,2026,235 TAMPINES ST 21 Singapore
235227,027af9a4202a783458d20e92969c19d4b2b15d03276251e2cedc7ab73fe8f4f4,2026-09-03 13:40:53,2026-08,TAMPINES,3 ROOM,271,TAMPINES ST 21,01 TO 03,75.0,Model A,1984,57 years 03 months,440000,0.06079271,17621,2026,271 TAMPINES ST 21 Singapore
235228,9ffe836394dd122c4f8442dcadec6f9307fa8843ecf8a9d9231d0e1c026781cc,2026-09-03 13:40:53,2026-08,TAMPINES,3 ROOM,250,TAMPINES ST 21,01 TO 03,74.0,Model A,1984,57 years 05 months,470000,0.06079271,17621,2026,250 TAMPINES ST 21 Singapore
235229,2a0dee6fd03ead89153c93acc6b44a42a73618146a9d980c363b8b2438dfc0f4,2026-09-03 13:40:53,2026-08,TAMPINES,3 ROOM,267,TAMPINES ST 21,10 TO 12,75.0,Model A,1983,56 years,500000,0.06079271,17621,2026,267 TAMPINES ST 21 Singapore
235230,02a6bbd0f2d2b7129197eeb154f2d89a314fa7cf5725304410a9758f0b292d99,2026-09-03 13:40:53,2026-08,TAMPINES,3 ROOM,236,TAMPINES ST 21,10 TO 12,73.0,Model A,1984,57 years 02 months,556500,0.06079271,17621,2026,236 TAMPINES ST 21 Singapore
235231,d9dfafa068a6026fe81483598aac3209e89aa7c23de3b863de1397ae46d94228,2026-09-03 13:40:53,2026-08,TAMPINES,3 ROOM,207,TAMPINES ST 21,07 TO 09,75.0,Model A,1982,54 years 10 months,425000,0.06079271,17621,2026,207 TAMPINES ST 21 Singapore
235232,ca6cb7290c71410c1054c4b852c616772be7f2eb5fd55bf3a91c2d26b83e28ca,2026-09-03 13:40:53,2026-01,TAMPINES,3 ROOM,295,TAMPINES ST 22,07 TO 09,73.0,Model A,1984,57 years 03 months,460888,0.06079271,17621,2026,295 TAMPINES ST 22 Singapore
235233,323fd5f7987220bac2ea0173b5b6b46d0947113afe504acb843eb8c926c6d55a,2026-09-03 13:40:53,2026-01,TAMPINES,3 ROOM,281,TAMPINES ST 22,07 TO 09,74.0,Model A,1984,58 years,460000,0.06079271,17621,2026,281 TAMPINES ST 22 Singapore
235234,d9bef0b0ed002d3866e072216b27d7060e0932a71e65c8111c26c4e07f16311b,2026-09-03 13:40:53,2026-01,TAMPINES,3 ROOM,296,TAMPINES ST 22,04 TO 06,67.0,New Generation,1985,58 years 06 months,443300,0.06079271,17621,2026,296 TAMPINES ST 22 Singapore
235235,5df202746bc963eccaefaf2a742362b034aedaea5d05b54b7e8e26e78db83657,2026-09-03 13:40:53,2026-02,TAMPINES,3 ROOM,283,TAMPINES ST 22,01 TO 03,74.0,Model A,1984,57 years 08 months,460000,0.06079271,17621,2026,283 TAMPINES ST 22 Singapore
235236,add60f2d8b1834ac8b761f82d9f98310ab9bcbbc09aef44c3acb79af91c42b0a,2026-09-03 13:40:53,2026-02,TAMPINES,3 ROOM,296,TAMPINES ST 22,07 TO 09,67.0,New Generation,1985,58 years 06 months,455000,0.06079271,17621,2026,296 TAMPINES ST 22 Singapore
235237,a141424a009dedfbfb7525a1240ba06c200e76538da8c4877b0aa46d240cf4a3,2026-09-03 13:40:53,2026-02,TAMPINES,3 ROOM,285,TAMPINES ST 22,01 TO 03,74.0,Model A,1984,57 years 06 months,480000,0.06079271,17621,2026,285 TAMPINES ST 22 Singapore
235238,20b30748558c48070cdc93fbebc9e1374aae3a85f1be2521c0df10deb67b3d98,2026-09-03 13:40:53,2026-03,TAMPINES,3 ROOM,285,TAMPINES ST 22,04 TO 06,74.0,Model A,1984,57 years 05 months,465888,0.06079271,17621,2026,285 TAMPINES ST 22 Singapore
235239,58d6843b3c2ab54a5b377eeedba5fa20576fa7d0594fa084e03233a9a335d139,2026-09-03 13:40:53,2026-04,TAMPINES,3 ROOM,295,TAMPINES ST 22,01 TO 03,73.0,Model A,1984,57 years,450000,0.06079271,17621,2026,295 TAMPINES ST 22 Singapore
235240,5eb526f35b053ef15ac70424b56df665974d72b53da8c5d63ef2a8a49458b8d6,2026-09-03 13:40:53,2026-04,TAMPINES,3 ROOM,274,TAMPINES ST 22,10 TO 12,73.0,Model A,1984,57 years 04 months,480000,0.06079271,17621,2026,274 TAMPINES ST 22 Singapore
235241,b5d52eb0fe0adb22bc19e7a0a92f50edc711133e241f2816dedf916a957dc00c,2026-09-03 13:40:53,2026-04,TAMPINES,3 ROOM,275,TAMPINES ST 22,01 TO 03,73.0,Model A,1985,57 years 10 months,473000,0.06079271,17621,2026,275 TAMPINES ST 22 Singapore
235242,bb937bd2b256fbb5b824b3c18137797d4c561e27a8736a59d6a157d1e1ec14c5,2026-09-03 13:40:53,2026-05,TAMPINES,3 ROOM,291,TAMPINES ST 22,10 TO 12,73.0,Model A,1984,57 years 02 months,475000,0.06079271,17621,2026,291 TAMPINES ST 22 Singapore
235243,bc5b0ca1ed75d888dcdd7ada97edfbd79ea5964a58c4320b81dcc98cdfee92bb,2026-09-03 13:40:53,2026-06,TAMPINES,3 ROOM,275,TAMPINES ST 22,04 TO 06,73.0,Model A,1985,57 years 08 months,485000,0.06079271,17621,2026,275 TAMPINES ST 22 Singapore
235244,144b153da72c34e845ddee444e8c2afe2e812688e3f2c9bbef12275cb901c2a6,2026-09-03 13:40:53,2026-06,TAMPINES,3 ROOM,286,TAMPINES ST 22,07 TO 09,74.0,Model A,1984,57 years 01 month,435000,0.06079271,17621,2026,286 TAMPINES ST 22 Singapore
235245,791b608916813333911fdb8bea963280b7cbd9914fce21a1885c303fd7e9d3cf,2026-09-03 13:40:53,2026-06,TAMPINES,3 ROOM,275,TAMPINES ST 22,01 TO 03,73.0,Model A,1985,57 years 08 months,455000,0.06079271,17621,2026,275 TAMPINES ST 22 Singapore
235246,820af39ecedc02b40ef16330f037dca4c6ca9c522e39495fc3b2c95a2787070d,2026-09-03 13:40:53,2026-06,TAMPINES,3 ROOM,285,TAMPINES ST 22,07 TO 09,84.0,Model A,1984,57 years 02 months,522000,0.06079271,17621,2026,285 TAMPINES ST 22 Singapore
235247,c58aa10156f045bf0d1b6f18d96ea8ee5f89664ee836925df182832642db5883,2026-09-03 13:40:53,2026-07,TAMPINES,3 ROOM,290,TAMPINES ST 22,04 TO 06,67.0,New Generation,1985,58 years 02 months,420000,0.06079271,17621,2026,290 TAMPINES ST 22 Singapore
235248,aad9707d5dbf99656769f9bf64126b3f366fac10fb26210830d46c3b63bb0b10,2026-09-03 13:40:53,2026-08,TAMPINES,3 ROOM,295,TAMPINES ST 22,04 TO 06,73.0,Model A,1984,56 years 08 months,435888,0.06079271,17621,2026,295 TAMPINES ST 22 Singapore
235249,72e896943284efb413ca5f911a85e96f74cc9b3b370ffaadc112070e3e50f051,2026-09-03 13:40:53,2026-08,TAMPINES,3 ROOM,284,TAMPINES ST 22,10 TO 12,78.0,Model A,1984,57 years,480000,0.06079271,17621,2026,284 TAMPINES ST 22 Singapore
235250,1c9027906d7b511dd35b58ccc42b24b120e74a29cb76e4d0e03a69c8d8d28a78,2026-09-03 13:40:53,2026-08,TAMPINES,3 ROOM,284,TAMPINES ST 22,04 TO 06,74.0,Model A,1984,56 years 11 months,480000,0.06079271,17621,2026,284 TAMPINES ST 22 Singapore
235251,723ba19c0e0374e4ae25f49513d58691b7129a2beb462323478acbde416a0179,2026-09-03 13:40:53,2026-08,TAMPINES,3 ROOM,272,TAMPINES ST 22,10 TO 12,73.0,Model A,1984,56 years 11 months,466000,0.06079271,17621,2026,272 TAMPINES ST 22 Singapore
235252,385d45725f59087be09cf4fb2b307bc26539bfa00aa3f596a04ac47f1ef1f2fb,2026-09-03 13:40:53,2026-09,TAMPINES,3 ROOM,296,TAMPINES ST 22,04 TO 06,67.0,New Generation,1985,57 years 11 months,450000,0.06079271,17621,2026,296 TAMPINES ST 22 Singapore
235253,acc9f1350044fac51d5637dadd40103400053c761cb9cd1459d176e466d8fb59,2026-09-03 13:40:53,2026-01,TAMPINES,3 ROOM,226,TAMPINES ST 23,04 TO 06,73.0,Model A,1985,58 years 03 months,495000,0.06079271,17621,2026,226 TAMPINES ST 23 Singapore
235254,2ce73a9322975c78443771c47f077ed959cfc7511192a6d785b8fb46617eb75e,2026-09-03 13:40:53,2026-01,TAMPINES,3 ROOM,227,TAMPINES ST 23,01 TO 03,67.0,New Generation,1986,59 years 04 months,475000,0.06079271,17621,2026,227 TAMPINES ST 23 Singapore
235255,9fc5cc533575fdca3f31c6dcc1030ad125f6ea6e8472d31760ea0faf3c5eaa71,2026-09-03 13:40:53,2026-02,TAMPINES,3 ROOM,211,TAMPINES ST 23,07 TO 09,69.0,New Generation,1985,58 years 05 months,490000,0.06079271,17621,2026,211 TAMPINES ST 23 Singapore
235256,7e80b71d0d6011c9b4b10175e626831fcb85f08132c5dbf25ea6dc7e9ad49494,2026-09-03 13:40:53,2026-03,TAMPINES,3 ROOM,201E,TAMPINES ST 23,01 TO 03,82.0,New Generation,1987,60 years 09 months,490000,0.06079271,17621,2026,201E TAMPINES ST 23 Singapore
235257,759fdb7cc39238bad0e54799a3f6d8a6c9245714f04fb8ccba599b8c77e8eff9,2026-09-03 13:40:53,2026-03,TAMPINES,3 ROOM,228,TAMPINES ST 23,01 TO 03,67.0,New Generation,1985,57 years 11 months,478000,0.06079271,17621,2026,228 TAMPINES ST 23 Singapore
235258,58e4220b91aecb944d02a9155840a666721640e61051f7846fc047e4040c3783,2026-09-03 13:40:53,2026-04,TAMPINES,3 ROOM,217,TAMPINES ST 23,01 TO 03,71.0,New Generation,1986,58 years 11 months,460000,0.06079271,17621,2026,217 TAMPINES ST 23 Singapore
235259,db7a324c37b878bac250d23ba98ab3f2b5b69a67d60758e37acabc3d566c781e,2026-09-03 13:40:53,2026-04,TAMPINES,3 ROOM,214,TAMPINES ST 23,04 TO 06,67.0,New Generation,1985,58 years 09 months,440000,0.06079271,17621,2026,214 TAMPINES ST 23 Singapore
235260,43cda6b699aea450e6d38fb9803e9bc809f40a49791ae15f6db92287f9241120,2026-09-03 13:40:53,2026-04,TAMPINES,3 ROOM,226,TAMPINES ST 23,01 TO 03,73.0,Model A,1985,58 years,483000,0.06079271,17621,2026,226 TAMPINES ST 23 Singapore
235261,cf7a5f53306ba1d721801eb5a23c91c880aacf31ffea4d06ba5f6ce04436abe0,2026-09-03 13:40:53,2026-05,TAMPINES,3 ROOM,215,TAMPINES ST 23,01 TO 03,67.0,New Generation,1985,58 years 06 months,460000,0.06079271,17621,2026,215 TAMPINES ST 23 Singapore
235262,19aad0a13d9fcef492e1d49f2707e26b02360ac8d5cbe705b734bd59d2857ccf,2026-09-03 13:40:53,2026-05,TAMPINES,3 ROOM,211,TAMPINES ST 23,10 TO 12,67.0,New Generation,1985,58 years 02 months,503000,0.06079271,17621,2026,211 TAMPINES ST 23 Singapore
235263,917aac90f90078b13720f28d6f0676f2ef84d1f6f645c86e1936eaa943c1fd7b,2026-09-03 13:40:53,2026-05,TAMPINES,3 ROOM,225,TAMPINES ST 23,10 TO 12,73.0,Model A,1984,57 years 08 months,525000,0.06079271,17621,2026,225 TAMPINES ST 23 Singapore
235264,921ed74446c179fe8687d4d77abf8da9cc3e0d051457e22ff1d20e17e68b90e0,2026-09-03 13:40:53,2026-05,TAMPINES,3 ROOM,212,TAMPINES ST 23,01 TO 03,73.0,Model A,1985,58 years,480000,0.06079271,17621,2026,212 TAMPINES ST 23 Singapore
235265,39fa6f46db2b62f48cf757371bd28f97f88ac16a38bcde6aa0514a0f83152ea5,2026-09-03 13:40:53,2026-06,TAMPINES,3 ROOM,215,TAMPINES ST 23,10 TO 12,67.0,New Generation,1985,58 years 05 months,475000,0.06079271,17621,2026,215 TAMPINES ST 23 Singapore
235266,23e259686e186159a75639c774fda436718325e4aaad590d6e3ef35d8b83c048,2026-09-03 13:40:53,2026-06,TAMPINES,3 ROOM,215,TAMPINES ST 23,10 TO 12,67.0,New Generation,1985,58 years 05 months,465000,0.06079271,17621,2026,215 TAMPINES ST 23 Singapore
235267,2eda72d56323c555c6f8f20467dec2610d0533d0e9f82ba86aec5db13c4c8d48,2026-09-03 13:40:53,2026-02,TAMPINES,3 ROOM,221,TAMPINES ST 24,07 TO 09,73.0,Model A,1984,57 years 10 months,470000,0.06079271,17621,2026,221 TAMPINES ST 24 Singapore
235268,6c9082ce63fb45894eb9ef58b3c7e48fcee398992d41ec6ba1da76d904e9e7d4,2026-09-03 13:40:53,2026-05,TAMPINES,3 ROOM,219,TAMPINES ST 24,10 TO 12,73.0,Model A,1985,57 years 09 months,465000,0.06079271,17621,2026,219 TAMPINES ST 24 Singapore
235269,08d79befd69ed2374b62f513eadbf59e9fac380c0697dfd676a66ee0e86b2b88,2026-09-03 13:40:53,2026-06,TAMPINES,3 ROOM,218,TAMPINES ST 24,07 TO 09,73.0,Model A,1985,57 years 10 months,462000,0.06079271,17621,2026,218 TAMPINES ST 24 Singapore
235270,0439b9dae705b9daa0ab3d595649284465f7ce1c8938b1f528856d43f2867474,2026-09-03 13:40:53,2026-07,TAMPINES,3 ROOM,219,TAMPINES ST 24,04 TO 06,73.0,Model A,1985,57 years 07 months,438888,0.06079271,17621,2026,219 TAMPINES ST 24 Singapore
235271,091b4888ecae1a974db52a8187681bf6953b3ca2ff92b6700a4795a4885be2e7,2026-09-03 13:40:53,2026-08,TAMPINES,3 ROOM,221,TAMPINES ST 24,04 TO 06,73.0,Model A,1984,57 years 04 months,495000,0.06079271,17621,2026,221 TAMPINES ST 24 Singapore
235272,311cc2a55f8caaf01c901e585d7b047bf4c6688e86b0a1b848c1add9b69023d0,2026-09-03 13:40:53,2026-02,TAMPINES,3 ROOM,424,TAMPINES ST 41,01 TO 03,74.0,Model A,1985,58 years 02 months,420000,0.06079271,17621,2026,424 TAMPINES ST 41 Singapore
235273,094982ebc746398d8822b880215cd035bfa00e2b7ba97ac4c1db6f81b244efa4,2026-09-03 13:40:53,2026-02,TAMPINES,3 ROOM,412,TAMPINES ST 41,01 TO 03,66.0,Improved,1985,58 years 09 months,440000,0.06079271,17621,2026,412 TAMPINES ST 41 Singapore
235274,a7b035962f8fc3b54049c2ad034d90ebc916a89f0fd31211d0cec2148f869a3a,2026-09-03 13:40:53,2026-02,TAMPINES,3 ROOM,419,TAMPINES ST 41,01 TO 03,64.0,Simplified,1985,58 years 10 months,435000,0.06079271,17621,2026,419 TAMPINES ST 41 Singapore
235275,080a2713d1372fab03732cbb1d38b5a14ff8710bc0c606af3f2971cfc94f3255,2026-09-03 13:40:53,2026-03,TAMPINES,3 ROOM,419,TAMPINES ST 41,01 TO 03,64.0,Simplified,1985,58 years 09 months,415000,0.06079271,17621,2026,419 TAMPINES ST 41 Singapore
235276,928cc052cadcc8d378c3a470609bb56ff82a9e66a087db10abfdb2fbd8bc74cf,2026-09-03 13:40:53,2026-03,TAMPINES,3 ROOM,412,TAMPINES ST 41,01 TO 03,60.0,Improved,1985,58 years 07 months,455000,0.06079271,17621,2026,412 TAMPINES ST 41 Singapore
235277,40eeaf2425e4a64f9bbb0000d835d503b40ba2314c223043586feaecc7fbb3b5,2026-09-03 13:40:53,2026-04,TAMPINES,3 ROOM,405,TAMPINES ST 41,04 TO 06,60.0,Improved,1985,58 years 07 months,430000,0.06079271,17621,2026,405 TAMPINES ST 41 Singapore
235278,9484ebbd64183bc01fb224dc6d3e579269223b32393d3b9655be7ab746e6d082,2026-09-03 13:40:53,2026-04,TAMPINES,3 ROOM,412,TAMPINES ST 41,07 TO 09,69.0,Improved,1985,58 years 07 months,470000,0.06079271,17621,2026,412 TAMPINES ST 41 Singapore
235279,6c2ae5415bd65655d862fbc1165198a21209ab17b62934f79b1c0957f5b6ca91,2026-09-03 13:40:53,2026-04,TAMPINES,3 ROOM,419,TAMPINES ST 41,04 TO 06,64.0,Simplified,1985,58 years 09 months,440000,0.06079271,17621,2026,419 TAMPINES ST 41 Singapore
235280,cd01fc97bef1bdbd40c3d51e9afa5f95e5fdb14ef216e15e9d8619cfe8f1bf5b,2026-09-03 13:40:53,2026-04,TAMPINES,3 ROOM,406,TAMPINES ST 41,07 TO 09,64.0,Simplified,1986,59 years 06 months,508888,0.06079271,17621,2026,406 TAMPINES ST 41 Singapore
235281,15791c64440cc74ae67cb7ef6ab8d1fb916427a2bdfc48971e925f4f0e835645,2026-09-03 13:40:53,2026-04,TAMPINES,3 ROOM,419,TAMPINES ST 41,01 TO 03,64.0,Simplified,1985,58 years 08 months,443000,0.06079271,17621,2026,419 TAMPINES ST 41 Singapore
235282,265b26926727e64be45df7755226cbc1e9bebd64831cbb641c2ee329a686efaa,2026-09-03 13:40:53,2026-04,TAMPINES,3 ROOM,412,TAMPINES ST 41,07 TO 09,60.0,Improved,1985,58 years 06 months,480000,0.06079271,17621,2026,412 TAMPINES ST 41 Singapore
235283,be13baca9ef5f3291c0f5e3e1f634041d1d071c62ef859b5babfb957c4f0b9fc,2026-09-03 13:40:53,2026-06,TAMPINES,3 ROOM,424,TAMPINES ST 41,04 TO 06,74.0,Model A,1985,57 years 10 months,445000,0.06079271,17621,2026,424 TAMPINES ST 41 Singapore
235284,f56785c384553f648aaf3998d0c5073c2a87972b717f183154f95e66bbdb7757,2026-09-03 13:40:53,2026-06,TAMPINES,3 ROOM,406,TAMPINES ST 41,10 TO 12,64.0,Simplified,1986,59 years 05 months,495000,0.06079271,17621,2026,406 TAMPINES ST 41 Singapore
235285,4c99b20aafa90ba356ff92f0ecd70497330e96d099c3b4607668b4e519780b28,2026-09-03 13:40:53,2026-06,TAMPINES,3 ROOM,406,TAMPINES ST 41,04 TO 06,64.0,Simplified,1986,59 years 05 months,490000,0.06079271,17621,2026,406 TAMPINES ST 41 Singapore
235286,02779e7504a66d09b990e8b93ea33458173d555991b9b782430aa33129075510,2026-09-03 13:40:53,2026-06,TAMPINES,3 ROOM,420,TAMPINES ST 41,04 TO 06,74.0,Model A,1985,58 years 01 month,445000,0.06079271,17621,2026,420 TAMPINES ST 41 Singapore
235287,77cf24599f528cb0ae20d17f104d9a73faec471983ffcc57fb28e86599bb182b,2026-09-03 13:40:53,2026-06,TAMPINES,3 ROOM,417,TAMPINES ST 41,01 TO 03,60.0,Improved,1985,58 years 06 months,440000,0.06079271,17621,2026,417 TAMPINES ST 41 Singapore
235288,2c23553503b459ebbda3b72fa07811c712b2d5e28864e1a673f97315b55d7995,2026-09-03 13:40:53,2026-07,TAMPINES,3 ROOM,407,TAMPINES ST 41,10 TO 12,60.0,Improved,1985,58 years 04 months,425000,0.06079271,17621,2026,407 TAMPINES ST 41 Singapore
235289,23d83b5fdfd133b77d0442ae798ae129e1b5725519fff1bfbbdc026acf7a13d8,2026-09-03 13:40:53,2026-07,TAMPINES,3 ROOM,403,TAMPINES ST 41,07 TO 09,69.0,Improved,1985,58 years 04 months,480000,0.06079271,17621,2026,403 TAMPINES ST 41 Singapore
235290,90ea48caa8004c25f988a970a62bac0822fa05b8915ab5d3e89f560663fefaa4,2026-09-03 13:40:53,2026-07,TAMPINES,3 ROOM,411,TAMPINES ST 41,01 TO 03,60.0,Improved,1985,58 years 03 months,435000,0.06079271,17621,2026,411 TAMPINES ST 41 Singapore
235291,f8046554ca8c141266e4844a925b4c8dbfa580e024882f9410583c370d448135,2026-09-03 13:40:53,2026-07,TAMPINES,3 ROOM,410,TAMPINES ST 41,10 TO 12,60.0,Improved,1985,58 years 02 months,450000,0.06079271,17621,2026,410 TAMPINES ST 41 Singapore
235292,1310f702f988d8afdfd9af89851a73c5c224247e072e66b4d24c7b0346055dac,2026-09-03 13:40:53,2026-07,TAMPINES,3 ROOM,417,TAMPINES ST 41,01 TO 03,60.0,Improved,1985,58 years 05 months,417888,0.06079271,17621,2026,417 TAMPINES ST 41 Singapore
235293,a63072a17d2f4c57421697539ca256af2dda9361ae1ab835cb85cb393cf8acfe,2026-09-03 13:40:53,2026-08,TAMPINES,3 ROOM,424,TAMPINES ST 41,07 TO 09,74.0,Model A,1985,57 years 08 months,525000,0.06079271,17621,2026,424 TAMPINES ST 41 Singapore
235294,f12943c1e023e49f340a998a9bf397c716ffcc3d97948be3664474a72052c8fb,2026-09-03 13:40:53,2026-01,TAMPINES,3 ROOM,444,TAMPINES ST 42,04 TO 06,74.0,Model A,1985,58 years 05 months,430000,0.06079271,17621,2026,444 TAMPINES ST 42 Singapore
235295,901c83d3a5fac325b9dc9f3c14b84deceae494dc0b143242c4bc8e28d1e82473,2026-09-03 13:40:53,2026-04,TAMPINES,3 ROOM,448,TAMPINES ST 42,07 TO 09,74.0,Model A,1985,57 years 11 months,478000,0.06079271,17621,2026,448 TAMPINES ST 42 Singapore
235296,939ebc27db4a8f097cb7f3b10c1ca0af7d59dd01da36d8ee8a8f44e817426467,2026-09-03 13:40:53,2026-06,TAMPINES,3 ROOM,446,TAMPINES ST 42,04 TO 06,74.0,Model A,1985,58 years 01 month,450000,0.06079271,17621,2026,446 TAMPINES ST 42 Singapore
235297,fb9bca47487901ce9c831b6a35d944c168b7a189f367c078059fa87e94e07b5f,2026-09-03 13:40:53,2026-06,TAMPINES,3 ROOM,445,TAMPINES ST 42,01 TO 03,64.0,Simplified,1986,58 years 09 months,415000,0.06079271,17621,2026,445 TAMPINES ST 42 Singapore
235298,1ac274ba2b2665298f19053205c295784828534d29000eda593f9342085a0df5,2026-09-03 13:40:53,2026-07,TAMPINES,3 ROOM,445,TAMPINES ST 42,04 TO 06,64.0,Simplified,1986,58 years 08 months,400000,0.06079271,17621,2026,445 TAMPINES ST 42 Singapore
235299,af7dbe2040fbd501a3d2997e5458acb69a7991dd03bc2dfcb24b38344ae15a63,2026-09-03 13:40:53,2026-08,TAMPINES,3 ROOM,445,TAMPINES ST 42,01 TO 03,76.0,Simplified,1986,58 years 07 months,471000,0.06079271,17621,2026,445 TAMPINES ST 42 Singapore
235300,dee85bf3a361b34cbc22232e24cd027078c693a3bca066ca02b7438dbc795db8,2026-09-03 13:40:53,2026-01,TAMPINES,3 ROOM,437,TAMPINES ST 43,01 TO 03,74.0,Model A,1986,59 years 08 months,455000,0.06079271,17621,2026,437 TAMPINES ST 43 Singapore
235301,e1ab8e135d663993d562e218831b13034afef5d0bb471ec9c31206451264cc68,2026-09-03 13:40:53,2026-02,TAMPINES,3 ROOM,436,TAMPINES ST 43,07 TO 09,74.0,Model A,1986,59 years 08 months,495500,0.06079271,17621,2026,436 TAMPINES ST 43 Singapore
235302,88588a3195b4a5cb8d73582da9bbf96eb931896783451b46de5e1e084b555d07,2026-09-03 13:40:53,2026-03,TAMPINES,3 ROOM,436,TAMPINES ST 43,10 TO 12,74.0,Model A,1986,59 years 07 months,475000,0.06079271,17621,2026,436 TAMPINES ST 43 Singapore
235303,f1616c09a2a7e2fecdbf49d190c00f71c7b04754842e3626de6269453de3ec65,2026-09-03 13:40:53,2026-04,TAMPINES,3 ROOM,437,TAMPINES ST 43,10 TO 12,74.0,Model A,1986,59 years 05 months,433888,0.06079271,17621,2026,437 TAMPINES ST 43 Singapore
235304,31b8d3cdc3fae81bd519780b88ca55a86b636080d249d079d35adad939165c50,2026-09-03 13:40:53,2026-08,TAMPINES,3 ROOM,477,TAMPINES ST 43,01 TO 03,64.0,Simplified,1993,66 years,415000,0.06079271,17621,2026,477 TAMPINES ST 43 Singapore
235305,3b6f14dbc1579648bc0b9d3464769c06fc9465216aa89349f8325bb0998fbb99,2026-09-03 13:40:53,2026-08,TAMPINES,3 ROOM,433,TAMPINES ST 43,07 TO 09,64.0,Simplified,1987,60 years 02 months,470000,0.06079271,17621,2026,433 TAMPINES ST 43 Singapore
235306,3076f1b6f550ab332db973a30b73ef437becb59b377df684ddb882ad529bd895,2026-09-03 13:40:53,2026-01,TAMPINES,3 ROOM,467,TAMPINES ST 44,04 TO 06,74.0,Model A,1987,60 years 04 months,482000,0.06079271,17621,2026,467 TAMPINES ST 44 Singapore
235307,618cbb47ef2bb5a6086e95cfe622bfa0162daa0127a4e02ed96fbf61bb77de44,2026-09-03 13:40:53,2026-04,TAMPINES,3 ROOM,463,TAMPINES ST 44,01 TO 03,74.0,Model A,1986,59 years 07 months,450000,0.06079271,17621,2026,463 TAMPINES ST 44 Singapore
235308,d8127f900533836dd7531461d65f84c5034aef71103150e6415d19f2731c8fda,2026-09-03 13:40:53,2026-04,TAMPINES,3 ROOM,462,TAMPINES ST 44,04 TO 06,64.0,Simplified,1987,60 years 04 months,440000,0.06079271,17621,2026,462 TAMPINES ST 44 Singapore
235309,eeb0caea78a66336a6be2e2c6b84f6d03bab1d88063a0883fbfdc59d0fe42211,2026-09-03 13:40:53,2026-05,TAMPINES,3 ROOM,469,TAMPINES ST 44,10 TO 12,74.0,Model A,1985,58 years 06 months,490000,0.06079271,17621,2026,469 TAMPINES ST 44 Singapore
235310,d1d320772b3ebbdcb6eb8c93324b0e476d007814a1ffdb19c72cef2d5864b72e,2026-09-03 13:40:53,2026-05,TAMPINES,3 ROOM,467,TAMPINES ST 44,10 TO 12,74.0,Model A,1987,60 years,500000,0.06079271,17621,2026,467 TAMPINES ST 44 Singapore
235311,553dbc1233536dc354fea5fdac124826f545c4ea5355987baf3a09b51ef0861d,2026-09-03 13:40:53,2026-06,TAMPINES,3 ROOM,463,TAMPINES ST 44,04 TO 06,74.0,Model A,1986,59 years 04 months,470000,0.06079271,17621,2026,463 TAMPINES ST 44 Singapore
235312,1d9620a340b9320fb503029e7dae7bf2b53c64b306f165d7fda5f1d54d7fc2ee,2026-09-03 13:40:53,2026-08,TAMPINES,3 ROOM,462,TAMPINES ST 44,07 TO 09,64.0,Simplified,1987,60 years,450000,0.06079271,17621,2026,462 TAMPINES ST 44 Singapore
235313,9bdd69fdcc64ed36509ed1eb5229d120a2789864e454caaf552813ab133b8b61,2026-09-03 13:40:53,2026-01,TAMPINES,3 ROOM,492G,TAMPINES ST 45,01 TO 03,67.0,Model A,2018,91 years 10 months,511000,0.06079271,17621,2026,492G TAMPINES ST 45 Singapore
235314,f4a2d5f1f5f87eaff485f0710336bbfbc55d3cc07034fd6b8ef8ed18e42439af,2026-09-03 13:40:53,2026-03,TAMPINES,3 ROOM,494G,TAMPINES ST 45,04 TO 06,67.0,Model A,2018,91 years 09 months,525000,0.06079271,17621,2026,494G TAMPINES ST 45 Singapore
235315,1bfa88135b8c66a006cc7c49f3055224c2591a2bf66db4897ea174d38db6d8d3,2026-09-03 13:40:53,2026-04,TAMPINES,3 ROOM,494G,TAMPINES ST 45,10 TO 12,67.0,Model A,2018,91 years 08 months,578000,0.06079271,17621,2026,494G TAMPINES ST 45 Singapore
235316,2d047f3a18da0794821901feca2bb2e038f8e8908ef663ee403aba52255247d1,2026-09-03 13:40:53,2026-04,TAMPINES,3 ROOM,494G,TAMPINES ST 45,04 TO 06,67.0,Model A,2018,91 years 08 months,565000,0.06079271,17621,2026,494G TAMPINES ST 45 Singapore
235317,bd88827555bc4cf80e7aa8f5e59476e6bfcea878756b8af22d56f4ee15333316,2026-09-03 13:40:53,2026-06,TAMPINES,3 ROOM,494G,TAMPINES ST 45,10 TO 12,67.0,Model A,2018,91 years 05 months,595888,0.06079271,17621,2026,494G TAMPINES ST 45 Singapore
235318,02cf0b40f2e78c46cbdb79a274928f454b3c5ef3e941b9591fab12ca66019cce,2026-09-03 13:40:53,2026-07,TAMPINES,3 ROOM,494G,TAMPINES ST 45,04 TO 06,67.0,Model A,2018,91 years 05 months,550000,0.06079271,17621,2026,494G TAMPINES ST 45 Singapore
235319,7a9b76e2bb050dfe6dca97f843ec1be5a8d95990bb53cc42f652420cf15aab65,2026-09-03 13:40:53,2026-08,TAMPINES,3 ROOM,492G,TAMPINES ST 45,04 TO 06,67.0,Model A,2018,91 years 03 months,510000,0.06079271,17621,2026,492G TAMPINES ST 45 Singapore
235320,7ea9c3f7b54a459eb4a65fd6d05a4666e36733b5d7732af08eedef2a92aa692e,2026-09-03 13:40:53,2026-01,TAMPINES,3 ROOM,606A,TAMPINES ST 61,01 TO 03,68.0,Model A,2020,93 years 02 months,575000,0.06079271,17621,2026,606A TAMPINES ST 61 Singapore
235321,02ed0e5046812685c4835bf6fe168a9d9546c24f6014a39380c466a0cdd9ce0a,2026-09-03 13:40:53,2026-01,TAMPINES,3 ROOM,605D,TAMPINES ST 61,13 TO 15,68.0,Model A,2020,93 years 02 months,625000,0.06079271,17621,2026,605D TAMPINES ST 61 Singapore
235322,1acb13a2b1bb324ef6ab1e66b914f6bbc8e0f117874adb44044ec3e7242969de,2026-09-03 13:40:53,2026-01,TAMPINES,3 ROOM,606C,TAMPINES ST 61,04 TO 06,68.0,Model A,2020,93 years 01 month,620000,0.06079271,17621,2026,606C TAMPINES ST 61 Singapore
235323,29fa3d376376e13f7894e88cc8e872841ca43b181a8a3f24c4899f25322fe868,2026-09-03 13:40:53,2026-02,TAMPINES,3 ROOM,605B,TAMPINES ST 61,04 TO 06,68.0,Model A,2020,93 years 01 month,586000,0.06079271,17621,2026,605B TAMPINES ST 61 Singapore
235324,ada2638aad45b186222c8285acea58395b89ea730b02bb933039b195665fe288,2026-09-03 13:40:53,2026-04,TAMPINES,3 ROOM,606A,TAMPINES ST 61,13 TO 15,68.0,Model A,2020,92 years 10 months,606000,0.06079271,17621,2026,606A TAMPINES ST 61 Singapore
235325,82c340ad2d5ad93d0352ccdf5523c85a9a0e7bf3894d8b78cbe09545123be406,2026-09-03 13:40:53,2026-05,TAMPINES,3 ROOM,605B,TAMPINES ST 61,04 TO 06,68.0,Model A,2020,92 years 10 months,580000,0.06079271,17621,2026,605B TAMPINES ST 61 Singapore
235326,22714ca6ca3fc0380c221cb43590fea11e67853a4cc7ebbbecf0a0e3ff1b9bab,2026-09-03 13:40:53,2026-07,TAMPINES,3 ROOM,606C,TAMPINES ST 61,04 TO 06,68.0,Model A,2020,92 years 08 months,616888,0.06079271,17621,2026,606C TAMPINES ST 61 Singapore
235327,f7a5f9ae1bd16f9aaf0062003697040c455c059895ab5ffc77b24a5cb70a2a47,2026-09-03 13:40:53,2026-07,TAMPINES,3 ROOM,621B,TAMPINES ST 61,07 TO 09,69.0,Model A,2022,94 years 07 months,628000,0.06079271,17621,2026,621B TAMPINES ST 61 Singapore
235328,4502e426cbc939b0cb5a7c3e34df5e0504f5b21ce74c427f0b26774f97d0e2d4,2026-09-03 13:40:53,2026-07,TAMPINES,3 ROOM,605D,TAMPINES ST 61,10 TO 12,68.0,Model A,2020,92 years 08 months,610000,0.06079271,17621,2026,605D TAMPINES ST 61 Singapore
235329,8e2ad32a503ffa0b065e83725afda17f63d7676f85721f85116adbb2481665aa,2026-09-03 13:40:53,2026-07,TAMPINES,3 ROOM,621A,TAMPINES ST 61,07 TO 09,69.0,Model A,2022,94 years 06 months,625000,0.06079271,17621,2026,621A TAMPINES ST 61 Singapore
235330,695b2eb870673276f35d7e1a2e24a2f4f9c54500a31d134a07fb0eaefe33d659,2026-09-03 13:40:53,2026-07,TAMPINES,3 ROOM,621A,TAMPINES ST 61,13 TO 15,69.0,Model A,2022,94 years 06 months,635000,0.06079271,17621,2026,621A TAMPINES ST 61 Singapore
235331,a68850decd809c92e91aeb00fbf625a7a9831a4d7efdc5c70a6f24ba09aaaf72,2026-09-03 13:40:53,2026-08,TAMPINES,3 ROOM,605B,TAMPINES ST 61,13 TO 15,68.0,Model A,2020,92 years 07 months,625000,0.06079271,17621,2026,605B TAMPINES ST 61 Singapore
235332,46f0cd3d292b55c3712f194e1e6dfc3a7e8773d3a741a77b20d539b9501dd06b,2026-09-03 13:40:53,2026-08,TAMPINES,3 ROOM,621A,TAMPINES ST 61,16 TO 18,69.0,Model A,2022,94 years 06 months,650000,0.06079271,17621,2026,621A TAMPINES ST 61 Singapore
235333,f808e2a47da8a68ee84e2540f73bf53ebbfcbc89739613d617efb4b6312332d2,2026-09-03 13:40:53,2026-08,TAMPINES,3 ROOM,621A,TAMPINES ST 61,04 TO 06,69.0,Model A,2022,94 years 06 months,600000,0.06079271,17621,2026,621A TAMPINES ST 61 Singapore
235334,eb64418ba7f869a98f193cfd384c0201cd17792e7bc935bcc5d701e972c76318,2026-09-03 13:40:53,2026-08,TAMPINES,3 ROOM,621A,TAMPINES ST 61,10 TO 12,69.0,Model A,2022,94 years 06 months,638888,0.06079271,17621,2026,621A TAMPINES ST 61 Singapore
235335,db78cc44a113b48ba8976b18e54357955385ed7104bdbb0d2c3b4fddd38c3bdd,2026-09-03 13:40:53,2026-08,TAMPINES,3 ROOM,621B,TAMPINES ST 61,10 TO 12,69.0,Model A,2022,94 years 06 months,620000,0.06079271,17621,2026,621B TAMPINES ST 61 Singapore
235336,e7b15860e820500504eeae1a392cdd18d1f10e472bb8db6aabb50b2d4a406805,2026-09-03 13:40:53,2026-08,TAMPINES,3 ROOM,621B,TAMPINES ST 61,13 TO 15,69.0,Model A,2022,94 years 06 months,640000,0.06079271,17621,2026,621B TAMPINES ST 61 Singapore
235337,47eb1f634f930be69dd6d30896820aaecfe2a6ce3da8173d37417dbee458b6f7,2026-09-03 13:40:53,2026-08,TAMPINES,3 ROOM,621A,TAMPINES ST 61,16 TO 18,69.0,Model A,2022,94 years 05 months,640000,0.06079271,17621,2026,621A TAMPINES ST 61 Singapore
235338,750c8ca5e9caf81f807a243ce2718c298e787e8bb39172fdcecac6a0e8481aca,2026-09-03 13:40:53,2026-08,TAMPINES,3 ROOM,606A,TAMPINES ST 61,10 TO 12,68.0,Model A,2020,92 years 06 months,615000,0.06079271,17621,2026,606A TAMPINES ST 61 Singapore
235339,192049ddca1194aaa39d7d146c811ebe5e729a55354e72a41fbe637aa88486e3,2026-09-03 13:40:53,2026-08,TAMPINES,3 ROOM,627A,TAMPINES ST 61,04 TO 06,69.0,Model A,2022,94 years 05 months,615000,0.06079271,17621,2026,627A TAMPINES ST 61 Singapore
235340,ee0a45c7693c623b2d66b98e0f11b387ed6bd31c6e7c3fd779987ea87d0c2776,2026-09-03 13:40:53,2026-01,TAMPINES,3 ROOM,824,TAMPINES ST 81,04 TO 06,67.0,New Generation,1988,61 years 02 months,435800,0.06079271,17621,2026,824 TAMPINES ST 81 Singapore
235341,47d4948037077020a84dae75d51e09d9adcd3a5c988497558090d0577846011c,2026-09-03 13:40:53,2026-01,TAMPINES,3 ROOM,818,TAMPINES ST 81,10 TO 12,73.0,Model A,1984,57 years 06 months,500000,0.06079271,17621,2026,818 TAMPINES ST 81 Singapore
235342,c9979b8006e67a850e6f0388cf3ab3d25b6cefbb13e5b9aea89abcdc7ac1a02a,2026-09-03 13:40:53,2026-02,TAMPINES,3 ROOM,828,TAMPINES ST 81,01 TO 03,67.0,New Generation,1987,60 years 09 months,485000,0.06079271,17621,2026,828 TAMPINES ST 81 Singapore
235343,6cd9ebd9b9b7a1edf6b9fa9794a0f724656d254e90912ad58933c39def80dcee,2026-09-03 13:40:53,2026-02,TAMPINES,3 ROOM,814,TAMPINES ST 81,04 TO 06,73.0,Model A,1984,57 years 07 months,485000,0.06079271,17621,2026,814 TAMPINES ST 81 Singapore
235344,6742ec9e021c8b545282e08469d56d885edd1f761dbb49f8ce9606d597c2b56a,2026-09-03 13:40:53,2026-03,TAMPINES,3 ROOM,814,TAMPINES ST 81,04 TO 06,73.0,Model A,1984,57 years 06 months,498000,0.06079271,17621,2026,814 TAMPINES ST 81 Singapore
235345,2013576473f98366ba1b379d514fc00f29d202ea199f0add0abdcc029ee917ca,2026-09-03 13:40:53,2026-03,TAMPINES,3 ROOM,817,TAMPINES ST 81,07 TO 09,73.0,Model A,1984,57 years 06 months,450000,0.06079271,17621,2026,817 TAMPINES ST 81 Singapore
235346,7d27eba35c22dc72e318818ce086925a1a877e9420ae6cd779883b3908676979,2026-09-03 13:40:53,2026-04,TAMPINES,3 ROOM,820,TAMPINES ST 81,04 TO 06,68.0,New Generation,1984,57 years 05 months,495000,0.06079271,17621,2026,820 TAMPINES ST 81 Singapore
235347,ea7a9cfadbdd60e66967790cb0f5b3777c47c748d57b1aee920b8ae3dd57b2bc,2026-09-03 13:40:53,2026-05,TAMPINES,3 ROOM,818,TAMPINES ST 81,10 TO 12,73.0,Model A,1984,57 years 02 months,505000,0.06079271,17621,2026,818 TAMPINES ST 81 Singapore
235348,a918d96be99ad1895ed4e91ccbc788c5f4a0e5be4ca81d0c927d851dddcc0d6f,2026-09-03 13:40:53,2026-05,TAMPINES,3 ROOM,817,TAMPINES ST 81,04 TO 06,73.0,Model A,1984,57 years 05 months,475000,0.06079271,17621,2026,817 TAMPINES ST 81 Singapore
235349,1102e6b64d2108a085ae230905503dfa6ed1bca1dd8dab20b4318a3dc8db89b3,2026-09-03 13:40:53,2026-05,TAMPINES,3 ROOM,820,TAMPINES ST 81,04 TO 06,68.0,New Generation,1984,57 years 04 months,435000,0.06079271,17621,2026,820 TAMPINES ST 81 Singapore
235350,f827d282f8bcfa8888b7ea08f3aea9e5dd38e93f766728d97df04a1be7ca3e07,2026-09-03 13:40:53,2026-05,TAMPINES,3 ROOM,819,TAMPINES ST 81,07 TO 09,68.0,New Generation,1984,57 years 08 months,455000,0.06079271,17621,2026,819 TAMPINES ST 81 Singapore
235351,319e153d36143c567f354e35019694134f031229ec4e12bba66086289ef8be3f,2026-09-03 13:40:53,2026-05,TAMPINES,3 ROOM,829,TAMPINES ST 81,01 TO 03,67.0,New Generation,1986,59 years 05 months,450000,0.06079271,17621,2026,829 TAMPINES ST 81 Singapore
235352,792cba9cf8806eab25bd4a07dc82ac85e0ae9ceae48370ec392ac8a7afdb92d3,2026-09-03 13:40:53,2026-07,TAMPINES,3 ROOM,819,TAMPINES ST 81,01 TO 03,68.0,New Generation,1984,57 years 06 months,508000,0.06079271,17621,2026,819 TAMPINES ST 81 Singapore
235353,d64260c2f529c8df2cfe0ceb1f97d3df97ca296cb03074c5806f5bb453c13215,2026-09-03 13:40:53,2026-07,TAMPINES,3 ROOM,899A,TAMPINES ST 81,04 TO 06,74.0,Model A,1988,61 years 02 months,508000,0.06079271,17621,2026,899A TAMPINES ST 81 Singapore
235354,62439845ef9b25fd246af57352588b4e0633f918e9a46462f2f28ddd27551132,2026-09-03 13:40:53,2026-07,TAMPINES,3 ROOM,899,TAMPINES ST 81,10 TO 12,74.0,Model A,1988,60 years 11 months,508000,0.06079271,17621,2026,899 TAMPINES ST 81 Singapore
235355,bcad00058a3102f69490ef2d4edcb06603b3de3b3209d2c2787a165803bb4521,2026-09-03 13:40:53,2026-07,TAMPINES,3 ROOM,898,TAMPINES ST 81,04 TO 06,74.0,Model A,1988,60 years 10 months,495000,0.06079271,17621,2026,898 TAMPINES ST 81 Singapore
235356,23998e187280fe54c946552621f0b77be3bb8fa60be0904a5856746fa5a808e2,2026-09-03 13:40:53,2026-08,TAMPINES,3 ROOM,899A,TAMPINES ST 81,07 TO 09,74.0,Model A,1988,61 years 01 month,500000,0.06079271,17621,2026,899A TAMPINES ST 81 Singapore
235357,011fd853d2a5b6845bf2887b0e685d358277a02bb3888db0307112a5173e20bb,2026-09-03 13:40:53,2026-08,TAMPINES,3 ROOM,814,TAMPINES ST 81,01 TO 03,73.0,Model A,1984,57 years 01 month,490000,0.06079271,17621,2026,814 TAMPINES ST 81 Singapore
235358,f514eae4923ac324f6f775740f0b62aea66ae6a2b82b8e3341e9970ce809ba52,2026-09-03 13:40:53,2026-08,TAMPINES,3 ROOM,814,TAMPINES ST 81,07 TO 09,73.0,Model A,1984,57 years 01 month,485000,0.06079271,17621,2026,814 TAMPINES ST 81 Singapore
235359,82ae8e5f84d17d386ec8e6c53edbb651c21cb28bf54db9bd5a9f92e9f7689689,2026-09-03 13:40:53,2026-09,TAMPINES,3 ROOM,817,TAMPINES ST 81,04 TO 06,73.0,Model A,1984,57 years 01 month,478000,0.06079271,17621,2026,817 TAMPINES ST 81 Singapore
235360,3570e0914b80106c09495b5754a9cd0955eafa32b7cb8fe07d241e217b46d3ae,2026-09-03 13:40:53,2026-01,TAMPINES,3 ROOM,848,TAMPINES ST 82,04 TO 06,74.0,Model A,1985,58 years 09 months,492888,0.06079271,17621,2026,848 TAMPINES ST 82 Singapore
235361,f77e9ec97436aecb53b90cc612a28f4f8e581265a501ee77d6783b20281d6416,2026-09-03 13:40:53,2026-01,TAMPINES,3 ROOM,848,TAMPINES ST 82,10 TO 12,74.0,Model A,1985,58 years 09 months,501000,0.06079271,17621,2026,848 TAMPINES ST 82 Singapore
235362,54116cbf455e578df8ac4dd254881136e3a050d530f41c6c85f0f7560c956c33,2026-09-03 13:40:53,2026-03,TAMPINES,3 ROOM,846,TAMPINES ST 82,10 TO 12,74.0,Model A,1986,58 years 11 months,499000,0.06079271,17621,2026,846 TAMPINES ST 82 Singapore
235363,51aa397d482645151b1f8c7d74b439613390d4e0af39646b357343af082dad53,2026-09-03 13:40:53,2026-06,TAMPINES,3 ROOM,830,TAMPINES ST 82,04 TO 06,64.0,Simplified,1986,58 years 08 months,458000,0.06079271,17621,2026,830 TAMPINES ST 82 Singapore
235364,89a825b8f084a740a07ebc427b32aecb26b0ca5fbc9c9b387be65e1a2e562582,2026-09-03 13:40:53,2026-07,TAMPINES,3 ROOM,834,TAMPINES ST 82,01 TO 03,70.0,Simplified,1985,58 years 01 month,473000,0.06079271,17621,2026,834 TAMPINES ST 82 Singapore
235365,4c52906439e5971c94ee57638cb5fb3674229cf3da74e489116cecff2b2431d2,2026-09-03 13:40:53,2026-08,TAMPINES,3 ROOM,846,TAMPINES ST 82,01 TO 03,74.0,Model A,1986,58 years 06 months,460000,0.06079271,17621,2026,846 TAMPINES ST 82 Singapore
235366,a6ea5f63fd0d5ea0dbecf881a8e87fdb6d5304252282fe76be4c19751ecab9ed,2026-09-03 13:40:53,2026-01,TAMPINES,3 ROOM,831,TAMPINES ST 83,04 TO 06,64.0,Simplified,1986,59 years 06 months,452000,0.06079271,17621,2026,831 TAMPINES ST 83 Singapore
235367,44672234615afaabd3004a5271319aec4c3488fef44129878e0c65f6b77d77d6,2026-09-03 13:40:53,2026-01,TAMPINES,3 ROOM,885,TAMPINES ST 83,01 TO 03,74.0,Model A,1987,60 years 11 months,425000,0.06079271,17621,2026,885 TAMPINES ST 83 Singapore
235368,c21c4860f5ff12d5ff994d9e92f9f5a61d4f50138245843b7d9c25d5005e05de,2026-09-03 13:40:53,2026-04,TAMPINES,3 ROOM,847,TAMPINES ST 83,07 TO 09,74.0,Model A,1987,60 years 06 months,492888,0.06079271,17621,2026,847 TAMPINES ST 83 Singapore
235369,1d46d31cfbedecc28e72586d986fa3142bbed42b64f4ff477bfc6ba9ac6ae39a,2026-09-03 13:40:53,2026-05,TAMPINES,3 ROOM,831,TAMPINES ST 83,04 TO 06,64.0,Simplified,1986,59 years,455000,0.06079271,17621,2026,831 TAMPINES ST 83 Singapore
235370,0eb4d07c3075f86911b4f8d25197d1a58c0110e96dc6e634f5acf6a05b4aa751,2026-09-03 13:40:53,2026-07,TAMPINES,3 ROOM,845,TAMPINES ST 83,07 TO 09,74.0,Model A,1987,60 years 05 months,485000,0.06079271,17621,2026,845 TAMPINES ST 83 Singapore
235371,348897fb59d3d7da5cb2a7349bfad2530ed614bdcd1fad95b7c27ee6a6c0451a,2026-09-03 13:40:53,2026-08,TAMPINES,3 ROOM,851,TAMPINES ST 83,07 TO 09,74.0,Model A,1987,60 years 04 months,487888,0.06079271,17621,2026,851 TAMPINES ST 83 Singapore
235372,84572272c06cc0af7b1ddef2fe2a634c8f3dce092e74c2f29a7dd33adf2eb493,2026-09-03 13:40:53,2026-08,TAMPINES,3 ROOM,845,TAMPINES ST 83,04 TO 06,74.0,Model A,1987,60 years 05 months,500000,0.06079271,17621,2026,845 TAMPINES ST 83 Singapore
235373,0503f937c82c810b5c578a8a0969d3a4c9ad989dc8a37163f4aa3a6766a6f8de,2026-09-03 13:40:53,2026-03,TAMPINES,3 ROOM,875,TAMPINES ST 84,04 TO 06,74.0,Model A,1988,61 years 04 months,500000,0.06079271,17621,2026,875 TAMPINES ST 84 Singapore
235374,61e32ac6c7d098185fed7db12eb70887875b58a43bf688accd586ee96c2c6aca,2026-09-03 13:40:53,2026-06,TAMPINES,3 ROOM,877,TAMPINES ST 84,10 TO 12,74.0,Model A,1988,61 years 02 months,503888,0.06079271,17621,2026,877 TAMPINES ST 84 Singapore
235375,fce445ad574e1e1dad0ad8fbbcd9e28051d0f7b607af69ae52e7c2813a92010d,2026-09-03 13:40:53,2026-07,TAMPINES,3 ROOM,881,TAMPINES ST 84,04 TO 06,74.0,Model A,1988,61 years 01 month,495000,0.06079271,17621,2026,881 TAMPINES ST 84 Singapore
235376,ff6f447cebbe56ce1ac4e6b6339596d131509934ad5cfc6afb7b1ada99672120,2026-09-03 13:40:53,2026-08,TAMPINES,3 ROOM,875,TAMPINES ST 84,07 TO 09,74.0,Model A,1988,61 years,485000,0.06079271,17621,2026,875 TAMPINES ST 84 Singapore
235377,bff8ddfe5d704c1aa146ac6a0e577a3c419962f9e9692019107f45e52674d4c8,2026-09-03 13:40:53,2026-01,TAMPINES,3 ROOM,925,TAMPINES ST 91,10 TO 12,73.0,Model A,1983,56 years 11 months,510000,0.06079271,17621,2026,925 TAMPINES ST 91 Singapore
235378,fc8b7ccd7a6e9dd780af47f7bc7570e90ab5632931abf121c7a99f2047b77fa5,2026-09-03 13:40:53,2026-02,TAMPINES,3 ROOM,914,TAMPINES ST 91,10 TO 12,73.0,Model A,1984,57 years 08 months,515000,0.06079271,17621,2026,914 TAMPINES ST 91 Singapore
235379,fd7246429038bf5bad3371744b4057ca33c57c1ea7ae5ba3aa2814d106c21805,2026-09-03 13:40:53,2026-02,TAMPINES,3 ROOM,915,TAMPINES ST 91,07 TO 09,73.0,Model A,1984,57 years 04 months,520000,0.06079271,17621,2026,915 TAMPINES ST 91 Singapore
235380,9c3325bd545bb2a5cdd8852d4e4f419d19783435085746c4b1640f9cec66ae61,2026-09-03 13:40:53,2026-03,TAMPINES,3 ROOM,929,TAMPINES ST 91,04 TO 06,73.0,Model A,1984,57 years 07 months,480000,0.06079271,17621,2026,929 TAMPINES ST 91 Singapore
235381,cf01610d9ad08352ba1cfabc0d41159a3107334463a2a22cd8fb79cfc1365c10,2026-09-03 13:40:53,2026-03,TAMPINES,3 ROOM,925,TAMPINES ST 91,07 TO 09,73.0,Model A,1983,56 years 10 months,505000,0.06079271,17621,2026,925 TAMPINES ST 91 Singapore
235382,c06f320b08344faacf246ff39379a5bed5ebf98ace60531ef268286428a10c78,2026-09-03 13:40:53,2026-03,TAMPINES,3 ROOM,924,TAMPINES ST 91,10 TO 12,73.0,Model A,1983,56 years 08 months,493000,0.06079271,17621,2026,924 TAMPINES ST 91 Singapore
235383,3558259279bc3b305d33be8259d913d658958b40d4c6f73a1681e0209baeb72e,2026-09-03 13:40:53,2026-05,TAMPINES,3 ROOM,914,TAMPINES ST 91,04 TO 06,73.0,Model A,1984,57 years 05 months,498000,0.06079271,17621,2026,914 TAMPINES ST 91 Singapore
235384,ac710e0eb1f1cf71ad45bcd59a68aaa4017a978911783d641a42be486c2a02bf,2026-09-03 13:40:53,2026-08,TAMPINES,3 ROOM,924,TAMPINES ST 91,10 TO 12,73.0,Model A,1983,56 years 04 months,478000,0.06079271,17621,2026,924 TAMPINES ST 91 Singapore
235385,f80fbc47060ac2296a56d71895b2ba0bb8679d028d039414e5f88f1c6bb9398c,2026-09-03 13:40:53,2026-08,TAMPINES,3 ROOM,924,TAMPINES ST 91,04 TO 06,73.0,Model A,1983,56 years 03 months,475000,0.06079271,17621,2026,924 TAMPINES ST 91 Singapore
235386,2bd34cd1887500ebccf5863766996a173b23ea7cc776419aadb3fc716f5149af,2026-09-03 13:40:53,2026-08,TAMPINES,3 ROOM,930,TAMPINES ST 91,13 TO 15,73.0,Model A,1984,57 years 04 months,488000,0.06079271,17621,2026,930 TAMPINES ST 91 Singapore
235387,36d450ba3a7dcff9a40bb5b7f75c685ba24f1d9c5620226ba698feb9c18c3d11,2026-09-03 13:40:53,2026-09,TAMPINES,3 ROOM,925,TAMPINES ST 91,01 TO 03,73.0,Model A,1983,56 years 04 months,458000,0.06079271,17621,2026,925 TAMPINES ST 91 Singapore
235388,e8df4547f0c6eeb96f1a9640b53255c1353ccb5a203f017ee1ba8c2841fdf851,2026-09-03 13:40:53,2026-03,TAMPINES,4 ROOM,167D,SIMEI LANE,10 TO 12,94.0,DBSS,2011,83 years 11 months,928000,0.06079271,17621,2026,167D SIMEI LANE Singapore
235389,5db31436565c63897def4445ac0b65b3ddade0a3a8af65b911c367ce32544310,2026-09-03 13:40:53,2026-01,TAMPINES,4 ROOM,159,SIMEI RD,01 TO 03,109.0,Model A,1989,62 years 01 month,655000,0.06079271,17621,2026,159 SIMEI RD Singapore
235390,08ff5fc9dfb674d233a473eb48f1f7d07615c15345073efde9c99c5675469926,2026-09-03 13:40:53,2026-03,TAMPINES,4 ROOM,165,SIMEI RD,07 TO 09,104.0,Model A,1989,62 years 01 month,635000,0.06079271,17621,2026,165 SIMEI RD Singapore
235391,996b9c3c4650f5b53dcf16983cb4b5a5cc9a08e75dff8f5728fc7ab409f439a9,2026-09-03 13:40:53,2026-04,TAMPINES,4 ROOM,165,SIMEI RD,10 TO 12,104.0,Model A,1989,62 years 01 month,662000,0.06079271,17621,2026,165 SIMEI RD Singapore
235392,7028a468f89df0d7d415ae5737d5214f5e3b43e51bccd74d3b098e40e07bcc3b,2026-09-03 13:40:53,2026-04,TAMPINES,4 ROOM,157,SIMEI RD,07 TO 09,104.0,Model A,1989,61 years 11 months,648000,0.06079271,17621,2026,157 SIMEI RD Singapore
235393,170f587577ee532b364a12e3e7a92b6a77326f3bdc8ca8a05e0e872f0257991e,2026-09-03 13:40:53,2026-04,TAMPINES,4 ROOM,162,SIMEI RD,01 TO 03,104.0,Model A,1989,61 years 11 months,632000,0.06079271,17621,2026,162 SIMEI RD Singapore
235394,d42fa92b1f357a24a500937ba4895f63386a963ce089798f03dafbca24afa967,2026-09-03 13:40:53,2026-05,TAMPINES,4 ROOM,156,SIMEI RD,10 TO 12,104.0,Model A,1989,61 years 10 months,658000,0.06079271,17621,2026,156 SIMEI RD Singapore
235395,af6d4f2c41614f97b7632c505d3b2988c967da63b099dc7ece0f0e745af56512,2026-09-03 13:40:53,2026-08,TAMPINES,4 ROOM,161,SIMEI RD,01 TO 03,108.0,Model A,1989,61 years 08 months,600000,0.06079271,17621,2026,161 SIMEI RD Singapore
235396,3d75b0656f757842c1f3f5b8184911b60cdfc693f5d77359127fefa5521ab0cb,2026-09-03 13:40:53,2026-01,TAMPINES,4 ROOM,137,SIMEI ST 1,04 TO 06,84.0,Simplified,1988,61 years 08 months,531000,0.06079271,17621,2026,137 SIMEI ST 1 Singapore
235397,19d88d35869dbc03133368efc8509353a9b02f8ecc5539d2305c2e9cfc3f900d,2026-09-03 13:40:53,2026-01,TAMPINES,4 ROOM,106,SIMEI ST 1,04 TO 06,104.0,Model A,1988,61 years 09 months,640000,0.06079271,17621,2026,106 SIMEI ST 1 Singapore
235398,f4c3dd89d1ccb5db7ed80c2a4a90332503a868959a749ddcf06262e5cb120f66,2026-09-03 13:40:53,2026-01,TAMPINES,4 ROOM,134,SIMEI ST 1,07 TO 09,84.0,Simplified,1988,61 years 07 months,578000,0.06079271,17621,2026,134 SIMEI ST 1 Singapore
235399,54d48eabc825be64d0012646a709268e98089ffd7e001e96f9f109f21d60730d,2026-09-03 13:40:53,2026-02,TAMPINES,4 ROOM,119,SIMEI ST 1,04 TO 06,104.0,Model A,1988,61 years 04 months,718000,0.06079271,17621,2026,119 SIMEI ST 1 Singapore
235400,0eea9ac843819a23ffaa259321bfb7bffd4516e997ae31254bb652027dea8e5e,2026-09-03 13:40:53,2026-02,TAMPINES,4 ROOM,127,SIMEI ST 1,07 TO 09,84.0,Simplified,1987,60 years 11 months,610000,0.06079271,17621,2026,127 SIMEI ST 1 Singapore
235401,33cf625ba6bcb776b41f9dc54f91bc445ee26b8a427acd2a3ad8420709dbed88,2026-09-03 13:40:53,2026-02,TAMPINES,4 ROOM,133,SIMEI ST 1,10 TO 12,84.0,Simplified,1988,61 years 06 months,588000,0.06079271,17621,2026,133 SIMEI ST 1 Singapore
235402,12e57866898ab85573af25fd344b858f915c620baa57f529fdf3b41005de9e25,2026-09-03 13:40:53,2026-02,TAMPINES,4 ROOM,117,SIMEI ST 1,07 TO 09,84.0,Simplified,1988,61 years 02 months,600000,0.06079271,17621,2026,117 SIMEI ST 1 Singapore
235403,f0e17c5cbfe56570aed97686ad7ec9e765088b0eb9991102b7b412a5abb3b9f3,2026-09-03 13:40:53,2026-02,TAMPINES,4 ROOM,106,SIMEI ST 1,07 TO 09,104.0,Model A,1988,61 years 08 months,710000,0.06079271,17621,2026,106 SIMEI ST 1 Singapore
235404,f8a951e322a04d469fc0716e7b7833de768d90458fbed9dcc8d882aab108069a,2026-09-03 13:40:53,2026-04,TAMPINES,4 ROOM,109,SIMEI ST 1,04 TO 06,104.0,Model A,1988,61 years 07 months,657000,0.06079271,17621,2026,109 SIMEI ST 1 Singapore
235405,e84726765db90ffa94dd142637c805c7c20843f83da1bedfef45b35b3ee63a59,2026-09-03 13:40:53,2026-04,TAMPINES,4 ROOM,254,SIMEI ST 1,07 TO 09,99.0,Model A,1996,69 years 05 months,720000,0.06079271,17621,2026,254 SIMEI ST 1 Singapore
235406,d22634149c375c2d1731d4c4ca9465354e74cf8bc3ead2d46c88271a83bb9107,2026-09-03 13:40:53,2026-05,TAMPINES,4 ROOM,123,SIMEI ST 1,07 TO 09,104.0,Model A,1988,61 years 07 months,670000,0.06079271,17621,2026,123 SIMEI ST 1 Singapore
235407,bb7dd0213a94ae4b848788a53d35aa950b5dfc66ce86439ae3406d61cd568ea0,2026-09-03 13:40:53,2026-06,TAMPINES,4 ROOM,129,SIMEI ST 1,01 TO 03,84.0,Simplified,1987,60 years 04 months,590000,0.06079271,17621,2026,129 SIMEI ST 1 Singapore
235408,77d91b06b9684edcdf6439857468b0af35fd24787a485642f077a3a3df94c555,2026-09-03 13:40:53,2026-06,TAMPINES,4 ROOM,130,SIMEI ST 1,07 TO 09,84.0,Simplified,1987,60 years 06 months,590000,0.06079271,17621,2026,130 SIMEI ST 1 Singapore
235409,1dde3af36e81e3bff6f45a678358856bda280bc38e0b9fb0357d61cbf7a217e3,2026-09-03 13:40:53,2026-07,TAMPINES,4 ROOM,123,SIMEI ST 1,04 TO 06,104.0,Model A,1988,61 years 05 months,653000,0.06079271,17621,2026,123 SIMEI ST 1 Singapore
235410,57cfacac86e8b107304eb66d3bfbb41c7690b01d6dfb6642093daa1ae8ae0488,2026-09-03 13:40:53,2026-07,TAMPINES,4 ROOM,132,SIMEI ST 1,01 TO 03,84.0,Simplified,1988,60 years 11 months,575000,0.06079271,17621,2026,132 SIMEI ST 1 Singapore
235411,270393fb4422f1ace5c40cf0ffd2da0dd42e5a4d37d097a9641770025fef08cf,2026-09-03 13:40:53,2026-07,TAMPINES,4 ROOM,107,SIMEI ST 1,01 TO 03,104.0,Model A,1988,61 years 04 months,630000,0.06079271,17621,2026,107 SIMEI ST 1 Singapore
235412,3b4b535f560f0f7487f8c69893501d4ff8eb658eec2414fc6d77247b153b869a,2026-09-03 13:40:53,2026-07,TAMPINES,4 ROOM,254,SIMEI ST 1,10 TO 12,99.0,Model A,1996,69 years 02 months,730000,0.06079271,17621,2026,254 SIMEI ST 1 Singapore
235413,7d7358dc51ad7cf8214c38a5f8d5f0587b2e674b253bbae09b39e2f7ced31d9b,2026-09-03 13:40:53,2026-07,TAMPINES,4 ROOM,117,SIMEI ST 1,10 TO 12,103.0,Model A,1988,60 years 09 months,658000,0.06079271,17621,2026,117 SIMEI ST 1 Singapore
235414,45b503c4e3c70b3dd44f1795e5fd23bcd4727a02b5ea23a576a9dcf5a2ce0af6,2026-09-03 13:40:53,2026-08,TAMPINES,4 ROOM,109,SIMEI ST 1,07 TO 09,104.0,Model A,1988,61 years 03 months,643000,0.06079271,17621,2026,109 SIMEI ST 1 Singapore
235415,76c1cf1cf21db4d81a4b8f3a9cae34c26a2cb92c40a41174292be0e628fbc3e1,2026-09-03 13:40:53,2026-08,TAMPINES,4 ROOM,129,SIMEI ST 1,01 TO 03,88.0,Simplified,1987,60 years 02 months,606000,0.06079271,17621,2026,129 SIMEI ST 1 Singapore
235416,657da1ae4d8377cf516524bf92ab25a5ee90f6308602bb9dcd46b3841f389a7a,2026-09-03 13:40:53,2026-08,TAMPINES,4 ROOM,108,SIMEI ST 1,10 TO 12,104.0,Model A,1988,60 years 11 months,650000,0.06079271,17621,2026,108 SIMEI ST 1 Singapore
235417,61ad4b72e19830ba38b226a7f8ffdc0d836bfd753802463e34c5f0e2134738a4,2026-09-03 13:40:53,2026-08,TAMPINES,4 ROOM,154,SIMEI ST 1,01 TO 03,84.0,Simplified,1988,60 years 08 months,515000,0.06079271,17621,2026,154 SIMEI ST 1 Singapore
235418,f2c9939f8dcbaa49f6b5cb4a06c41ce5429a5a74509ffd38d9618fc97757ff4a,2026-09-03 13:40:53,2026-08,TAMPINES,4 ROOM,253,SIMEI ST 1,10 TO 12,101.0,Model A,1996,69 years 02 months,720000,0.06079271,17621,2026,253 SIMEI ST 1 Singapore
235419,7942f601e8c555992a09b4c44cebdd3770f7bcc0b515eb1304c606dfb51dbc6f,2026-09-03 13:40:53,2026-08,TAMPINES,4 ROOM,106,SIMEI ST 1,07 TO 09,104.0,Model A,1988,61 years 02 months,655000,0.06079271,17621,2026,106 SIMEI ST 1 Singapore
235420,d6b3269e4ee7b99bd7a5b15c78bf6d22226e458fb2a7620bb46dbd85555b14f1,2026-09-03 13:40:53,2026-08,TAMPINES,4 ROOM,101,SIMEI ST 1,01 TO 03,104.0,Model A,1988,61 years 02 months,608000,0.06079271,17621,2026,101 SIMEI ST 1 Singapore
235421,988e64b64b415071d243b07897242b0a5e3dc768841f871a7878c37ef4d24502,2026-09-03 13:40:53,2026-08,TAMPINES,4 ROOM,134,SIMEI ST 1,07 TO 09,84.0,Simplified,1988,61 years,550000,0.06079271,17621,2026,134 SIMEI ST 1 Singapore
235422,7f812669081fbcde6e282283db0861ed13d07b1e6ecddfe92d91816ba6f7ebde,2026-09-03 13:40:53,2026-08,TAMPINES,4 ROOM,131,SIMEI ST 1,10 TO 12,104.0,Model A,1988,61 years 01 month,688000,0.06079271,17621,2026,131 SIMEI ST 1 Singapore
235423,01a28ef4463a482cbd40750cdb8253418f4e262006b9ac880e96904ad8d7ec04,2026-09-03 13:40:53,2026-08,TAMPINES,4 ROOM,148,SIMEI ST 1,04 TO 06,84.0,Simplified,1988,60 years 08 months,550000,0.06079271,17621,2026,148 SIMEI ST 1 Singapore
235424,d3ee4fb562561910cdd6ec904bb3b1fbb0a6e6db32ac7bacbe8c22e35e74213c,2026-09-03 13:40:53,2026-08,TAMPINES,4 ROOM,136,SIMEI ST 1,04 TO 06,84.0,Simplified,1988,61 years 01 month,568000,0.06079271,17621,2026,136 SIMEI ST 1 Singapore
235425,bf0b31fb270c556d386076b1ac01b1e8e22882604759149d942800776e3961de,2026-09-03 13:40:53,2026-02,TAMPINES,4 ROOM,145,SIMEI ST 2,10 TO 12,84.0,Simplified,1988,61 years 01 month,618000,0.06079271,17621,2026,145 SIMEI ST 2 Singapore
235426,91f72f55eca59bcc1e87338480f349dd81e5b1b81bccaebdb4716b4c3786e2cb,2026-09-03 13:40:53,2026-06,TAMPINES,4 ROOM,142,SIMEI ST 2,01 TO 03,84.0,Simplified,1988,60 years 10 months,567000,0.06079271,17621,2026,142 SIMEI ST 2 Singapore
235427,e4a0bc999e32596da3aec7c35d98aec41ed7631f27443d83b018f509a8a68863,2026-09-03 13:40:53,2026-07,TAMPINES,4 ROOM,141,SIMEI ST 2,04 TO 06,104.0,Model A,1989,61 years 07 months,660000,0.06079271,17621,2026,141 SIMEI ST 2 Singapore
235428,72ea630abe356dddf7f59fa2eee1bec2d651073df7a58481da316eca5f872665,2026-09-03 13:40:53,2026-01,TAMPINES,4 ROOM,233,SIMEI ST 4,01 TO 03,104.0,Model A,1989,62 years 06 months,630000,0.06079271,17621,2026,233 SIMEI ST 4 Singapore
235429,386217d69c4de10afe5888225d2cbe18ea3480103b0c2eaf8c5b50cf8b9503bb,2026-09-03 13:40:53,2026-02,TAMPINES,4 ROOM,228,SIMEI ST 4,01 TO 03,104.0,Model A,1988,61 years 05 months,618000,0.06079271,17621,2026,228 SIMEI ST 4 Singapore
235430,2ab5337f58863f087d7d0778946f0846c572382fab7c1c8554974c8c8ab52295,2026-09-03 13:40:53,2026-04,TAMPINES,4 ROOM,234,SIMEI ST 4,10 TO 12,104.0,Model A,1988,61 years 03 months,735000,0.06079271,17621,2026,234 SIMEI ST 4 Singapore
235431,bea5e1eba6a5f891a1657a27e28de1aa0322969c57bb6bb70c607de3c0eed758,2026-09-03 13:40:53,2026-05,TAMPINES,4 ROOM,231,SIMEI ST 4,04 TO 06,104.0,Model A,1989,62 years,640000,0.06079271,17621,2026,231 SIMEI ST 4 Singapore
235432,4eb4e9b1f1c8c26294a9e2b384e3f2a3d99e70018e48603676f8c0d75329530e,2026-09-03 13:40:53,2026-06,TAMPINES,4 ROOM,232,SIMEI ST 4,07 TO 09,104.0,Model A,1989,62 years 02 months,715000,0.06079271,17621,2026,232 SIMEI ST 4 Singapore
235433,3e070b4037670f81568577bae56e2c9295b379259a924abd8261342be569e40b,2026-09-03 13:40:53,2026-07,TAMPINES,4 ROOM,224,SIMEI ST 4,01 TO 03,104.0,Model A,1989,62 years 01 month,637000,0.06079271,17621,2026,224 SIMEI ST 4 Singapore
235434,d1359b3dc88c8468ecf37655fbe62ca54088a16b790adeaa34a2e384a0efc5b6,2026-09-03 13:40:53,2026-03,TAMPINES,4 ROOM,243,SIMEI ST 5,01 TO 03,105.0,Model A,1997,70 years,751000,0.06079271,17621,2026,243 SIMEI ST 5 Singapore
235435,f4f27ee8ac38c630786f4ea6df96b095dcd586313bd5d393aff7f573aa7fa633,2026-09-03 13:40:53,2026-01,TAMPINES,4 ROOM,890C,TAMPINES AVE 1,10 TO 12,93.0,Model A,2015,88 years 09 months,845000,0.06079271,17621,2026,890C TAMPINES AVE 1 Singapore
235436,d4a69f45d294ea1f795e09f2e21a974aaf523da8cc3d07a0cdabf0c933664cab,2026-09-03 13:40:53,2026-01,TAMPINES,4 ROOM,890A,TAMPINES AVE 1,01 TO 03,93.0,Model A,2015,88 years 08 months,750000,0.06079271,17621,2026,890A TAMPINES AVE 1 Singapore
235437,93f22d2f1abb7b5750adc673d0dee562c4fc2c6f8451791a835f312c9dfe1583,2026-09-03 13:40:53,2026-02,TAMPINES,4 ROOM,890B,TAMPINES AVE 1,13 TO 15,93.0,Model A,2015,88 years 08 months,848000,0.06079271,17621,2026,890B TAMPINES AVE 1 Singapore
235438,668c87659bbdbdd7922d15120433c6426ced86ee2481be0eb7a9835d1ca7ef19,2026-09-03 13:40:53,2026-02,TAMPINES,4 ROOM,890A,TAMPINES AVE 1,13 TO 15,93.0,Model A,2015,88 years 08 months,842000,0.06079271,17621,2026,890A TAMPINES AVE 1 Singapore
235439,c2dafb110146a22202c85c1fa21bd32777ce9998b7d5fb5519379ea40c4aacda,2026-09-03 13:40:53,2026-02,TAMPINES,4 ROOM,890A,TAMPINES AVE 1,13 TO 15,93.0,Model A,2015,88 years 08 months,850000,0.06079271,17621,2026,890A TAMPINES AVE 1 Singapore
235440,24eb2e639f944bff31ca8e806532237bbfddf477600c39b8409e808954d6f92e,2026-09-03 13:40:53,2026-05,TAMPINES,4 ROOM,890A,TAMPINES AVE 1,01 TO 03,93.0,Model A,2015,88 years 05 months,715000,0.06079271,17621,2026,890A TAMPINES AVE 1 Singapore
235441,b7826392123c53d1ac3c7fa8aff81de43cef99c4688ab6d1efa35641b3422b57,2026-09-03 13:40:53,2026-05,TAMPINES,4 ROOM,890B,TAMPINES AVE 1,04 TO 06,93.0,Model A,2015,88 years 04 months,823000,0.06079271,17621,2026,890B TAMPINES AVE 1 Singapore
235442,ba0bac455df420d09af3966e026425863a60d795c820e7ddf4488dd7e5ef76a8,2026-09-03 13:40:53,2026-07,TAMPINES,4 ROOM,890A,TAMPINES AVE 1,04 TO 06,93.0,Model A,2015,88 years 03 months,810000,0.06079271,17621,2026,890A TAMPINES AVE 1 Singapore
235443,3a88ecd3839db7726f9c26d56ea2e966b9c3b4d34ea93e8e315d38044af2ddb1,2026-09-03 13:40:53,2026-07,TAMPINES,4 ROOM,890A,TAMPINES AVE 1,01 TO 03,93.0,Model A,2015,88 years 03 months,785000,0.06079271,17621,2026,890A TAMPINES AVE 1 Singapore
235444,8560d47818f9e4a53d37c9557030ed73db36e7de8e9c177c28392741aec91f74,2026-09-03 13:40:53,2026-07,TAMPINES,4 ROOM,890A,TAMPINES AVE 1,04 TO 06,93.0,Model A,2015,88 years 03 months,820000,0.06079271,17621,2026,890A TAMPINES AVE 1 Singapore
235445,137e9b1aa6fd49e204b29fd50be7ed1517da37c70d781116ec4b82afdb0c27b6,2026-09-03 13:40:53,2026-07,TAMPINES,4 ROOM,890A,TAMPINES AVE 1,07 TO 09,93.0,Model A,2015,88 years 02 months,842888,0.06079271,17621,2026,890A TAMPINES AVE 1 Singapore
235446,dbbf683f98f8b5cf188939c5f28e19679c63b8cc93c3d823863009110a67dce9,2026-09-03 13:40:53,2026-08,TAMPINES,4 ROOM,890A,TAMPINES AVE 1,07 TO 09,93.0,Model A,2015,88 years 02 months,777000,0.06079271,17621,2026,890A TAMPINES AVE 1 Singapore
235447,ed000a395a4b00f388fc62a488fd6c35b33cad49a0279cbe5ee57c72ae914eac,2026-09-03 13:40:53,2026-08,TAMPINES,4 ROOM,890A,TAMPINES AVE 1,10 TO 12,93.0,Model A,2015,88 years 02 months,825888,0.06079271,17621,2026,890A TAMPINES AVE 1 Singapore
235448,2b4d1f79581058f13580d63a1666b7d5d6d1eb0fce0208358565ca6ee502ebaa,2026-09-03 13:40:53,2026-08,TAMPINES,4 ROOM,622B,TAMPINES AVE 12,10 TO 12,93.0,Model A,2022,94 years 05 months,765000,0.06079271,17621,2026,622B TAMPINES AVE 12 Singapore
235449,91424c05b5158de40f4e98390e871001685ed7d8fc9c285a7ed26c082d9bdd61,2026-09-03 13:40:53,2026-01,TAMPINES,4 ROOM,808,TAMPINES AVE 4,10 TO 12,105.0,Model A,1984,57 years 04 months,685888,0.06079271,17621,2026,808 TAMPINES AVE 4 Singapore
235450,b539805d6c2a72323e4023cf56fd848932707b4f75de1a1a0a28a3b5c4837743,2026-09-03 13:40:53,2026-01,TAMPINES,4 ROOM,811,TAMPINES AVE 4,01 TO 03,91.0,New Generation,1985,58 years 02 months,590000,0.06079271,17621,2026,811 TAMPINES AVE 4 Singapore
235451,43ff5c9752a2a1f17100de233076ddb4d3e5cbdeaf3dcbaaa8f341483c86c5f0,2026-09-03 13:40:53,2026-02,TAMPINES,4 ROOM,809,TAMPINES AVE 4,01 TO 03,104.0,Model A,1984,57 years 02 months,620000,0.06079271,17621,2026,809 TAMPINES AVE 4 Singapore
235452,31f13d6ab3017abdb182b5e0a373c27e902b1b4c70cdc010f10893e41667f4fa,2026-09-03 13:40:53,2026-03,TAMPINES,4 ROOM,811,TAMPINES AVE 4,10 TO 12,91.0,New Generation,1985,58 years 01 month,636000,0.06079271,17621,2026,811 TAMPINES AVE 4 Singapore
235453,2d4b86ff31a9e96a372d5832b69bc9a306df06bbe99e161e823adfd08727f8bf,2026-09-03 13:40:53,2026-04,TAMPINES,4 ROOM,909,TAMPINES AVE 4,01 TO 03,105.0,Model A,1984,57 years,628000,0.06079271,17621,2026,909 TAMPINES AVE 4 Singapore
235454,4936cb97f3c60f739561a11a8ed2329afe01795abbe3248a5ea1feef1853e120,2026-09-03 13:40:53,2026-07,TAMPINES,4 ROOM,810,TAMPINES AVE 4,01 TO 03,105.0,Model A,1984,57 years 02 months,580000,0.06079271,17621,2026,810 TAMPINES AVE 4 Singapore
235455,abef5a393e5a3ff9e90019f9ccde23419cd7e8891db42f73285288db0cbb4cac,2026-09-03 13:40:53,2026-07,TAMPINES,4 ROOM,803,TAMPINES AVE 4,07 TO 09,100.0,New Generation,1984,57 years 05 months,635000,0.06079271,17621,2026,803 TAMPINES AVE 4 Singapore
235456,ec21ab9ecf14b7872449f1a2604e2cd447d701782ad220b6f7182f79858795de,2026-09-03 13:40:53,2026-08,TAMPINES,4 ROOM,805,TAMPINES AVE 4,07 TO 09,91.0,New Generation,1985,57 years 08 months,600000,0.06079271,17621,2026,805 TAMPINES AVE 4 Singapore
235457,7bacdd51bb216629b048c574779a78742390abb0cef9ee4f58c6caac4b3cefc6,2026-09-03 13:40:53,2026-08,TAMPINES,4 ROOM,816,TAMPINES AVE 4,13 TO 15,98.0,New Generation,1984,57 years 02 months,653888,0.06079271,17621,2026,816 TAMPINES AVE 4 Singapore
235458,c80255fa6a31022a73f843855af32dfebc318a93564ac961d51751ebd32c1388,2026-09-03 13:40:53,2026-08,TAMPINES,4 ROOM,908,TAMPINES AVE 4,04 TO 06,104.0,Model A,1983,56 years 03 months,642000,0.06079271,17621,2026,908 TAMPINES AVE 4 Singapore
235459,dad001703309921991bcf7e1cd17b0977521efef1bf28ecae15430cc68fcc469,2026-09-03 13:40:53,2026-08,TAMPINES,4 ROOM,902,TAMPINES AVE 4,13 TO 15,102.0,Model A,1984,56 years 11 months,660000,0.06079271,17621,2026,902 TAMPINES AVE 4 Singapore
235460,c3c35e652bfa7dba08f0dd91fa55a31b8ea19344eb8f96b163acf501faec12c6,2026-09-03 13:40:53,2026-01,TAMPINES,4 ROOM,859A,TAMPINES AVE 5,04 TO 06,104.0,Model A,1988,61 years 03 months,690000,0.06079271,17621,2026,859A TAMPINES AVE 5 Singapore
235461,fc4afe67c70df425a37126e550d981ad9ee432a32d659d67a7ffa50db8e7a768,2026-09-03 13:40:53,2026-02,TAMPINES,4 ROOM,859,TAMPINES AVE 5,07 TO 09,104.0,Model A,1988,61 years 06 months,675000,0.06079271,17621,2026,859 TAMPINES AVE 5 Singapore
235462,52f178563fa180a235705c4e99ff56e50de61edae7cba64d4779a8690af585fe,2026-09-03 13:40:53,2026-03,TAMPINES,4 ROOM,859A,TAMPINES AVE 5,04 TO 06,104.0,Model A,1988,61 years,666000,0.06079271,17621,2026,859A TAMPINES AVE 5 Singapore
235463,003be8b55db477919cc920f74223daf4be057076c0b4fb16d5fa4e724676a619,2026-09-03 13:40:53,2026-04,TAMPINES,4 ROOM,861A,TAMPINES AVE 5,07 TO 09,104.0,Model A,1988,61 years 06 months,658000,0.06079271,17621,2026,861A TAMPINES AVE 5 Singapore
235464,dc463143db409f856d2f5a61fb1151412da8647672e129915cee46866d8e46bc,2026-09-03 13:40:53,2026-04,TAMPINES,4 ROOM,861,TAMPINES AVE 5,07 TO 09,104.0,Model A,1988,61 years 03 months,687000,0.06079271,17621,2026,861 TAMPINES AVE 5 Singapore
235465,e7fac3f2a38aeb616fce62370abfb7836f6e08cc6875b7536fe94c8f06828b12,2026-09-03 13:40:53,2026-05,TAMPINES,4 ROOM,861,TAMPINES AVE 5,07 TO 09,104.0,Model A,1988,61 years 02 months,650133,0.06079271,17621,2026,861 TAMPINES AVE 5 Singapore
235466,7c5a39b1652aad01be571ea4e1729dbbeeec394a2e6cd705efd28c4c82da1125,2026-09-03 13:40:53,2026-08,TAMPINES,4 ROOM,860B,TAMPINES AVE 5,01 TO 03,108.0,Model A,1987,60 years 02 months,640000,0.06079271,17621,2026,860B TAMPINES AVE 5 Singapore
235467,9398911456a509c1b3098d772680423a41829129033b76d27e94b72547489364,2026-09-03 13:40:53,2026-03,TAMPINES,4 ROOM,395,TAMPINES AVE 7,04 TO 06,107.0,Model A,1994,67 years 08 months,652000,0.06079271,17621,2026,395 TAMPINES AVE 7 Singapore
235468,f02ecbcd74a24ca8c9efa618351cdf595f51c355aa5f00a1c4d8d2e1a2eb81f1,2026-09-03 13:40:53,2026-01,TAMPINES,4 ROOM,876A,TAMPINES AVE 8,10 TO 12,93.0,Model A,2021,94 years 10 months,775000,0.06079271,17621,2026,876A TAMPINES AVE 8 Singapore
235469,4801155cd7decefde13b1801ed71d0a43b8c0e04e514d603a0c88abb4ea05c7e,2026-09-03 13:40:53,2026-01,TAMPINES,4 ROOM,879B,TAMPINES AVE 8,10 TO 12,93.0,Model A,2017,90 years 06 months,770000,0.06079271,17621,2026,879B TAMPINES AVE 8 Singapore
235470,f37000dd5309888b77b428b855433bc7860dd493a1732dab897dc83a54480b41,2026-09-03 13:40:53,2026-01,TAMPINES,4 ROOM,869A,TAMPINES AVE 8,13 TO 15,92.0,Model A,2015,88 years 06 months,750000,0.06079271,17621,2026,869A TAMPINES AVE 8 Singapore
235471,afe43b25bc89ade767c8f71c0f0da35c627c906b4a43ef6ea6aad704cbf2c94c,2026-09-03 13:40:53,2026-01,TAMPINES,4 ROOM,876A,TAMPINES AVE 8,01 TO 03,93.0,Model A,2021,94 years 10 months,770888,0.06079271,17621,2026,876A TAMPINES AVE 8 Singapore
235472,d8b841f377dd9d94f37af4d2442c2e61aa64e40710643e4c66374af2beb31e23,2026-09-03 13:40:53,2026-01,TAMPINES,4 ROOM,876A,TAMPINES AVE 8,04 TO 06,93.0,Model A,2021,94 years 09 months,738000,0.06079271,17621,2026,876A TAMPINES AVE 8 Singapore
235473,9431db80e094eefd3e85aecbdd48aef6282ef99f9657a821d71dc77a5983621c,2026-09-03 13:40:53,2026-01,TAMPINES,4 ROOM,891,TAMPINES AVE 8,04 TO 06,100.0,Model A,1997,70 years 04 months,630000,0.06079271,17621,2026,891 TAMPINES AVE 8 Singapore
235474,a21ce58fec67fb331274046cdf342dbea5c717cd93ea3b32058cf2c6bca86889,2026-09-03 13:40:53,2026-01,TAMPINES,4 ROOM,876C,TAMPINES AVE 8,13 TO 15,93.0,Model A,2021,94 years 09 months,768000,0.06079271,17621,2026,876C TAMPINES AVE 8 Singapore
235475,bc1baddd1018e68273342b55f0adcf1191f1bba4ddd00282a50955ebc3231ae7,2026-09-03 13:40:53,2026-01,TAMPINES,4 ROOM,876A,TAMPINES AVE 8,13 TO 15,93.0,Model A,2021,94 years 09 months,800000,0.06079271,17621,2026,876A TAMPINES AVE 8 Singapore
235476,475071c4b68876fdb053c15fc292341f071d2b3c14387be7b28871956dd6c8d7,2026-09-03 13:40:53,2026-02,TAMPINES,4 ROOM,891,TAMPINES AVE 8,04 TO 06,101.0,Model A,1997,70 years 04 months,650000,0.06079271,17621,2026,891 TAMPINES AVE 8 Singapore
235477,df400d2e5529cb8db550e0027e6f56606ab71ee8b72b96b956b52d827ce16165,2026-09-03 13:40:53,2026-02,TAMPINES,4 ROOM,876A,TAMPINES AVE 8,13 TO 15,93.0,Model A,2021,94 years 10 months,763888,0.06079271,17621,2026,876A TAMPINES AVE 8 Singapore
235478,3e56a06f6f54fe2739ae13834bfbebc49450af0e8a45520122b9717e555e552b,2026-09-03 13:40:53,2026-02,TAMPINES,4 ROOM,876A,TAMPINES AVE 8,04 TO 06,93.0,Model A,2021,94 years 09 months,765000,0.06079271,17621,2026,876A TAMPINES AVE 8 Singapore
235479,efe95eb7a0c63ba37925c95e6df10e5b37166bf7c97635baddd0477fcafb1ca8,2026-09-03 13:40:53,2026-02,TAMPINES,4 ROOM,891,TAMPINES AVE 8,01 TO 03,101.0,Model A,1997,70 years 04 months,675000,0.06079271,17621,2026,891 TAMPINES AVE 8 Singapore
235480,51024c094a0556ee2dd447d6aa870e7a907f0d34f39cbf524075f3680413172e,2026-09-03 13:40:53,2026-02,TAMPINES,4 ROOM,876A,TAMPINES AVE 8,01 TO 03,93.0,Model A,2021,94 years 09 months,711000,0.06079271,17621,2026,876A TAMPINES AVE 8 Singapore
235481,ea56e7c0818b278b0d7e88a0501eafaad31e62a9d7823935f3fe8a7d49565b48,2026-09-03 13:40:53,2026-02,TAMPINES,4 ROOM,876C,TAMPINES AVE 8,10 TO 12,93.0,Model A,2021,94 years 08 months,788888,0.06079271,17621,2026,876C TAMPINES AVE 8 Singapore
235482,9540408305ecabad9574044e5054d114f1f83c83042f50ad7bde0bdb56d49d09,2026-09-03 13:40:53,2026-02,TAMPINES,4 ROOM,876C,TAMPINES AVE 8,07 TO 09,93.0,Model A,2021,94 years 08 months,770000,0.06079271,17621,2026,876C TAMPINES AVE 8 Singapore
235483,0a322d359a20e4c990475747c4c4066e8ba9823401e836e342a623e4d8a4453e,2026-09-03 13:40:53,2026-03,TAMPINES,4 ROOM,868B,TAMPINES AVE 8,04 TO 06,92.0,Model A,2015,88 years 04 months,735000,0.06079271,17621,2026,868B TAMPINES AVE 8 Singapore
235484,8bcf27f7fd127ac99bf8f03763af20a2e11c6d82aa85b30ed47fe8c0b716f8f8,2026-09-03 13:40:53,2026-03,TAMPINES,4 ROOM,876C,TAMPINES AVE 8,04 TO 06,93.0,Model A,2021,94 years 08 months,710000,0.06079271,17621,2026,876C TAMPINES AVE 8 Singapore
235485,166933140f84d5e4abf1b1d1ad234d27079cd48188a6c68e13ce4b443ed4d334,2026-09-03 13:40:53,2026-03,TAMPINES,4 ROOM,879B,TAMPINES AVE 8,13 TO 15,93.0,Model A,2017,90 years 04 months,770000,0.06079271,17621,2026,879B TAMPINES AVE 8 Singapore
235486,659e6d042b17b73bb1e9b55aeec705b1ef2d26ba8471f528db1141c8b4912c68,2026-09-03 13:40:53,2026-03,TAMPINES,4 ROOM,879,TAMPINES AVE 8,07 TO 09,104.0,Model A,1988,61 years 05 months,628000,0.06079271,17621,2026,879 TAMPINES AVE 8 Singapore
235487,e4c8471025aec5ed7a1c64408d019e609a1e749b4904981ac611cbdda9f73f5f,2026-09-03 13:40:53,2026-03,TAMPINES,4 ROOM,876C,TAMPINES AVE 8,13 TO 15,93.0,Model A,2021,94 years 07 months,793888,0.06079271,17621,2026,876C TAMPINES AVE 8 Singapore
235488,d641790f4ebe2a5f7c95e4ec7b632c65bf746db245806d0f17df92dd5a1cd6eb,2026-09-03 13:40:53,2026-03,TAMPINES,4 ROOM,876A,TAMPINES AVE 8,10 TO 12,93.0,Model A,2021,94 years 08 months,770000,0.06079271,17621,2026,876A TAMPINES AVE 8 Singapore
235489,93311b6d3d9fe9f36eafead02ca913d50c9abdf2a100818f5757864a23a7c553,2026-09-03 13:40:53,2026-03,TAMPINES,4 ROOM,876C,TAMPINES AVE 8,10 TO 12,93.0,Model A,2021,94 years 08 months,770000,0.06079271,17621,2026,876C TAMPINES AVE 8 Singapore
235490,d4e10feb851249150c3beef0a47f4a4cc4e092d68ec9206b4b9c60dabfc06c55,2026-09-03 13:40:53,2026-03,TAMPINES,4 ROOM,876C,TAMPINES AVE 8,07 TO 09,93.0,Model A,2021,94 years 07 months,750000,0.06079271,17621,2026,876C TAMPINES AVE 8 Singapore
235491,d9d43fce41c189d7492c568c36754cc3c05c10e5bcbe041c53cc523aa81477b3,2026-09-03 13:40:53,2026-04,TAMPINES,4 ROOM,879B,TAMPINES AVE 8,10 TO 12,93.0,Model A,2017,90 years 03 months,780000,0.06079271,17621,2026,879B TAMPINES AVE 8 Singapore
235492,f7d9dae7f366a88604be2461b692300b2c31ebc7c4d48fdb97a1315574f9b163,2026-09-03 13:40:53,2026-04,TAMPINES,4 ROOM,876C,TAMPINES AVE 8,10 TO 12,93.0,Model A,2021,94 years 06 months,790000,0.06079271,17621,2026,876C TAMPINES AVE 8 Singapore
235493,53ed9063f992fd212082da5f6796b7ec1a9e0e159eff4e91f20569bb1348e719,2026-09-03 13:40:53,2026-05,TAMPINES,4 ROOM,869A,TAMPINES AVE 8,04 TO 06,92.0,Model A,2015,88 years 02 months,725000,0.06079271,17621,2026,869A TAMPINES AVE 8 Singapore
235494,d1001bc26988e7f61c948ca81ec4c5a702bf3d19fbca9417a9c14952b6accbb0,2026-09-03 13:40:53,2026-05,TAMPINES,4 ROOM,868B,TAMPINES AVE 8,04 TO 06,92.0,Model A,2015,88 years 02 months,735000,0.06079271,17621,2026,868B TAMPINES AVE 8 Singapore
235495,6fc8689935e53714ee02a1fe4c781f7ca819c751ce397189fbcf31d55e8754e3,2026-09-03 13:40:53,2026-05,TAMPINES,4 ROOM,879B,TAMPINES AVE 8,04 TO 06,93.0,Model A,2017,90 years 02 months,725000,0.06079271,17621,2026,879B TAMPINES AVE 8 Singapore
235496,370198e6d5bce7d75711c877000446f0f69a5046a9cf8b92df39eb33913c077f,2026-09-03 13:40:53,2026-06,TAMPINES,4 ROOM,868A,TAMPINES AVE 8,16 TO 18,92.0,Model A,2015,88 years 01 month,765000,0.06079271,17621,2026,868A TAMPINES AVE 8 Singapore
235497,2df563f5d9d344b9a0883825c5a22b54247d2b17c88176631ee54e52670a0375,2026-09-03 13:40:53,2026-06,TAMPINES,4 ROOM,876C,TAMPINES AVE 8,07 TO 09,93.0,Model A,2021,94 years 05 months,760000,0.06079271,17621,2026,876C TAMPINES AVE 8 Singapore
235498,9f65f4b7aef65fbc3a610e46466bfbf67c3309a9e842292d1ecb2f4ef9336326,2026-09-03 13:40:53,2026-06,TAMPINES,4 ROOM,879,TAMPINES AVE 8,01 TO 03,104.0,Model A,1988,61 years 02 months,605000,0.06079271,17621,2026,879 TAMPINES AVE 8 Singapore
235499,91781d515e7ad25aabdd693a750d484daf1c77613ddede85d6804d859064046e,2026-09-03 13:40:53,2026-07,TAMPINES,4 ROOM,878A,TAMPINES AVE 8,10 TO 12,93.0,Model A,2017,90 years,770000,0.06079271,17621,2026,878A TAMPINES AVE 8 Singapore
235500,05063e44ca78569809de9de3617374607e6b57df5a5e0d0a9f9d7fff1da1e7e7,2026-09-03 13:40:53,2026-07,TAMPINES,4 ROOM,879,TAMPINES AVE 8,10 TO 12,103.0,Model A,1988,61 years 01 month,675000,0.06079271,17621,2026,879 TAMPINES AVE 8 Singapore
235501,9f6d4ce8b2b63569e697f25eaa07c6c9e4a72a42bec6cf915adfac1da8d300fc,2026-09-03 13:40:53,2026-07,TAMPINES,4 ROOM,868B,TAMPINES AVE 8,07 TO 09,92.0,Model A,2015,88 years,750000,0.06079271,17621,2026,868B TAMPINES AVE 8 Singapore
235502,994eb77514576addee5f8d3c01ea1a68e7c9bd4431d39d376bf4b9b9b1745fbd,2026-09-03 13:40:53,2026-07,TAMPINES,4 ROOM,879B,TAMPINES AVE 8,07 TO 09,93.0,Model A,2017,90 years,742888,0.06079271,17621,2026,879B TAMPINES AVE 8 Singapore
235503,5d2bf428d23572db38375ccc0d256c9555beb43fb2c8f270e12326dc83238ac0,2026-09-03 13:40:53,2026-08,TAMPINES,4 ROOM,876C,TAMPINES AVE 8,01 TO 03,93.0,Model A,2021,94 years 03 months,695888,0.06079271,17621,2026,876C TAMPINES AVE 8 Singapore
235504,f11d20b545cd6a0b6103615e43ff71c282bba1d6e5d6f882b8b7be3247c30dbe,2026-09-03 13:40:53,2026-08,TAMPINES,4 ROOM,876A,TAMPINES AVE 8,04 TO 06,93.0,Model A,2021,94 years 03 months,750000,0.06079271,17621,2026,876A TAMPINES AVE 8 Singapore
235505,b417cf670e0afc95ffd4553c8f00bec83a67f2f408390c7d6adc9f9cfb23b1cf,2026-09-03 13:40:53,2026-08,TAMPINES,4 ROOM,880A,TAMPINES AVE 8,01 TO 03,104.0,Model A,1988,60 years 09 months,600000,0.06079271,17621,2026,880A TAMPINES AVE 8 Singapore
235506,0db305cb3e4e7670b80bb51c2263c30aa3493cda8fc72d36e1ff3d26f2a570a6,2026-09-03 13:40:53,2026-08,TAMPINES,4 ROOM,880A,TAMPINES AVE 8,04 TO 06,104.0,Model A,1988,60 years 09 months,600000,0.06079271,17621,2026,880A TAMPINES AVE 8 Singapore
235507,64e802a89a5c0693f58d417013039a78c1974afd2da88c1f45aec4f8ec121a12,2026-09-03 13:40:53,2026-08,TAMPINES,4 ROOM,879A,TAMPINES AVE 8,07 TO 09,93.0,Model A,2017,89 years 11 months,765000,0.06079271,17621,2026,879A TAMPINES AVE 8 Singapore
235508,c2cb1c1d53f68c87d630dab1b74ca8baebc97ceb5cd8113d71ada2d3d82ec76d,2026-09-03 13:40:53,2026-08,TAMPINES,4 ROOM,891,TAMPINES AVE 8,01 TO 03,101.0,Model A,1997,69 years 10 months,620000,0.06079271,17621,2026,891 TAMPINES AVE 8 Singapore
235509,085580f0c62120a87c55588e2fdcf5479d1c74a08eca675e509cabc945b4e174,2026-09-03 13:40:53,2026-08,TAMPINES,4 ROOM,868A,TAMPINES AVE 8,10 TO 12,92.0,Model A,2015,87 years 10 months,725000,0.06079271,17621,2026,868A TAMPINES AVE 8 Singapore
235510,15aa8ae4fe8e2b48a562e6b079b684e5feb3522f0bc5d7a70f028e9b8232b0d8,2026-09-03 13:40:53,2026-08,TAMPINES,4 ROOM,891,TAMPINES AVE 8,10 TO 12,100.0,Model A,1997,69 years 09 months,650000,0.06079271,17621,2026,891 TAMPINES AVE 8 Singapore
235511,a9aaddd40654b9dee2a50de073a589aa1253e0faf8e71ef35b566328a8f8527a,2026-09-03 13:40:53,2026-08,TAMPINES,4 ROOM,879A,TAMPINES AVE 8,01 TO 03,93.0,Model A,2017,89 years 10 months,710000,0.06079271,17621,2026,879A TAMPINES AVE 8 Singapore
235512,cc8de6554810842c251d96839425b80e7909fcff14932eebca89e63cd5d95c91,2026-09-03 13:40:53,2026-01,TAMPINES,4 ROOM,601C,TAMPINES AVE 9,04 TO 06,92.0,Model A,2020,93 years 02 months,806000,0.06079271,17621,2026,601C TAMPINES AVE 9 Singapore
235513,e930386896a9274ca31a9a9837d4ddb17d229ab7c922217b15dd0f60587f0338,2026-09-03 13:40:53,2026-02,TAMPINES,4 ROOM,604B,TAMPINES AVE 9,10 TO 12,92.0,Model A,2020,93 years 02 months,740000,0.06079271,17621,2026,604B TAMPINES AVE 9 Singapore
235514,571614e19c44b321bb67a04cacafbf199ec5fdeb4c0cbebf3869581f770bf81b,2026-09-03 13:40:53,2026-02,TAMPINES,4 ROOM,604B,TAMPINES AVE 9,13 TO 15,92.0,Model A,2020,93 years 01 month,790000,0.06079271,17621,2026,604B TAMPINES AVE 9 Singapore
235515,02c64f96344e392684a11f56addeddc37b16bdeca1e3271ce03c550e464b82a2,2026-09-03 13:40:53,2026-02,TAMPINES,4 ROOM,604A,TAMPINES AVE 9,01 TO 03,92.0,Model A,2020,93 years,680000,0.06079271,17621,2026,604A TAMPINES AVE 9 Singapore
235516,e44e96333b38a8f75446dc5fd5b65a80696d523ee84888eb93726d834fd47a2e,2026-09-03 13:40:53,2026-03,TAMPINES,4 ROOM,601B,TAMPINES AVE 9,04 TO 06,92.0,Model A,2020,92 years 11 months,760000,0.06079271,17621,2026,601B TAMPINES AVE 9 Singapore
235517,799ee18d5d9b30fa1667d7352595775150d53a9e9d4d961a0c5bcaa1324a8eae,2026-09-03 13:40:53,2026-03,TAMPINES,4 ROOM,601C,TAMPINES AVE 9,13 TO 15,92.0,Model A,2020,92 years 11 months,820000,0.06079271,17621,2026,601C TAMPINES AVE 9 Singapore
235518,47dc934cca0af4939660e043729215af86d24306bbffcef41207657b5fbdf906,2026-09-03 13:40:53,2026-04,TAMPINES,4 ROOM,486C,TAMPINES AVE 9,10 TO 12,108.0,Model A,1993,66 years 05 months,611000,0.06079271,17621,2026,486C TAMPINES AVE 9 Singapore
235519,8ab41c707eb702dae12dc89111725998e4a4f0e5478930331a45d93c9d753017,2026-09-03 13:40:53,2026-05,TAMPINES,4 ROOM,496E,TAMPINES AVE 9,04 TO 06,107.0,Model A,1993,66 years 03 months,623000,0.06079271,17621,2026,496E TAMPINES AVE 9 Singapore
235520,c150ca90a090f5df6dd944917b3e2191379c3336cabcde8a099b01da96d7be4a,2026-09-03 13:40:53,2026-05,TAMPINES,4 ROOM,496G,TAMPINES AVE 9,01 TO 03,106.0,Model A,1993,66 years 03 months,600000,0.06079271,17621,2026,496G TAMPINES AVE 9 Singapore
235521,7d4ca096d17de91c51eecf1d5ed3100efe5e9dfd41a78663385f5327e911e3a4,2026-09-03 13:40:53,2026-05,TAMPINES,4 ROOM,601A,TAMPINES AVE 9,13 TO 15,92.0,Model A,2020,92 years 11 months,780000,0.06079271,17621,2026,601A TAMPINES AVE 9 Singapore
235522,2db8a89bd6eb69a74e92161cff0db64a9044ea88b16fce677f7dc783e721d36b,2026-09-03 13:40:53,2026-05,TAMPINES,4 ROOM,601A,TAMPINES AVE 9,10 TO 12,92.0,Model A,2020,92 years 10 months,785000,0.06079271,17621,2026,601A TAMPINES AVE 9 Singapore
235523,4240485fafb754b88d4923aa33a698c12871a6dc93d247bed70e6ebe5297504d,2026-09-03 13:40:53,2026-06,TAMPINES,4 ROOM,496E,TAMPINES AVE 9,07 TO 09,107.0,Model A,1993,66 years 02 months,625800,0.06079271,17621,2026,496E TAMPINES AVE 9 Singapore
235524,aafae345120b2b4605649d4b2bfb2b48e08120a04f97b993630ce6637a2a939d,2026-09-03 13:40:53,2026-07,TAMPINES,4 ROOM,604A,TAMPINES AVE 9,07 TO 09,92.0,Model A,2020,92 years 08 months,785000,0.06079271,17621,2026,604A TAMPINES AVE 9 Singapore
235525,6f7e02f34cb9b74576fa84415c9fde9bbcc45f108f0f864c3edc5356767649fc,2026-09-03 13:40:53,2026-08,TAMPINES,4 ROOM,493B,TAMPINES AVE 9,07 TO 09,105.0,Model A,1993,66 years,655000,0.06079271,17621,2026,493B TAMPINES AVE 9 Singapore
235526,7c5ddc98393f816151a145e85bfc25e467472ed34f81f571d176e4ed34d2e1b4,2026-09-03 13:40:53,2026-08,TAMPINES,4 ROOM,604B,TAMPINES AVE 9,13 TO 15,92.0,Model A,2020,92 years 06 months,800000,0.06079271,17621,2026,604B TAMPINES AVE 9 Singapore
235527,369b4b9d6e1a68ad75de0cb09a7e5f04195bf805424822f4d4152ac814f0c5c8,2026-09-03 13:40:53,2026-08,TAMPINES,4 ROOM,601A,TAMPINES AVE 9,01 TO 03,92.0,Model A,2020,92 years 06 months,750000,0.06079271,17621,2026,601A TAMPINES AVE 9 Singapore
235528,26dd8972416412eaf11f1764cfd1f282073c43782a9c40534b398133da030e3f,2026-09-03 13:40:53,2026-01,TAMPINES,4 ROOM,503,TAMPINES CTRL 1,01 TO 03,96.0,New Generation,1990,63 years 02 months,608000,0.06079271,17621,2026,503 TAMPINES CTRL 1 Singapore
235529,ab6536a520fb118bfc8600d21bb6b5b1ddc1b6b567913848bdd7bbae50d32889,2026-09-03 13:40:53,2026-04,TAMPINES,4 ROOM,503,TAMPINES CTRL 1,01 TO 03,94.0,New Generation,1990,62 years 11 months,635000,0.06079271,17621,2026,503 TAMPINES CTRL 1 Singapore
235530,fd772bd96479f2be49f83ebc87674a0d1b692691a35671ac7fd141ec7b24543a,2026-09-03 13:40:53,2026-04,TAMPINES,4 ROOM,503,TAMPINES CTRL 1,01 TO 03,109.0,Model A,1990,62 years 10 months,711888,0.06079271,17621,2026,503 TAMPINES CTRL 1 Singapore
235531,8b8ba1fd13a86cc1594b87d90a218528e8957ad59cf3e9eac7a654bd62c9c21d,2026-09-03 13:40:53,2026-05,TAMPINES,4 ROOM,503,TAMPINES CTRL 1,04 TO 06,105.0,Model A,1990,62 years 09 months,680000,0.06079271,17621,2026,503 TAMPINES CTRL 1 Singapore
235532,d6e97501ddc83b321067a7a4758d577eb29c95398915be833efe6effb9d318c6,2026-09-03 13:40:53,2026-06,TAMPINES,4 ROOM,503,TAMPINES CTRL 1,01 TO 03,105.0,Model A,1990,62 years 09 months,690000,0.06079271,17621,2026,503 TAMPINES CTRL 1 Singapore
235533,567e8e71bdc46ce65a924e7d637c0e6ee71af02b48c0b56d0f82236e9d5b47de,2026-09-03 13:40:53,2026-08,TAMPINES,4 ROOM,503,TAMPINES CTRL 1,07 TO 09,107.0,Model A,1990,62 years 07 months,768000,0.06079271,17621,2026,503 TAMPINES CTRL 1 Singapore
235534,d9a3731d52d1ea277aa569f47811c0ffc0875033dc3ea95d84127f45d203f9cb,2026-09-03 13:40:53,2026-01,TAMPINES,4 ROOM,518A,TAMPINES CTRL 7,16 TO 18,92.0,DBSS,2008,82 years,840000,0.06079271,17621,2026,518A TAMPINES CTRL 7 Singapore
235535,530d0bbe6f4123136a55ac8bcf5f42dee82b36e44440bdca406e43041be1ae96,2026-09-03 13:40:53,2026-01,TAMPINES,4 ROOM,524A,TAMPINES CTRL 7,07 TO 09,93.0,Model A,2015,88 years 08 months,792000,0.06079271,17621,2026,524A TAMPINES CTRL 7 Singapore
235536,87dd67d340ab086a910624021cb8ab74bfebc793a563f739b17d785b182ef43a,2026-09-03 13:40:53,2026-01,TAMPINES,4 ROOM,523C,TAMPINES CTRL 7,04 TO 06,93.0,Model A,2015,88 years 08 months,787000,0.06079271,17621,2026,523C TAMPINES CTRL 7 Singapore
235537,16b639aeb4772a69afdcca55e5901e5bde7b2d2af5139a0979f36257916f584d,2026-09-03 13:40:53,2026-01,TAMPINES,4 ROOM,522A,TAMPINES CTRL 7,07 TO 09,93.0,Model A,2015,88 years 08 months,800000,0.06079271,17621,2026,522A TAMPINES CTRL 7 Singapore
235538,ba65af4675776aa1693039d631eba3719946443a2b4f23d27cf2587a94d824c6,2026-09-03 13:40:53,2026-03,TAMPINES,4 ROOM,522B,TAMPINES CTRL 7,13 TO 15,93.0,Model A,2015,88 years 06 months,808000,0.06079271,17621,2026,522B TAMPINES CTRL 7 Singapore
235539,32dcf9b57d750b4095ddb787bef21cf2bc9a9f726703067c36a37c247e02eb9a,2026-09-03 13:40:53,2026-04,TAMPINES,4 ROOM,524A,TAMPINES CTRL 7,01 TO 03,93.0,Model A,2015,88 years 05 months,730000,0.06079271,17621,2026,524A TAMPINES CTRL 7 Singapore
235540,06548865268990870962af7cc7d9d4e918a09edb2f244b1e3d9850631b190245,2026-09-03 13:40:53,2026-05,TAMPINES,4 ROOM,518A,TAMPINES CTRL 7,13 TO 15,92.0,DBSS,2008,81 years 08 months,845000,0.06079271,17621,2026,518A TAMPINES CTRL 7 Singapore
235541,8d761af626cb007dcc3930b4aa2a44e7fa808707617db304e73518f1161a2742,2026-09-03 13:40:53,2026-05,TAMPINES,4 ROOM,523A,TAMPINES CTRL 7,01 TO 03,93.0,Model A,2015,88 years 04 months,700000,0.06079271,17621,2026,523A TAMPINES CTRL 7 Singapore
235542,cc480bbce8b40781b2f28a4a22bef65b383afdc9ee7adfb250e641f21b57aeb2,2026-09-03 13:40:53,2026-05,TAMPINES,4 ROOM,522C,TAMPINES CTRL 7,13 TO 15,93.0,Model A,2015,88 years 04 months,806000,0.06079271,17621,2026,522C TAMPINES CTRL 7 Singapore
235543,80d633be52a261ded5274963644f369aab9d4e67658e83e4836a6113a29370d2,2026-09-03 13:40:53,2026-06,TAMPINES,4 ROOM,518A,TAMPINES CTRL 7,07 TO 09,92.0,DBSS,2008,81 years 08 months,850000,0.06079271,17621,2026,518A TAMPINES CTRL 7 Singapore
235544,3296fa2d40735d277a3f116b237892bad88dc6c221e66731c95d921dde23283a,2026-09-03 13:40:53,2026-06,TAMPINES,4 ROOM,522C,TAMPINES CTRL 7,10 TO 12,93.0,Model A,2015,88 years 03 months,810000,0.06079271,17621,2026,522C TAMPINES CTRL 7 Singapore
235545,78e14b01ec839c4b39fd4261355152a66bc3a8979641d37c20e23ecd9a4c175c,2026-09-03 13:40:53,2026-06,TAMPINES,4 ROOM,522A,TAMPINES CTRL 7,16 TO 18,93.0,Model A,2015,88 years 03 months,868000,0.06079271,17621,2026,522A TAMPINES CTRL 7 Singapore
235546,2a110335d28dbdadada064968bdddb988a0b707fdae42802e0a00f06f8addb01,2026-09-03 13:40:53,2026-06,TAMPINES,4 ROOM,523D,TAMPINES CTRL 7,13 TO 15,93.0,Model A,2015,88 years 02 months,800888,0.06079271,17621,2026,523D TAMPINES CTRL 7 Singapore
235547,638a4bef33cb742ec6de329a03796d6a89c389f2423e833da14053627e0248e2,2026-09-03 13:40:53,2026-06,TAMPINES,4 ROOM,522B,TAMPINES CTRL 7,16 TO 18,93.0,Model A,2015,88 years 03 months,825000,0.06079271,17621,2026,522B TAMPINES CTRL 7 Singapore
235548,724f043d77829e5333c748660e43a974f30776ce9b49f2a70d7c40a335739e71,2026-09-03 13:40:53,2026-08,TAMPINES,4 ROOM,523D,TAMPINES CTRL 7,13 TO 15,93.0,Model A,2015,88 years 01 month,828000,0.06079271,17621,2026,523D TAMPINES CTRL 7 Singapore
235549,bc2c761659d7989aeb812091b5acf8d4788a749889ff4ca46abc46c8f6b91d32,2026-09-03 13:40:53,2026-08,TAMPINES,4 ROOM,523D,TAMPINES CTRL 7,07 TO 09,93.0,Model A,2015,88 years,788000,0.06079271,17621,2026,523D TAMPINES CTRL 7 Singapore
235550,b3fb9cb4a08106ab1f3dd419cb07f9871eb79e864023c4e07872420a57d456c7,2026-09-03 13:40:53,2026-01,TAMPINES,4 ROOM,519B,TAMPINES CTRL 8,01 TO 03,84.0,DBSS,2014,87 years 06 months,785000,0.06079271,17621,2026,519B TAMPINES CTRL 8 Singapore
235551,152e1b5d9feee89e7aafbbfbe37818cbb2d1f7608ad9f73b1ce2944bf30fbdb9,2026-09-03 13:40:53,2026-01,TAMPINES,4 ROOM,519B,TAMPINES CTRL 8,04 TO 06,84.0,DBSS,2014,87 years 06 months,835000,0.06079271,17621,2026,519B TAMPINES CTRL 8 Singapore
235552,20b65244ee89cc0e5407da6d636928f19e24c11de6f46bd32f323c29974ca0db,2026-09-03 13:40:53,2026-02,TAMPINES,4 ROOM,520A,TAMPINES CTRL 8,10 TO 12,84.0,DBSS,2014,87 years 05 months,862888,0.06079271,17621,2026,520A TAMPINES CTRL 8 Singapore
235553,6ed90c0ce6fcd034007a1e23ca2a68d6474d080ce8b39650e9df29c507825847,2026-09-03 13:40:53,2026-03,TAMPINES,4 ROOM,519B,TAMPINES CTRL 8,07 TO 09,84.0,DBSS,2014,87 years 04 months,851500,0.06079271,17621,2026,519B TAMPINES CTRL 8 Singapore
235554,620174737ff668b8b7c6b56b204c93837ab51e8d0fc6da5477bccbf6a225ef3e,2026-09-03 13:40:53,2026-03,TAMPINES,4 ROOM,519A,TAMPINES CTRL 8,04 TO 06,84.0,DBSS,2014,87 years 04 months,865000,0.06079271,17621,2026,519A TAMPINES CTRL 8 Singapore
235555,bff32ce982cbdca8c61354c6e92949ec5ab73a18ea05de28a46c26fe3efad691,2026-09-03 13:40:53,2026-03,TAMPINES,4 ROOM,519C,TAMPINES CTRL 8,04 TO 06,84.0,DBSS,2014,87 years 03 months,848000,0.06079271,17621,2026,519C TAMPINES CTRL 8 Singapore
235556,f1a2dd713e77e38b95224f08a35e29607d9b1c6d28b7c2191899eea68a2b6832,2026-09-03 13:40:53,2026-04,TAMPINES,4 ROOM,519C,TAMPINES CTRL 8,13 TO 15,83.0,DBSS,2014,87 years 03 months,910000,0.06079271,17621,2026,519C TAMPINES CTRL 8 Singapore
235557,472ea631e6deec5659d30712476d678ca685c660c422e043a68509c87bff7451,2026-09-03 13:40:53,2026-04,TAMPINES,4 ROOM,519B,TAMPINES CTRL 8,04 TO 06,84.0,DBSS,2014,87 years 03 months,826666,0.06079271,17621,2026,519B TAMPINES CTRL 8 Singapore
235558,ea7ab985f316b7991c8d377946424566717dd4129910d559794e828df778645e,2026-09-03 13:40:53,2026-05,TAMPINES,4 ROOM,519A,TAMPINES CTRL 8,13 TO 15,83.0,DBSS,2014,87 years 02 months,860000,0.06079271,17621,2026,519A TAMPINES CTRL 8 Singapore
235559,631802af3c366a8f0f4ffb57b3150d242f8830b06de589072d327562f252f2f9,2026-09-03 13:40:53,2026-05,TAMPINES,4 ROOM,519C,TAMPINES CTRL 8,07 TO 09,84.0,DBSS,2014,87 years 02 months,865000,0.06079271,17621,2026,519C TAMPINES CTRL 8 Singapore
235560,536c9a40723b583ce0d94fae677d9ded4e387fc57404c48819f3aa74e1526d31,2026-09-03 13:40:53,2026-05,TAMPINES,4 ROOM,519B,TAMPINES CTRL 8,04 TO 06,84.0,DBSS,2014,87 years 02 months,835000,0.06079271,17621,2026,519B TAMPINES CTRL 8 Singapore
235561,cadd7e8246bf4ec1ba0c660201d04181810dd7fd906d8048835316c86fdf13de,2026-09-03 13:40:53,2026-05,TAMPINES,4 ROOM,519A,TAMPINES CTRL 8,10 TO 12,83.0,DBSS,2014,87 years 01 month,875000,0.06079271,17621,2026,519A TAMPINES CTRL 8 Singapore
235562,7d7b6b2c84f8e05f8acb289ad2cfdb84a6952a57f9a3e6cbde048fe39d064cde,2026-09-03 13:40:53,2026-06,TAMPINES,4 ROOM,519C,TAMPINES CTRL 8,07 TO 09,84.0,DBSS,2014,87 years 01 month,885000,0.06079271,17621,2026,519C TAMPINES CTRL 8 Singapore
235563,2e216e1335da2e9a7b8bbecaa99275cf24ab07c86d5eaf2ec65b735b33ca70cb,2026-09-03 13:40:53,2026-06,TAMPINES,4 ROOM,520C,TAMPINES CTRL 8,10 TO 12,84.0,DBSS,2014,87 years 01 month,898000,0.06079271,17621,2026,520C TAMPINES CTRL 8 Singapore
235564,a5af4fc358f0219befba4059dea5be22ad738a0728bfb205b32b817d63cddb5b,2026-09-03 13:40:53,2026-07,TAMPINES,4 ROOM,519C,TAMPINES CTRL 8,13 TO 15,84.0,DBSS,2014,87 years,850000,0.06079271,17621,2026,519C TAMPINES CTRL 8 Singapore
235565,f965d515ae046926739071680768e7cb91e07ddc3fcba64bd2e1cb9b8b543d0f,2026-09-03 13:40:53,2026-08,TAMPINES,4 ROOM,520A,TAMPINES CTRL 8,01 TO 03,84.0,DBSS,2014,86 years 10 months,806000,0.06079271,17621,2026,520A TAMPINES CTRL 8 Singapore
235566,aff949e3136b1453a97c6f32d999800faa184c393ffe3fea9f774ae81d2f352f,2026-09-03 13:40:53,2026-01,TAMPINES,4 ROOM,614A,TAMPINES NTH DR 1,07 TO 09,93.0,Model A,2021,94 years 01 month,760000,0.06079271,17621,2026,614A TAMPINES NTH DR 1 Singapore
235567,b0dfe700a7a42d522f5bfe69aa55233e9631c7b223f07b4e246420fdf675bcda,2026-09-03 13:40:53,2026-01,TAMPINES,4 ROOM,610C,TAMPINES NTH DR 1,04 TO 06,93.0,Model A,2020,93 years 10 months,760000,0.06079271,17621,2026,610C TAMPINES NTH DR 1 Singapore
235568,5fb7ba633b93b01d1ccaa7e2088e29b718499a326f38242e4fc197291b0b004e,2026-09-03 13:40:53,2026-01,TAMPINES,4 ROOM,609B,TAMPINES NTH DR 1,10 TO 12,93.0,Model A,2020,93 years 10 months,798000,0.06079271,17621,2026,609B TAMPINES NTH DR 1 Singapore
235569,40347b8a14493f970d3a3a51f9501b202c151337757d7b5eb16f241d6a3d8a79,2026-09-03 13:40:53,2026-01,TAMPINES,4 ROOM,612A,TAMPINES NTH DR 1,01 TO 03,93.0,Model A,2020,93 years 10 months,750000,0.06079271,17621,2026,612A TAMPINES NTH DR 1 Singapore
235570,692a872e6c73c7c82619787e801f21693438f7c4ae5a855f0a0baa3349083c9b,2026-09-03 13:40:53,2026-01,TAMPINES,4 ROOM,613B,TAMPINES NTH DR 1,07 TO 09,93.0,Model A,2020,93 years 09 months,776000,0.06079271,17621,2026,613B TAMPINES NTH DR 1 Singapore
235571,7990de86eb369db60cbe20068d66aadf5dfe1caeeb0861d9ce5281f1eff4a548,2026-09-03 13:40:53,2026-02,TAMPINES,4 ROOM,612A,TAMPINES NTH DR 1,04 TO 06,93.0,Model A,2020,93 years 09 months,760000,0.06079271,17621,2026,612A TAMPINES NTH DR 1 Singapore
235572,600119c9f9132c0f092c493f45e087f3403b5ad49d8fafa23116b71ac234e284,2026-09-03 13:40:53,2026-02,TAMPINES,4 ROOM,613B,TAMPINES NTH DR 1,10 TO 12,93.0,Model A,2020,93 years 09 months,798000,0.06079271,17621,2026,613B TAMPINES NTH DR 1 Singapore
235573,586921c930e0bbd2e24743c432aa7b21fb295904297fe1034cc109f8738be982,2026-09-03 13:40:53,2026-02,TAMPINES,4 ROOM,613A,TAMPINES NTH DR 1,07 TO 09,93.0,Model A,2020,93 years 09 months,780000,0.06079271,17621,2026,613A TAMPINES NTH DR 1 Singapore
235574,d3cd29d2cfbc5891ed15b35d551b2cb550b9955e4076a964bd19be0e9dab74ac,2026-09-03 13:40:53,2026-02,TAMPINES,4 ROOM,613A,TAMPINES NTH DR 1,07 TO 09,93.0,Model A,2020,93 years 09 months,768000,0.06079271,17621,2026,613A TAMPINES NTH DR 1 Singapore
235575,9a2eeced10e530ace2ef157449fe3a783724659ccaf0cb88d7ac2c8744705bfd,2026-09-03 13:40:53,2026-02,TAMPINES,4 ROOM,610C,TAMPINES NTH DR 1,13 TO 15,93.0,Model A,2020,93 years 08 months,840000,0.06079271,17621,2026,610C TAMPINES NTH DR 1 Singapore
235576,e833637249a6fff027d0a8b7e482d6856853f96180db781130fae7f1c8184027,2026-09-03 13:40:53,2026-03,TAMPINES,4 ROOM,610C,TAMPINES NTH DR 1,04 TO 06,93.0,Model A,2020,93 years 08 months,735000,0.06079271,17621,2026,610C TAMPINES NTH DR 1 Singapore
235577,1c97bd9d9d4e8e92bbbd5fea87f19bc94e6ff314bca6a8a8822650dd98b11bb8,2026-09-03 13:40:53,2026-03,TAMPINES,4 ROOM,614A,TAMPINES NTH DR 1,13 TO 15,93.0,Model A,2021,93 years 11 months,835000,0.06079271,17621,2026,614A TAMPINES NTH DR 1 Singapore
235578,020101e016798bd74d02d0e9f28318b329e4de078d1b8bc3e2ec9caec39fbce1,2026-09-03 13:40:53,2026-03,TAMPINES,4 ROOM,613A,TAMPINES NTH DR 1,04 TO 06,93.0,Model A,2020,93 years 08 months,788888,0.06079271,17621,2026,613A TAMPINES NTH DR 1 Singapore
235579,87768915df2143fe1b7dac55c9c8fd0261d41a4b2ea7ca8f480a08a897d87f0c,2026-09-03 13:40:53,2026-03,TAMPINES,4 ROOM,608A,TAMPINES NTH DR 1,10 TO 12,93.0,Model A,2020,93 years 08 months,775000,0.06079271,17621,2026,608A TAMPINES NTH DR 1 Singapore
235580,add8d6ba4ef1f2435f674ec3c2439c3e2d8d4c6ed6f0322e35de7b13fbee14ed,2026-09-03 13:40:53,2026-03,TAMPINES,4 ROOM,613A,TAMPINES NTH DR 1,01 TO 03,93.0,Model A,2020,93 years 07 months,705000,0.06079271,17621,2026,613A TAMPINES NTH DR 1 Singapore
235581,fdf21f7f932a90bce28d5fe6e0bf9d0d00243dfafaa34802dc07bbcb1fd328c7,2026-09-03 13:40:53,2026-04,TAMPINES,4 ROOM,610C,TAMPINES NTH DR 1,01 TO 03,93.0,Model A,2020,93 years 07 months,720000,0.06079271,17621,2026,610C TAMPINES NTH DR 1 Singapore
235582,9c20ab2624099e56c6ac7d704afd1b73f71ea718d49eede0dcd6c81d49298c61,2026-09-03 13:40:53,2026-04,TAMPINES,4 ROOM,614B,TAMPINES NTH DR 1,13 TO 15,93.0,Model A,2021,93 years 10 months,800000,0.06079271,17621,2026,614B TAMPINES NTH DR 1 Singapore
235583,2fd5ae9bcfa52fdb17b49738d9ee31b66bb5bfce61ea0a0d259a9ae98213c86f,2026-09-03 13:40:53,2026-04,TAMPINES,4 ROOM,614A,TAMPINES NTH DR 1,04 TO 06,93.0,Model A,2021,93 years 09 months,748000,0.06079271,17621,2026,614A TAMPINES NTH DR 1 Singapore
235584,db25ac15da506edc5b56a50c97ff037baab6f72e5a3a6f4fa6ac39550b6188c5,2026-09-03 13:40:53,2026-04,TAMPINES,4 ROOM,614A,TAMPINES NTH DR 1,10 TO 12,93.0,Model A,2021,93 years 09 months,811888,0.06079271,17621,2026,614A TAMPINES NTH DR 1 Singapore
235585,dd670d2993cd6d43668e34637ac88208577c0910ad432a9070102f6586958bc1,2026-09-03 13:40:53,2026-04,TAMPINES,4 ROOM,609D,TAMPINES NTH DR 1,07 TO 09,93.0,Model A,2020,93 years 07 months,780000,0.06079271,17621,2026,609D TAMPINES NTH DR 1 Singapore
235586,71f5dc6becf27111d262a716371a3473bb1a408a41e5bc454a53d430cace73ed,2026-09-03 13:40:53,2026-04,TAMPINES,4 ROOM,614B,TAMPINES NTH DR 1,13 TO 15,93.0,Model A,2021,93 years 09 months,813000,0.06079271,17621,2026,614B TAMPINES NTH DR 1 Singapore
235587,914904b463c81c7f3c24babf2e43cfc73b9490bbe1ea244d3bfbc0a62df70733,2026-09-03 13:40:53,2026-04,TAMPINES,4 ROOM,613B,TAMPINES NTH DR 1,07 TO 09,93.0,Model A,2020,93 years 06 months,820000,0.06079271,17621,2026,613B TAMPINES NTH DR 1 Singapore
235588,c44db619dd9a4525017ad4c307320212ec2c11b3be71ef6d2b5ca89ed54de2a3,2026-09-03 13:40:53,2026-04,TAMPINES,4 ROOM,614A,TAMPINES NTH DR 1,07 TO 09,93.0,Model A,2021,93 years 09 months,795000,0.06079271,17621,2026,614A TAMPINES NTH DR 1 Singapore
235589,33605e37eb258749cac0e11557f7f09d37e721c79f00adfd7c3b5c0ccead50bf,2026-09-03 13:40:53,2026-04,TAMPINES,4 ROOM,608C,TAMPINES NTH DR 1,13 TO 15,93.0,Model A,2020,93 years 06 months,790000,0.06079271,17621,2026,608C TAMPINES NTH DR 1 Singapore
235590,53d64f78974c0fe40cbf1376dd2aef511f3ce4125d75d6b1106c36c4e851c1a2,2026-09-03 13:40:53,2026-04,TAMPINES,4 ROOM,610B,TAMPINES NTH DR 1,10 TO 12,93.0,Model A,2020,93 years 06 months,775000,0.06079271,17621,2026,610B TAMPINES NTH DR 1 Singapore
235591,eedaff8781b1178e7123ccafcdfb0cdc01f982abd84e4e2b99098105ae81b87b,2026-09-03 13:40:53,2026-05,TAMPINES,4 ROOM,610A,TAMPINES NTH DR 1,07 TO 09,93.0,Model A,2020,93 years 06 months,770000,0.06079271,17621,2026,610A TAMPINES NTH DR 1 Singapore
235592,ea37210701b55cbae37ba81dc1c669738daf469c299ad77ff20888fb56a2dee8,2026-09-03 13:40:53,2026-05,TAMPINES,4 ROOM,613A,TAMPINES NTH DR 1,10 TO 12,93.0,Model A,2020,93 years 05 months,818000,0.06079271,17621,2026,613A TAMPINES NTH DR 1 Singapore
235593,183403c3b9bc2814d72a255ea1dbb78346efee50abd1aec18edf4d5fbd21bc65,2026-09-03 13:40:53,2026-06,TAMPINES,4 ROOM,614B,TAMPINES NTH DR 1,10 TO 12,93.0,Model A,2021,93 years 07 months,805000,0.06079271,17621,2026,614B TAMPINES NTH DR 1 Singapore
235594,0e9c5a50776ae2ed98e0ab7e5ee810524ddf63555f7455f786f7b486b2aa1fad,2026-09-03 13:40:53,2026-07,TAMPINES,4 ROOM,610C,TAMPINES NTH DR 1,01 TO 03,93.0,Model A,2020,93 years 04 months,717000,0.06079271,17621,2026,610C TAMPINES NTH DR 1 Singapore
235595,b7345b7d059a94c07b7164c62227b200d84206836a27f638e9148b08bfa5433e,2026-09-03 13:40:53,2026-07,TAMPINES,4 ROOM,608A,TAMPINES NTH DR 1,01 TO 03,93.0,Model A,2020,93 years 04 months,715000,0.06079271,17621,2026,608A TAMPINES NTH DR 1 Singapore
235596,68643a4de3a6a3b78433a816dbfbbd283b580a7ebed14a3fcb4ca747bf8e21cc,2026-09-03 13:40:53,2026-07,TAMPINES,4 ROOM,608A,TAMPINES NTH DR 1,01 TO 03,93.0,Model A,2020,93 years 04 months,710000,0.06079271,17621,2026,608A TAMPINES NTH DR 1 Singapore
235597,04260516098f160b45cb811cd1bc6b049daafc4a8f93d0c9cc759c379ed34104,2026-09-03 13:40:53,2026-07,TAMPINES,4 ROOM,614A,TAMPINES NTH DR 1,13 TO 15,93.0,Model A,2021,93 years 07 months,828888,0.06079271,17621,2026,614A TAMPINES NTH DR 1 Singapore
235598,7ab4b1c7f6c49ddaacdce93cbcc805aa72d127db18360fffdc832f066f7dc2ce,2026-09-03 13:40:53,2026-07,TAMPINES,4 ROOM,614A,TAMPINES NTH DR 1,07 TO 09,93.0,Model A,2021,93 years 07 months,780000,0.06079271,17621,2026,614A TAMPINES NTH DR 1 Singapore
235599,02b33020b7e90280b5856e8d8d3c9972810665d16aca88f9071f64dbf4f3d8cf,2026-09-03 13:40:53,2026-07,TAMPINES,4 ROOM,612A,TAMPINES NTH DR 1,04 TO 06,93.0,Model A,2020,93 years 03 months,762000,0.06079271,17621,2026,612A TAMPINES NTH DR 1 Singapore
235600,9095f5b9b3faa9692c015ca0b40d35d02c688ef2bce06846aac5b06c7fc102b4,2026-09-03 13:40:53,2026-07,TAMPINES,4 ROOM,614B,TAMPINES NTH DR 1,13 TO 15,93.0,Model A,2021,93 years 06 months,808000,0.06079271,17621,2026,614B TAMPINES NTH DR 1 Singapore
235601,960e48a615c9ebf0c8f3fc27aa1f2ccfb60ef7d39148524cc28549dbb3e55d16,2026-09-03 13:40:53,2026-08,TAMPINES,4 ROOM,610C,TAMPINES NTH DR 1,04 TO 06,93.0,Model A,2020,93 years 03 months,733000,0.06079271,17621,2026,610C TAMPINES NTH DR 1 Singapore
235602,746be7e4f85031a4af0b9a58d7b0a5f91cf6496766eb2fc0e45a8130f260ea71,2026-09-03 13:40:53,2026-08,TAMPINES,4 ROOM,614A,TAMPINES NTH DR 1,04 TO 06,93.0,Model A,2021,93 years 06 months,771588,0.06079271,17621,2026,614A TAMPINES NTH DR 1 Singapore
235603,81c09e4b23fdde6161a6ecc688c23bd9c26e8b4a4ccd95fdb918e0e2b2b5228d,2026-09-03 13:40:53,2026-08,TAMPINES,4 ROOM,608B,TAMPINES NTH DR 1,01 TO 03,93.0,Model A,2020,93 years 02 months,705000,0.06079271,17621,2026,608B TAMPINES NTH DR 1 Singapore
235604,a98c1b145a6dcf5a894df69c5758b6b32a00063b7d8489e7a73ca1b6af78a481,2026-09-03 13:40:53,2026-08,TAMPINES,4 ROOM,609B,TAMPINES NTH DR 1,13 TO 15,93.0,Model A,2020,93 years 03 months,810000,0.06079271,17621,2026,609B TAMPINES NTH DR 1 Singapore
235605,cd0b217711c8a420df92c055c37d172c1375b16d5b86fb51efea354b21c44152,2026-09-03 13:40:53,2026-08,TAMPINES,4 ROOM,610C,TAMPINES NTH DR 1,01 TO 03,93.0,Model A,2020,93 years 02 months,700000,0.06079271,17621,2026,610C TAMPINES NTH DR 1 Singapore
235606,44b38b9c7f714034611375346c0c4ac61e1eda8c6a4dc276f4e009f16f1f8afe,2026-09-03 13:40:53,2026-08,TAMPINES,4 ROOM,613B,TAMPINES NTH DR 1,07 TO 09,93.0,Model A,2020,93 years 02 months,812888,0.06079271,17621,2026,613B TAMPINES NTH DR 1 Singapore
235607,ad79acad75727bc64ae51b7c59fb3e0e3ea3a110788fb684f7b374b7729d4873,2026-09-03 13:40:53,2026-02,TAMPINES,4 ROOM,106,TAMPINES ST 11,04 TO 06,103.0,Model A,1984,57 years 06 months,625000,0.06079271,17621,2026,106 TAMPINES ST 11 Singapore
235608,30636292761b8a0ec6c5991ed594a0499d7f2d0886a2b2002d7d6cd6d962203f,2026-09-03 13:40:53,2026-03,TAMPINES,4 ROOM,105,TAMPINES ST 11,10 TO 12,104.0,Model A,1982,55 years 09 months,600000,0.06079271,17621,2026,105 TAMPINES ST 11 Singapore
235609,d13ab9b97743056d46a13e51265a1d4990cc82293a6ceaf53c6350281794cfd0,2026-09-03 13:40:53,2026-04,TAMPINES,4 ROOM,107,TAMPINES ST 11,10 TO 12,115.0,Model A,1984,57 years 06 months,642888,0.06079271,17621,2026,107 TAMPINES ST 11 Singapore
235610,5c2812721acc92ed61890e0cf5f133b95b7211ab08a80d7b93f4767b68d082de,2026-09-03 13:40:53,2026-05,TAMPINES,4 ROOM,108,TAMPINES ST 11,10 TO 12,103.0,Model A,1984,57 years 03 months,628000,0.06079271,17621,2026,108 TAMPINES ST 11 Singapore
235611,e4abb67679e0b9f3596f6501cc3e1f0d210d6ba14dbf8f45e6c5e07d10438ee4,2026-09-03 13:40:53,2026-01,TAMPINES,4 ROOM,161,TAMPINES ST 12,04 TO 06,103.0,Model A,1984,57 years 09 months,668000,0.06079271,17621,2026,161 TAMPINES ST 12 Singapore
235612,59d53d7ded25e7f3555296e5ed0e3519d003fa81fb71457e139dd9fa59db334a,2026-09-03 13:40:53,2026-01,TAMPINES,4 ROOM,145,TAMPINES ST 12,01 TO 03,103.0,Model A,1984,58 years,615000,0.06079271,17621,2026,145 TAMPINES ST 12 Singapore
235613,d75586abd52d70a96251bdfce6e3211b973c2cc808a17b9ba211ef6417b35b3a,2026-09-03 13:40:53,2026-01,TAMPINES,4 ROOM,141,TAMPINES ST 12,04 TO 06,103.0,Model A,1984,57 years 09 months,620000,0.06079271,17621,2026,141 TAMPINES ST 12 Singapore
235614,31452cbb6583d73bdf6f7ad106555e9e86788e9abc50977c270f488ef028d31d,2026-09-03 13:40:53,2026-03,TAMPINES,4 ROOM,157,TAMPINES ST 12,07 TO 09,93.0,New Generation,1985,57 years 11 months,685000,0.06079271,17621,2026,157 TAMPINES ST 12 Singapore
235615,a4f07bbd75305dbdecea311bb7916ae13ac05cfd28563fd86db6cf3d49cdb6b1,2026-09-03 13:40:53,2026-03,TAMPINES,4 ROOM,159,TAMPINES ST 12,07 TO 09,91.0,New Generation,1984,57 years 03 months,655000,0.06079271,17621,2026,159 TAMPINES ST 12 Singapore
235616,748ee983b8387aefa1092076e820e77e858c2fe36c234e7875ecabdd09ddcfb7,2026-09-03 13:40:53,2026-03,TAMPINES,4 ROOM,161,TAMPINES ST 12,04 TO 06,106.0,Model A,1984,57 years 06 months,668000,0.06079271,17621,2026,161 TAMPINES ST 12 Singapore
235617,2a9f1ff0d1e354b207ee8ef583d6b1bd13c45b2201c5176f8e450682301059f5,2026-09-03 13:40:53,2026-05,TAMPINES,4 ROOM,141,TAMPINES ST 12,10 TO 12,106.0,Model A,1984,57 years 05 months,638888,0.06079271,17621,2026,141 TAMPINES ST 12 Singapore
235618,cc9fc7314e78d7aefeb519fbd0138048283d55fb931ff64450a81c0f43ce7cfb,2026-09-03 13:40:53,2026-05,TAMPINES,4 ROOM,141,TAMPINES ST 12,10 TO 12,103.0,Model A,1984,57 years 04 months,625000,0.06079271,17621,2026,141 TAMPINES ST 12 Singapore
235619,b2ae0fcf9f3bb088adbf554d6b5d2cc7ea36d2bfa680b745fe5862d7e987d12b,2026-09-03 13:40:53,2026-06,TAMPINES,4 ROOM,141,TAMPINES ST 12,01 TO 03,107.0,Model A,1984,57 years 04 months,630000,0.06079271,17621,2026,141 TAMPINES ST 12 Singapore
235620,a4b8c5887d86b4c2519367f9043d2965a2ebb062725040282404d285eb0a3d19,2026-09-03 13:40:53,2026-06,TAMPINES,4 ROOM,140,TAMPINES ST 12,04 TO 06,93.0,New Generation,1984,57 years 07 months,570000,0.06079271,17621,2026,140 TAMPINES ST 12 Singapore
235621,10f0292aca4557f2a2c1be0ee6c6d55c61eeb91ab6a952b88f99b3bee2c0d53c,2026-09-03 13:40:53,2026-06,TAMPINES,4 ROOM,159,TAMPINES ST 12,01 TO 03,91.0,New Generation,1984,57 years,611000,0.06079271,17621,2026,159 TAMPINES ST 12 Singapore
235622,2ce135a8376c46d4435922c352f1a5d0f52180eb070fdf71e59e68d29f3cffbe,2026-09-03 13:40:53,2026-06,TAMPINES,4 ROOM,160,TAMPINES ST 12,04 TO 06,98.0,New Generation,1984,56 years 10 months,680000,0.06079271,17621,2026,160 TAMPINES ST 12 Singapore
235623,93f5facf2c93590c4f2247817967ac3a4d2927c1778620ee06037763ccb15b82,2026-09-03 13:40:53,2026-07,TAMPINES,4 ROOM,160,TAMPINES ST 12,10 TO 12,98.0,New Generation,1984,56 years 10 months,636000,0.06079271,17621,2026,160 TAMPINES ST 12 Singapore
235624,ea05571f1d7cf6fd6aa5a951d9a5854fa76e109357c9f28566060ee341d0e516,2026-09-03 13:40:53,2026-07,TAMPINES,4 ROOM,140,TAMPINES ST 12,07 TO 09,91.0,New Generation,1984,57 years 06 months,570000,0.06079271,17621,2026,140 TAMPINES ST 12 Singapore
235625,0321b22c955817e299823a1140d39d49acb25233ce3f402bef5073d5ab4cce9e,2026-09-03 13:40:53,2026-07,TAMPINES,4 ROOM,158,TAMPINES ST 12,01 TO 03,91.0,New Generation,1984,57 years 01 month,575000,0.06079271,17621,2026,158 TAMPINES ST 12 Singapore
235626,176e901aeae33bde24ea4f8bca5541c6a7e9aae0613c4a388994dc991c0ca70c,2026-09-03 13:40:53,2026-07,TAMPINES,4 ROOM,164,TAMPINES ST 12,07 TO 09,106.0,Model A,1984,57 years 05 months,663000,0.06079271,17621,2026,164 TAMPINES ST 12 Singapore
235627,c9e0875d9df414b34bfe4c200e80161b819b5157aec78b3489f288f60ef0b0fd,2026-09-03 13:40:53,2026-07,TAMPINES,4 ROOM,145,TAMPINES ST 12,04 TO 06,104.0,Model A,1984,57 years 05 months,675000,0.06079271,17621,2026,145 TAMPINES ST 12 Singapore
235628,54fbe046574acfaa9c8279cb48c694f725be1cfe32067ccaddf7053d63f9a958,2026-09-03 13:40:53,2026-07,TAMPINES,4 ROOM,163,TAMPINES ST 12,10 TO 12,103.0,Model A,1984,56 years 11 months,660000,0.06079271,17621,2026,163 TAMPINES ST 12 Singapore
235629,41139dc22a4229b07257cfcc34190e79e90267046b76fafcd0235afb158ba2c4,2026-09-03 13:40:53,2026-01,TAMPINES,4 ROOM,247,TAMPINES ST 21,01 TO 03,91.0,New Generation,1984,57 years 04 months,670000,0.06079271,17621,2026,247 TAMPINES ST 21 Singapore
235630,9b117a9773bbb89e2d40a2d4ef8a24531b1212c8aa701bd5c21bb228d8afc5df,2026-09-03 13:40:53,2026-01,TAMPINES,4 ROOM,261,TAMPINES ST 21,07 TO 09,105.0,Model A,1984,57 years 09 months,660000,0.06079271,17621,2026,261 TAMPINES ST 21 Singapore
235631,4c620d26f8a49e50f0ceded8718003298ca411cfb1ed70d4016cb7ed3abca0c1,2026-09-03 13:40:53,2026-01,TAMPINES,4 ROOM,237,TAMPINES ST 21,01 TO 03,105.0,Model A,1984,57 years 09 months,645000,0.06079271,17621,2026,237 TAMPINES ST 21 Singapore
235632,ca475d7ad7b6a1ed0339bda58873557a16a4f81ba83992b7f6ef0552e021b2c9,2026-09-03 13:40:53,2026-02,TAMPINES,4 ROOM,248,TAMPINES ST 21,10 TO 12,91.0,New Generation,1984,57 years 11 months,648000,0.06079271,17621,2026,248 TAMPINES ST 21 Singapore
235633,99a1d5f55f65426559e6416bc25b25a1fbdbd90fee6d38439fd2ca7638d6c2c9,2026-09-03 13:40:53,2026-03,TAMPINES,4 ROOM,241,TAMPINES ST 21,01 TO 03,105.0,Model A,1985,57 years 11 months,682000,0.06079271,17621,2026,241 TAMPINES ST 21 Singapore
235634,efa8247d80509168d99d74c66da0c9100a0ec77ae0436b4b9aca53108bf3b578,2026-09-03 13:40:53,2026-03,TAMPINES,4 ROOM,271,TAMPINES ST 21,07 TO 09,116.0,Model A,1984,57 years 08 months,640000,0.06079271,17621,2026,271 TAMPINES ST 21 Singapore
235635,dbeb68e1b4e3c41f80002f07313e11ff29304c8ff2c4e1bebd88bdeeaa81a457,2026-09-03 13:40:53,2026-03,TAMPINES,4 ROOM,249,TAMPINES ST 21,04 TO 06,103.0,Model A,1984,57 years 07 months,612000,0.06079271,17621,2026,249 TAMPINES ST 21 Singapore
235636,77d880339dc3990cc73215999f939e0699d5e7072feeec708451f4ba82778bd9,2026-09-03 13:40:53,2026-03,TAMPINES,4 ROOM,205,TAMPINES ST 21,01 TO 03,133.0,Model A,1983,56 years 05 months,698000,0.06079271,17621,2026,205 TAMPINES ST 21 Singapore
235637,6525ef081b2a6d743b869da650e842cb137f22ae6d8773ddf9c6100cdfc8ccbe,2026-09-03 13:40:53,2026-03,TAMPINES,4 ROOM,259,TAMPINES ST 21,04 TO 06,105.0,Model A,1985,58 years,600000,0.06079271,17621,2026,259 TAMPINES ST 21 Singapore
235638,8ee70829a7a24ba92398e635b118a6114af4ed48f818d4d61dfdbff94d26c908,2026-09-03 13:40:53,2026-04,TAMPINES,4 ROOM,253,TAMPINES ST 21,04 TO 06,102.0,Model A,1984,57 years 04 months,580000,0.06079271,17621,2026,253 TAMPINES ST 21 Singapore
235639,3812665cb6c57c1976ad7b4fc3cb83afa23816acd386519ac582b3cb8d46df96,2026-09-03 13:40:53,2026-04,TAMPINES,4 ROOM,244,TAMPINES ST 21,10 TO 12,105.0,Model A,1984,57 years 03 months,688000,0.06079271,17621,2026,244 TAMPINES ST 21 Singapore
235640,88b52a63582feb9882e37c9d2ace3a3956241459879494b4d84f1c682bd1482c,2026-09-03 13:40:53,2026-04,TAMPINES,4 ROOM,265,TAMPINES ST 21,04 TO 06,103.0,Model A,1984,57 years 06 months,615000,0.06079271,17621,2026,265 TAMPINES ST 21 Singapore
235641,555569c9f0a6612c10db200df098a8e63a67f7bba402ae2b20217a47d9a5af92,2026-09-03 13:40:53,2026-04,TAMPINES,4 ROOM,270,TAMPINES ST 21,07 TO 09,104.0,Model A,1985,58 years 08 months,650000,0.06079271,17621,2026,270 TAMPINES ST 21 Singapore
235642,dbc754ec0daffd6cb099ab74ff508bff6f7f055469fa51d6f693fc44116657a6,2026-09-03 13:40:53,2026-05,TAMPINES,4 ROOM,240,TAMPINES ST 21,07 TO 09,104.0,Model A,1984,57 years 04 months,690000,0.06079271,17621,2026,240 TAMPINES ST 21 Singapore
235643,487e7f7d52a44aecee300a20c63d81805974a4fb357609bfa1b2f4ddcf51e8f4,2026-09-03 13:40:53,2026-05,TAMPINES,4 ROOM,261,TAMPINES ST 21,04 TO 06,103.0,Model A,1984,57 years 05 months,573888,0.06079271,17621,2026,261 TAMPINES ST 21 Singapore
235644,0de0b768ff74792101271afa4fcdc5de3da32ba9e4564e5040591b2e27746f5f,2026-09-03 13:40:53,2026-05,TAMPINES,4 ROOM,231,TAMPINES ST 21,01 TO 03,93.0,New Generation,1985,57 years 09 months,553888,0.06079271,17621,2026,231 TAMPINES ST 21 Singapore
235645,4125429723e5be7407ec65dde78011e347b412e8d69208534d0d3dde3c489fad,2026-09-03 13:40:53,2026-06,TAMPINES,4 ROOM,264,TAMPINES ST 21,07 TO 09,103.0,Model A,1984,57 years 04 months,600000,0.06079271,17621,2026,264 TAMPINES ST 21 Singapore
235646,4e434e627a4378f39fb5e8b70a68efa66eadd39af481487d566bae5eb7dd108e,2026-09-03 13:40:53,2026-06,TAMPINES,4 ROOM,267,TAMPINES ST 21,07 TO 09,114.0,Model A,1983,56 years 02 months,608000,0.06079271,17621,2026,267 TAMPINES ST 21 Singapore
235647,5b2689eeb34d9b688c1cf8746b378c80c6e1513286ffee4f64254751373dafeb,2026-09-03 13:40:53,2026-06,TAMPINES,4 ROOM,259,TAMPINES ST 21,04 TO 06,105.0,Model A,1985,57 years 09 months,618888,0.06079271,17621,2026,259 TAMPINES ST 21 Singapore
235648,f16157414cc58c0363d7e702edc1905fa00485864149866db5a74ea7f5adf230,2026-09-03 13:40:53,2026-06,TAMPINES,4 ROOM,247,TAMPINES ST 21,04 TO 06,92.0,New Generation,1984,56 years 10 months,550000,0.06079271,17621,2026,247 TAMPINES ST 21 Singapore
235649,101dd7c26e171d3077061233a982fd1c63596ee663aa1cad4787d5911925a4af,2026-09-03 13:40:53,2026-06,TAMPINES,4 ROOM,261,TAMPINES ST 21,01 TO 03,105.0,Model A,1984,57 years 03 months,590000,0.06079271,17621,2026,261 TAMPINES ST 21 Singapore
235650,6d2faacdb907a1c7a8db9758befaadc9cb7ab81f4b21dc770133a94b9db7927e,2026-09-03 13:40:53,2026-06,TAMPINES,4 ROOM,268,TAMPINES ST 21,10 TO 12,103.0,Model A,1984,57 years 06 months,720000,0.06079271,17621,2026,268 TAMPINES ST 21 Singapore
235651,d000df7dbdbdef292db217757e99bedad716946a2691afeef0b854d58a8984bc,2026-09-03 13:40:53,2026-06,TAMPINES,4 ROOM,235,TAMPINES ST 21,01 TO 03,103.0,Model A,1993,66 years 02 months,618000,0.06079271,17621,2026,235 TAMPINES ST 21 Singapore
235652,e322052066375a796c1b049364cc5461cab170541c7b0006d1adcc74fb4a562e,2026-09-03 13:40:53,2026-07,TAMPINES,4 ROOM,263,TAMPINES ST 21,01 TO 03,105.0,Model A,1984,57 years 04 months,560000,0.06079271,17621,2026,263 TAMPINES ST 21 Singapore
235653,ed9ea53bb47f815d2bec51e3f70e6a601b9728703a2f430c7eb49ad385a1297e,2026-09-03 13:40:53,2026-07,TAMPINES,4 ROOM,243,TAMPINES ST 21,04 TO 06,104.0,Model A,1984,57 years,653000,0.06079271,17621,2026,243 TAMPINES ST 21 Singapore
235654,c233cd988b4a707bfec2060711c0e1e1db92ad8a95070e007d6f7b9b85ad2c1c,2026-09-03 13:40:53,2026-07,TAMPINES,4 ROOM,250,TAMPINES ST 21,01 TO 03,103.0,Model A,1984,57 years 05 months,615000,0.06079271,17621,2026,250 TAMPINES ST 21 Singapore
235655,ccea5c06ed13e1557e7912c35b012f3d2e2ef419084d775a158979f940064939,2026-09-03 13:40:53,2026-08,TAMPINES,4 ROOM,206,TAMPINES ST 21,04 TO 06,104.0,Model A,1982,55 years 01 month,570000,0.06079271,17621,2026,206 TAMPINES ST 21 Singapore
235656,ef40e07148c2b732ef631416941e50dee29129c520db226b29e3e311c2445bad,2026-09-03 13:40:53,2026-08,TAMPINES,4 ROOM,249,TAMPINES ST 21,04 TO 06,103.0,Model A,1984,57 years 01 month,612000,0.06079271,17621,2026,249 TAMPINES ST 21 Singapore
235657,445900e08b98912b1ba633df0a2698c182e9c640ba11619f52878d1816f8afef,2026-09-03 13:40:53,2026-08,TAMPINES,4 ROOM,248,TAMPINES ST 21,01 TO 03,91.0,New Generation,1984,57 years 04 months,610000,0.06079271,17621,2026,248 TAMPINES ST 21 Singapore
235658,53b099467f8958bdafa3daca86fb7d3ee8ab1d220e10c8c4cbb05c0f71c02317,2026-09-03 13:40:53,2026-01,TAMPINES,4 ROOM,276,TAMPINES ST 22,01 TO 03,105.0,Model A,1984,58 years,592000,0.06079271,17621,2026,276 TAMPINES ST 22 Singapore
235659,828567101ac2b1af9b12a367e3f391997737710798919ef0f6db32a0df81ddcd,2026-09-03 13:40:53,2026-02,TAMPINES,4 ROOM,279,TAMPINES ST 22,04 TO 06,104.0,Model A,1985,58 years,550000,0.06079271,17621,2026,279 TAMPINES ST 22 Singapore
235660,0ff0156f346a09ff1f2643d4e5c6be2b963df506d79b7248bf80c8c13ddef7c4,2026-09-03 13:40:53,2026-03,TAMPINES,4 ROOM,285,TAMPINES ST 22,07 TO 09,103.0,Model A,1984,57 years 05 months,608000,0.06079271,17621,2026,285 TAMPINES ST 22 Singapore
235661,30b5cc3648c376ad6f55a595626eb33d82644f2b4e052a2cd1404d21fa1c7fb7,2026-09-03 13:40:53,2026-03,TAMPINES,4 ROOM,272,TAMPINES ST 22,04 TO 06,112.0,Model A,1984,57 years 05 months,653000,0.06079271,17621,2026,272 TAMPINES ST 22 Singapore
235662,be370cd9b8dc54340b3de0419d1c1d29ba9a49a9e984949b3c55adc62c6c0f6d,2026-09-03 13:40:53,2026-03,TAMPINES,4 ROOM,293,TAMPINES ST 22,04 TO 06,104.0,Model A,1984,57 years 03 months,550000,0.06079271,17621,2026,293 TAMPINES ST 22 Singapore
235663,79991b30e2de2ed47a55eadd292cdd50fee54a6ef4ef7f5d12ddd604376623fc,2026-09-03 13:40:53,2026-03,TAMPINES,4 ROOM,277,TAMPINES ST 22,07 TO 09,104.0,Model A,1985,57 years 11 months,600000,0.06079271,17621,2026,277 TAMPINES ST 22 Singapore
235664,28e394eef843e1fd6fb4ef18cdde5f229beb9afc85fcf8649fc4b50f9ff903e7,2026-09-03 13:40:53,2026-05,TAMPINES,4 ROOM,275,TAMPINES ST 22,01 TO 03,105.0,Model A,1985,57 years 09 months,590000,0.06079271,17621,2026,275 TAMPINES ST 22 Singapore
235665,dcecbcdd62483cebf69315ac8873c4d73b0a4c189e9a798d4695e80c54e56f06,2026-09-03 13:40:53,2026-06,TAMPINES,4 ROOM,294,TAMPINES ST 22,04 TO 06,98.0,New Generation,1985,58 years 01 month,570000,0.06079271,17621,2026,294 TAMPINES ST 22 Singapore
235666,d73d39050d989c4b958d243b132bf9892844c4f3bed340239c613d5fd48db27a,2026-09-03 13:40:53,2026-06,TAMPINES,4 ROOM,284,TAMPINES ST 22,10 TO 12,111.0,Model A,1984,57 years 01 month,625000,0.06079271,17621,2026,284 TAMPINES ST 22 Singapore
235667,40d9b0d9c935f755733bd3bd19654e26bf788df1ec3017b2c02b01cf421a2c45,2026-09-03 13:40:53,2026-07,TAMPINES,4 ROOM,283,TAMPINES ST 22,01 TO 03,105.0,Model A,1984,57 years 03 months,570000,0.06079271,17621,2026,283 TAMPINES ST 22 Singapore
235668,5aec38f955f4a7a8c731f60037816255501e925630df0b4ac2c0418cb25d12cb,2026-09-03 13:40:53,2026-07,TAMPINES,4 ROOM,286,TAMPINES ST 22,04 TO 06,103.0,Model A,1984,57 years,618000,0.06079271,17621,2026,286 TAMPINES ST 22 Singapore
235669,5a3b56d8e6e5eae1d4a22823c85cc91a83795521e6f400d4fd7444d376937ec7,2026-09-03 13:40:53,2026-07,TAMPINES,4 ROOM,281,TAMPINES ST 22,01 TO 03,103.0,Model A,1984,57 years 06 months,585000,0.06079271,17621,2026,281 TAMPINES ST 22 Singapore
235670,3e8b35aae5f35c70a8758ca34badc66d2a1035b9c0816426b77a80d381f267a6,2026-09-03 13:40:53,2026-07,TAMPINES,4 ROOM,283,TAMPINES ST 22,07 TO 09,103.0,Model A,1984,57 years 03 months,623000,0.06079271,17621,2026,283 TAMPINES ST 22 Singapore
235671,0ef265b59b7a70ec24312831ad526d41b4daa6ff3152c4cb26e10b9bc739253d,2026-09-03 13:40:53,2026-07,TAMPINES,4 ROOM,297,TAMPINES ST 22,07 TO 09,104.0,Model A,1984,56 years 11 months,600000,0.06079271,17621,2026,297 TAMPINES ST 22 Singapore
235672,cce5cd2c41a4ebfb556107736189a646abd13e3802c89e3fb23121e667b004c7,2026-09-03 13:40:53,2026-07,TAMPINES,4 ROOM,283,TAMPINES ST 22,01 TO 03,103.0,Model A,1984,57 years 03 months,600000,0.06079271,17621,2026,283 TAMPINES ST 22 Singapore
235673,0f6bf9beeebe9bdeae60183518c3bdf76bb4da11a4b33acf443bc6fefda06989,2026-09-03 13:40:53,2026-07,TAMPINES,4 ROOM,286,TAMPINES ST 22,07 TO 09,105.0,Model A,1984,57 years,625000,0.06079271,17621,2026,286 TAMPINES ST 22 Singapore
235674,1cd8e3a96fd1ba7c9b5072cf762570b376fd5d436fab40bc7816371d1a76f4a9,2026-09-03 13:40:53,2026-07,TAMPINES,4 ROOM,283,TAMPINES ST 22,10 TO 12,103.0,Model A,1984,57 years 03 months,580000,0.06079271,17621,2026,283 TAMPINES ST 22 Singapore
235675,d6420c1ec1c00843cfe7aefad53eef909e4a6e06f89dfe774d2d023c330a4eea,2026-09-03 13:40:53,2026-07,TAMPINES,4 ROOM,286,TAMPINES ST 22,10 TO 12,105.0,Model A,1984,57 years,590000,0.06079271,17621,2026,286 TAMPINES ST 22 Singapore
235676,4a07f96ca236ccf22751f406354d228e2a9da01ccc056471c2de433feaac74fb,2026-09-03 13:40:53,2026-07,TAMPINES,4 ROOM,277,TAMPINES ST 22,07 TO 09,104.0,Model A,1985,57 years 07 months,600000,0.06079271,17621,2026,277 TAMPINES ST 22 Singapore
235677,04bcac7f66b9d0abc412c68fc8365ab3cc52f0866d12e2958a8527a891784c80,2026-09-03 13:40:53,2026-07,TAMPINES,4 ROOM,293,TAMPINES ST 22,04 TO 06,105.0,Model A,1984,56 years 10 months,600000,0.06079271,17621,2026,293 TAMPINES ST 22 Singapore
235678,2bd8efdf98c6368c11187751e7dc477d8df621fc08002e406fb19c811ae11d60,2026-09-03 13:40:53,2026-08,TAMPINES,4 ROOM,275,TAMPINES ST 22,01 TO 03,107.0,Model A,1985,57 years 06 months,600000,0.06079271,17621,2026,275 TAMPINES ST 22 Singapore
235679,2d7fd889cb2d65de9b07c5a1ddfc29a165ff40a559859401a4bcc349b983dea1,2026-09-03 13:40:53,2026-08,TAMPINES,4 ROOM,291,TAMPINES ST 22,10 TO 12,104.0,Model A,1984,56 years 11 months,605000,0.06079271,17621,2026,291 TAMPINES ST 22 Singapore
235680,860041bb85f31309533a6042ada1c4df1114364fc25f4c5e0294146bc2f57d58,2026-09-03 13:40:53,2026-08,TAMPINES,4 ROOM,297,TAMPINES ST 22,04 TO 06,105.0,Model A,1984,56 years 10 months,610000,0.06079271,17621,2026,297 TAMPINES ST 22 Singapore
235681,fda58f5990c9eb41750086f26bef63155a7299e2afca575334f388814d421773,2026-09-03 13:40:53,2026-02,TAMPINES,4 ROOM,226,TAMPINES ST 23,10 TO 12,105.0,Model A,1985,58 years 02 months,638000,0.06079271,17621,2026,226 TAMPINES ST 23 Singapore
235682,ed7bb5fae041b4f3e627c606f58687d73a198fd5cc01278de9910c9db558c4cc,2026-09-03 13:40:53,2026-03,TAMPINES,4 ROOM,212,TAMPINES ST 23,10 TO 12,104.0,Model A,1985,58 years 02 months,618000,0.06079271,17621,2026,212 TAMPINES ST 23 Singapore
235683,b276100ca47ba8fca178a481ade5b5846817e4856fb930a8c65d0f5ace6af364,2026-09-03 13:40:53,2026-04,TAMPINES,4 ROOM,214,TAMPINES ST 23,04 TO 06,93.0,New Generation,1985,58 years 10 months,575000,0.06079271,17621,2026,214 TAMPINES ST 23 Singapore
235684,acb93186c84e23d5bb73a550f9900ad7ae77e0ccd51edbbd7d80999a1c382cd6,2026-09-03 13:40:53,2026-04,TAMPINES,4 ROOM,226,TAMPINES ST 23,07 TO 09,108.0,Model A,1985,58 years,648000,0.06079271,17621,2026,226 TAMPINES ST 23 Singapore
235685,dfd70fc46b4677dfd5a4c8edc8587de36467424361097305051d53bfa501fee1,2026-09-03 13:40:53,2026-04,TAMPINES,4 ROOM,228,TAMPINES ST 23,01 TO 03,96.0,New Generation,1985,57 years 09 months,610000,0.06079271,17621,2026,228 TAMPINES ST 23 Singapore
235686,e0a30b49651a703da31fb2f0570bda05e7ff0e0212524d032c4439fafb54a4a6,2026-09-03 13:40:53,2026-05,TAMPINES,4 ROOM,211,TAMPINES ST 23,07 TO 09,93.0,New Generation,1985,58 years 02 months,615000,0.06079271,17621,2026,211 TAMPINES ST 23 Singapore
235687,9f1196ad6649f4ead417d6b49cacf23d28d7f8decde8b7d72da4733888d468e2,2026-09-03 13:40:53,2026-05,TAMPINES,4 ROOM,213,TAMPINES ST 23,07 TO 09,105.0,Model A,1985,57 years 11 months,635000,0.06079271,17621,2026,213 TAMPINES ST 23 Singapore
235688,63b681719ef128017771caac71452def47a6888ce2e05f6cefa079e6ed596a37,2026-09-03 13:40:53,2026-05,TAMPINES,4 ROOM,211,TAMPINES ST 23,04 TO 06,93.0,New Generation,1985,58 years 01 month,586888,0.06079271,17621,2026,211 TAMPINES ST 23 Singapore
235689,4df13feb3671db8336beb295a541de89c50552357aba4dfbef57d1f9af125eb0,2026-09-03 13:40:53,2026-08,TAMPINES,4 ROOM,217,TAMPINES ST 23,07 TO 09,93.0,New Generation,1986,58 years 07 months,620000,0.06079271,17621,2026,217 TAMPINES ST 23 Singapore
235690,80743a8d7f9840dd137e27aa958e9d60ba8e30af65ccc27633b169e19947da54,2026-09-03 13:40:53,2026-08,TAMPINES,4 ROOM,226,TAMPINES ST 23,01 TO 03,104.0,Model A,1985,57 years 07 months,574000,0.06079271,17621,2026,226 TAMPINES ST 23 Singapore
235691,11640d42ac7dddf321e8142dec278e89477bdcb699a8cc322d4e34697dbc075d,2026-09-03 13:40:53,2026-03,TAMPINES,4 ROOM,230B,TAMPINES ST 24,01 TO 03,108.0,Model A,1993,66 years 05 months,654000,0.06079271,17621,2026,230B TAMPINES ST 24 Singapore
235692,30c93263404786953d18a8f03166c9de04104e3ce0913e9dd3e7686dfee45c0a,2026-09-03 13:40:53,2026-07,TAMPINES,4 ROOM,221,TAMPINES ST 24,01 TO 03,104.0,Model A,1984,57 years 04 months,610000,0.06079271,17621,2026,221 TAMPINES ST 24 Singapore
235693,6eaeb2857c0014c0d4d424ae2b9bf698892f06aa570af7d4bcaebd6437370bd1,2026-09-03 13:40:53,2026-05,TAMPINES,4 ROOM,301,TAMPINES ST 32,07 TO 09,107.0,Model A,1993,66 years 03 months,670000,0.06079271,17621,2026,301 TAMPINES ST 32 Singapore
235694,84ff11fb71628429bfe650045a05f22edd73d2ccdef82adf09ad260161fa4eb1,2026-09-03 13:40:53,2026-01,TAMPINES,4 ROOM,317,TAMPINES ST 33,07 TO 09,108.0,Model A,1995,68 years 08 months,655000,0.06079271,17621,2026,317 TAMPINES ST 33 Singapore
235695,60d03529ab1e38350f066577d5d697d893aa899ddb0586c794c611e502070b55,2026-09-03 13:40:53,2026-01,TAMPINES,4 ROOM,347,TAMPINES ST 33,01 TO 03,108.0,Model A,1996,69 years 06 months,600000,0.06079271,17621,2026,347 TAMPINES ST 33 Singapore
235696,66392f127c09c602389975c119a983daa663ad287cdf1406998b8f108ed16998,2026-09-03 13:40:53,2026-01,TAMPINES,4 ROOM,321,TAMPINES ST 33,04 TO 06,111.0,Model A,1995,68 years 09 months,628000,0.06079271,17621,2026,321 TAMPINES ST 33 Singapore
235697,6dc32928283371ba67fbfd334bd5fae1caeb099f4bf966bc576a22f422cca463,2026-09-03 13:40:53,2026-02,TAMPINES,4 ROOM,318,TAMPINES ST 33,01 TO 03,112.0,Model A,1995,68 years 06 months,608000,0.06079271,17621,2026,318 TAMPINES ST 33 Singapore
235698,7a58d1900a6de5eee4f0f262025c2c77e005b98106580a32befd855405647fdb,2026-09-03 13:40:53,2026-03,TAMPINES,4 ROOM,351,TAMPINES ST 33,07 TO 09,106.0,Model A,1996,69 years 03 months,635000,0.06079271,17621,2026,351 TAMPINES ST 33 Singapore
235699,e593eedd84678e9ae90fdf8545cfdc005974925f9e16fd437817210d27c7bffe,2026-09-03 13:40:53,2026-03,TAMPINES,4 ROOM,342,TAMPINES ST 33,01 TO 03,111.0,Model A,1995,68 years 10 months,620000,0.06079271,17621,2026,342 TAMPINES ST 33 Singapore
235700,cb7d06060087dc5f0e603c8c6760cb45139b405d047b43d5f6773426dceb6f15,2026-09-03 13:40:53,2026-04,TAMPINES,4 ROOM,320,TAMPINES ST 33,10 TO 12,111.0,Model A,1995,68 years 07 months,638000,0.06079271,17621,2026,320 TAMPINES ST 33 Singapore
235701,10520e3917b113b2af2d21ce784ddff46f5c2ed9370ac279bd9f20c19ba91ecd,2026-09-03 13:40:53,2026-04,TAMPINES,4 ROOM,321,TAMPINES ST 33,07 TO 09,111.0,Model A,1995,68 years 06 months,615000,0.06079271,17621,2026,321 TAMPINES ST 33 Singapore
235702,da301fd6f83b5305b289ce20574bc03b491ac57c5a7b066b43b8699d84100db1,2026-09-03 13:40:53,2026-04,TAMPINES,4 ROOM,343,TAMPINES ST 33,07 TO 09,107.0,Model A,1995,68 years 08 months,640000,0.06079271,17621,2026,343 TAMPINES ST 33 Singapore
235703,fceeeba1a35e173e65aa4cc02ccbc3d90c6c5b3bf90f667b268a69a01a1c9bd8,2026-09-03 13:40:53,2026-05,TAMPINES,4 ROOM,319,TAMPINES ST 33,10 TO 12,108.0,Model A,1995,68 years 05 months,625000,0.06079271,17621,2026,319 TAMPINES ST 33 Singapore
235704,25107f9f9be20a23234ab1a182e3983c7f6decc90a06e872fe6a7f3a180ade2b,2026-09-03 13:40:53,2026-06,TAMPINES,4 ROOM,347,TAMPINES ST 33,01 TO 03,105.0,Model A,1996,69 years 01 month,610000,0.06079271,17621,2026,347 TAMPINES ST 33 Singapore
235705,93244f80cbffbbb2388d5dfa9588f796d2c33b1136ddacc78645be5189b3bcb6,2026-09-03 13:40:53,2026-07,TAMPINES,4 ROOM,341,TAMPINES ST 33,10 TO 12,111.0,Model A,1995,68 years 06 months,640000,0.06079271,17621,2026,341 TAMPINES ST 33 Singapore
235706,665d9537ff4e1f77646f0479c4602b263f461b35931c88872efa6dd4f2715f87,2026-09-03 13:40:53,2026-07,TAMPINES,4 ROOM,342,TAMPINES ST 33,01 TO 03,112.0,Model A,1995,68 years 06 months,570000,0.06079271,17621,2026,342 TAMPINES ST 33 Singapore
235707,22781eb90a47484bf7eab379931678071dd1cf5cab56e30cb9dd0683ba7f5f08,2026-09-03 13:40:53,2026-07,TAMPINES,4 ROOM,346,TAMPINES ST 33,01 TO 03,109.0,Model A,1996,69 years,590000,0.06079271,17621,2026,346 TAMPINES ST 33 Singapore
235708,bacda8a2cbe1935cec16fc99ddf39e3757bb1880b1818d8cf2a6e342762a5791,2026-09-03 13:40:53,2026-08,TAMPINES,4 ROOM,316,TAMPINES ST 33,07 TO 09,108.0,Model A,1995,68 years 01 month,660000,0.06079271,17621,2026,316 TAMPINES ST 33 Singapore
235709,1a9ed3cd77c6a74f8d443ddcefb84940be45d776b5d2aec135631996ada92904,2026-09-03 13:40:53,2026-08,TAMPINES,4 ROOM,346,TAMPINES ST 33,01 TO 03,108.0,Model A,1996,68 years 11 months,585000,0.06079271,17621,2026,346 TAMPINES ST 33 Singapore
235710,9efb6cfb8ced733bc5b6b4d642caf40614de60e810288c062e87468f8c382fcf,2026-09-03 13:40:53,2026-08,TAMPINES,4 ROOM,347,TAMPINES ST 33,07 TO 09,105.0,Model A,1996,68 years 11 months,633000,0.06079271,17621,2026,347 TAMPINES ST 33 Singapore
235711,29ddfdddc99e8eb5c510c9ece1d366884c6bf3a5fdc7666ac775244d8ba769f6,2026-09-03 13:40:53,2026-08,TAMPINES,4 ROOM,338,TAMPINES ST 33,07 TO 09,107.0,Model A,1995,68 years 04 months,640000,0.06079271,17621,2026,338 TAMPINES ST 33 Singapore
235712,f1380bf83da15ee971618c221ba2cec61d9051f455b7b4bb97b5b85dbd36a1bb,2026-09-03 13:40:53,2026-01,TAMPINES,4 ROOM,367A,TAMPINES ST 34,01 TO 03,100.0,Model A,1997,70 years 01 month,625000,0.06079271,17621,2026,367A TAMPINES ST 34 Singapore
235713,775a48b81e97bcf00b44a946775ae3d19ba642adf7f8f4cf6db742ae709275dc,2026-09-03 13:40:53,2026-01,TAMPINES,4 ROOM,370,TAMPINES ST 34,04 TO 06,100.0,Model A,1997,70 years 01 month,630000,0.06079271,17621,2026,370 TAMPINES ST 34 Singapore
235714,00e7c6770f7d2d496ac39528b1e0ef9b4934020382822301788d2a41155deb68,2026-09-03 13:40:53,2026-02,TAMPINES,4 ROOM,365,TAMPINES ST 34,07 TO 09,100.0,Model A,1997,70 years,610000,0.06079271,17621,2026,365 TAMPINES ST 34 Singapore
235715,47dca632f001f000aeb1003e527f61d46807035a55a312ecfc0be7aa2e1974a3,2026-09-03 13:40:53,2026-03,TAMPINES,4 ROOM,374,TAMPINES ST 34,07 TO 09,105.0,Model A,1995,68 years 07 months,655000,0.06079271,17621,2026,374 TAMPINES ST 34 Singapore
235716,57069afe2a53009e4bf5682ce4efe5f6f52789d096be5ba0a37d8b65ca9c0de1,2026-09-03 13:40:53,2026-04,TAMPINES,4 ROOM,359,TAMPINES ST 34,07 TO 09,107.0,Model A,1996,69 years,638000,0.06079271,17621,2026,359 TAMPINES ST 34 Singapore
235717,ddd81916697516fb8777b53e60ab0b7d826b4049219e59d4bb3e356cb8d3f59e,2026-09-03 13:40:53,2026-05,TAMPINES,4 ROOM,362,TAMPINES ST 34,07 TO 09,109.0,Model A,1996,68 years 11 months,630000,0.06079271,17621,2026,362 TAMPINES ST 34 Singapore
235718,97c10eb2e4e541d6d10b3ce7de156cf456fd958e04924d95c09e481ea9c9fc14,2026-09-03 13:40:53,2026-05,TAMPINES,4 ROOM,364,TAMPINES ST 34,04 TO 06,101.0,Model A,1997,69 years 11 months,610000,0.06079271,17621,2026,364 TAMPINES ST 34 Singapore
235719,c638706e3293b94f26d2fdbe9da4e5aa40e5fd871d6af06a3ecdcab1608354b0,2026-09-03 13:40:53,2026-06,TAMPINES,4 ROOM,361,TAMPINES ST 34,04 TO 06,107.0,Model A,1996,69 years,610000,0.06079271,17621,2026,361 TAMPINES ST 34 Singapore
235720,9c49b72417aabb0ef02d50e4296175b20785c4b735ecb4becd7c96e67f1b1d64,2026-09-03 13:40:53,2026-06,TAMPINES,4 ROOM,370,TAMPINES ST 34,07 TO 09,100.0,Model A,1997,69 years 08 months,650000,0.06079271,17621,2026,370 TAMPINES ST 34 Singapore
235721,0f92cfd3d0edec4a6870635ae022a0350d6f2a08e185f0852684fe8e02429481,2026-09-03 13:40:53,2026-07,TAMPINES,4 ROOM,368,TAMPINES ST 34,01 TO 03,101.0,Model A,1997,69 years 11 months,635000,0.06079271,17621,2026,368 TAMPINES ST 34 Singapore
235722,25ee95a8cd3e207a8c926d85be295e46d58b0f2e0a6d77ec0a9aa0b7b05e62d5,2026-09-03 13:40:53,2026-07,TAMPINES,4 ROOM,367,TAMPINES ST 34,04 TO 06,100.0,Model A,1997,69 years 10 months,620000,0.06079271,17621,2026,367 TAMPINES ST 34 Singapore
235723,d394db8ed9b1dcb4d70ef4c8072c549f003dff1a241ad9e4c1f4672c8096a751,2026-09-03 13:40:53,2026-07,TAMPINES,4 ROOM,368,TAMPINES ST 34,04 TO 06,102.0,Model A,1997,69 years 10 months,610000,0.06079271,17621,2026,368 TAMPINES ST 34 Singapore
235724,c2db706325b9830755212182ad8239c454e651bf937197dbd8d6ee768d2ad4c7,2026-09-03 13:40:53,2026-08,TAMPINES,4 ROOM,365,TAMPINES ST 34,04 TO 06,100.0,Model A,1997,69 years 06 months,610000,0.06079271,17621,2026,365 TAMPINES ST 34 Singapore
235725,11c70506e1b23045a9b76930b139bf38409bae4fe6a183de373768052188df1b,2026-09-03 13:40:53,2026-08,TAMPINES,4 ROOM,364,TAMPINES ST 34,04 TO 06,100.0,Model A,1997,69 years 09 months,620000,0.06079271,17621,2026,364 TAMPINES ST 34 Singapore
235726,88ef1d4bd8b3b060dfa2ee62fe77f862db472e38563e5d0350566b7331792931,2026-09-03 13:40:53,2026-09,TAMPINES,4 ROOM,371,TAMPINES ST 34,07 TO 09,105.0,Model A,1995,68 years 01 month,650000,0.06079271,17621,2026,371 TAMPINES ST 34 Singapore
235727,a30882787bfece69e6c52839b78e5d1c4ec82ea415811c7c518ba3742bd8af38,2026-09-03 13:40:53,2026-03,TAMPINES,4 ROOM,421,TAMPINES ST 41,01 TO 03,104.0,Model A,1985,58 years 04 months,605000,0.06079271,17621,2026,421 TAMPINES ST 41 Singapore
235728,f35ca2adbe4079017094e92fa06ef42d3340996e7e64aad0c6b27e88ef66de16,2026-09-03 13:40:53,2026-04,TAMPINES,4 ROOM,416,TAMPINES ST 41,01 TO 03,84.0,Simplified,1987,60 years 01 month,535000,0.06079271,17621,2026,416 TAMPINES ST 41 Singapore
235729,e96042a216ca41a25e8a7842dc1d8f9bc25f138a1ecdde29fd15009a7d4e4861,2026-09-03 13:40:53,2026-04,TAMPINES,4 ROOM,406,TAMPINES ST 41,07 TO 09,89.0,Simplified,1986,59 years 07 months,621000,0.06079271,17621,2026,406 TAMPINES ST 41 Singapore
235730,bbd91c118e33389e264006bb27a31149acbfb44d4e32e68e0d3cdaf7eefc0649,2026-09-03 13:40:53,2026-04,TAMPINES,4 ROOM,409,TAMPINES ST 41,07 TO 09,103.0,Model A,1986,59 years 07 months,662000,0.06079271,17621,2026,409 TAMPINES ST 41 Singapore
235731,11d87cf8eb86943d6e4632d0cef428bbe99010456d449faa1009b62a04e641da,2026-09-03 13:40:53,2026-04,TAMPINES,4 ROOM,418,TAMPINES ST 41,01 TO 03,104.0,Model A,1985,58 years 02 months,615000,0.06079271,17621,2026,418 TAMPINES ST 41 Singapore
235732,7b840dc46c336e157d2c1b8b405c2f84008a03111dc7047607b043b244aada35,2026-09-03 13:40:53,2026-05,TAMPINES,4 ROOM,418,TAMPINES ST 41,04 TO 06,105.0,Model A,1985,58 years 02 months,588000,0.06079271,17621,2026,418 TAMPINES ST 41 Singapore
235733,eab1b47a288daf5ae720cb5d51bda33ab7d51d2921024cd3b10cab2bbf2545c9,2026-09-03 13:40:53,2026-05,TAMPINES,4 ROOM,418,TAMPINES ST 41,04 TO 06,105.0,Model A,1985,58 years 02 months,559888,0.06079271,17621,2026,418 TAMPINES ST 41 Singapore
235734,d42d5509dcf8ecbc84a3ead4c76c39a19ac8fb02eca1592879932e77751d5316,2026-09-03 13:40:53,2026-05,TAMPINES,4 ROOM,432,TAMPINES ST 41,07 TO 09,84.0,Simplified,1986,58 years 11 months,550000,0.06079271,17621,2026,432 TAMPINES ST 41 Singapore
235735,63b75add747522024f4c912cceb7616ad66664c6d50a0f9cde5b274979983b5c,2026-09-03 13:40:53,2026-06,TAMPINES,4 ROOM,414,TAMPINES ST 41,04 TO 06,84.0,Simplified,1987,60 years 01 month,560000,0.06079271,17621,2026,414 TAMPINES ST 41 Singapore
235736,08e2889b5adde455c3e645391ac998b8d5be70fb3f9ef416f2088d689e3b0cb1,2026-09-03 13:40:53,2026-06,TAMPINES,4 ROOM,419,TAMPINES ST 41,10 TO 12,84.0,Simplified,1985,58 years 06 months,576000,0.06079271,17621,2026,419 TAMPINES ST 41 Singapore
235737,442a261f7f486f614ab590323605547558afbf891e815374f79eabcdd16eb67e,2026-09-03 13:40:53,2026-06,TAMPINES,4 ROOM,432,TAMPINES ST 41,10 TO 12,103.0,Model A,1986,58 years 11 months,605000,0.06079271,17621,2026,432 TAMPINES ST 41 Singapore
235738,b8143712144e90947da7708f0303f13a4300f6d187a79dba65a65f1e9c7acfa0,2026-09-03 13:40:53,2026-07,TAMPINES,4 ROOM,418,TAMPINES ST 41,01 TO 03,105.0,Model A,1985,58 years,620000,0.06079271,17621,2026,418 TAMPINES ST 41 Singapore
235739,3b7322dacceb1f2261286238ccc390097f7281b900acd5ddda3282a738451066,2026-09-03 13:40:53,2026-08,TAMPINES,4 ROOM,425,TAMPINES ST 41,07 TO 09,84.0,Simplified,1985,58 years 04 months,550000,0.06079271,17621,2026,425 TAMPINES ST 41 Singapore
235740,9293984814434d940db0715b8f0372335fdd790f5b2f6015112516233b8be280,2026-09-03 13:40:53,2026-08,TAMPINES,4 ROOM,432,TAMPINES ST 41,04 TO 06,84.0,Simplified,1986,58 years 09 months,530000,0.06079271,17621,2026,432 TAMPINES ST 41 Singapore
235741,e55353861ddb758ca4bea36430c95d46178a477b922fac4ad4ffbed66f4b9573,2026-09-03 13:40:53,2026-01,TAMPINES,4 ROOM,455,TAMPINES ST 42,10 TO 12,84.0,Simplified,1988,61 years 01 month,585000,0.06079271,17621,2026,455 TAMPINES ST 42 Singapore
235742,491d1426f8be949fdc19c0f3cb3703adcc88fb2de0481c4983434c1a800c7e42,2026-09-03 13:40:53,2026-01,TAMPINES,4 ROOM,444,TAMPINES ST 42,01 TO 03,108.0,Model A,1985,58 years 05 months,620000,0.06079271,17621,2026,444 TAMPINES ST 42 Singapore
235743,ad3b0710f1866ba3d033a5758c30b0d6f4774062713b65e5dae5371b5e53d209,2026-09-03 13:40:53,2026-01,TAMPINES,4 ROOM,459,TAMPINES ST 42,10 TO 12,88.0,Simplified,1987,60 years 09 months,600000,0.06079271,17621,2026,459 TAMPINES ST 42 Singapore
235744,d29623a9886039b3c11e5a4fc97925737bcb6452293acca4c5b901494672f6f5,2026-09-03 13:40:53,2026-02,TAMPINES,4 ROOM,459,TAMPINES ST 42,01 TO 03,84.0,Simplified,1987,60 years 08 months,553000,0.06079271,17621,2026,459 TAMPINES ST 42 Singapore
235745,eeb4c7dc08efb70feb75971b96224c4674e7ad0a9d158c65bd9781bd75bd0ceb,2026-09-03 13:40:53,2026-02,TAMPINES,4 ROOM,453,TAMPINES ST 42,01 TO 03,84.0,Simplified,1987,60 years 10 months,570000,0.06079271,17621,2026,453 TAMPINES ST 42 Singapore
235746,3ef1ad3bac59aea5f01cd15790e308eba442a8df591b749f8049037831ab2e4f,2026-09-03 13:40:53,2026-02,TAMPINES,4 ROOM,450A,TAMPINES ST 42,04 TO 06,106.0,Model A,1996,69 years 09 months,685000,0.06079271,17621,2026,450A TAMPINES ST 42 Singapore
235747,1efaf1157504d936f02bc33b737d6e329c1e5eebe53fda01576e44c1330acb9b,2026-09-03 13:40:53,2026-03,TAMPINES,4 ROOM,446,TAMPINES ST 42,10 TO 12,104.0,Model A,1985,58 years 04 months,640000,0.06079271,17621,2026,446 TAMPINES ST 42 Singapore
235748,c167cbcd38b4df09d3476eb35ea341dc8d980133d9ec52dae5d7003b596397ec,2026-09-03 13:40:53,2026-04,TAMPINES,4 ROOM,444,TAMPINES ST 42,10 TO 12,105.0,Model A,1985,58 years 01 month,640000,0.06079271,17621,2026,444 TAMPINES ST 42 Singapore
235749,b2d98eac77fee43d33b06bc04c8beea2d7c5140369d53c7131864f530533b6f2,2026-09-03 13:40:53,2026-05,TAMPINES,4 ROOM,447,TAMPINES ST 42,04 TO 06,84.0,Simplified,1985,57 years 09 months,535000,0.06079271,17621,2026,447 TAMPINES ST 42 Singapore
235750,799f6f20df1084916cee27a0f9af0e0dddf4bccb9beaa3f8488dafbe3cf82c0b,2026-09-03 13:40:53,2026-06,TAMPINES,4 ROOM,458,TAMPINES ST 42,01 TO 03,84.0,Simplified,1988,60 years 08 months,555000,0.06079271,17621,2026,458 TAMPINES ST 42 Singapore
235751,5b3293f1707c9eda740db1bec55234319b0b006e5893b7e9739da15d91eb9d58,2026-09-03 13:40:53,2026-07,TAMPINES,4 ROOM,450A,TAMPINES ST 42,07 TO 09,106.0,Model A,1996,69 years 05 months,672000,0.06079271,17621,2026,450A TAMPINES ST 42 Singapore
235752,f76132cfa8f0d5237069cda3e217abb6c75e954dec25f6618f52b3dce127d046,2026-09-03 13:40:53,2026-07,TAMPINES,4 ROOM,448,TAMPINES ST 42,07 TO 09,104.0,Model A,1985,57 years 07 months,605000,0.06079271,17621,2026,448 TAMPINES ST 42 Singapore
235753,36f353fe9afbb3e975f92377435a2e4c612393874ac0bd22d39101fc5ac4aa76,2026-09-03 13:40:53,2026-08,TAMPINES,4 ROOM,458,TAMPINES ST 42,04 TO 06,84.0,Simplified,1988,60 years 06 months,560000,0.06079271,17621,2026,458 TAMPINES ST 42 Singapore
235754,47ff8c8b39aee55e462ba7db8620221e57ab6d5bfe878491de8caf982069b9b0,2026-09-03 13:40:53,2026-01,TAMPINES,4 ROOM,496B,TAMPINES ST 43,10 TO 12,107.0,Model A,1993,66 years 07 months,630000,0.06079271,17621,2026,496B TAMPINES ST 43 Singapore
235755,fbe05a729ae7409e16ac6c7e68e71ac6283c24ed153103d895d24a965e7ed4e4,2026-09-03 13:40:53,2026-02,TAMPINES,4 ROOM,440,TAMPINES ST 43,04 TO 06,84.0,Simplified,1986,59 years 04 months,555000,0.06079271,17621,2026,440 TAMPINES ST 43 Singapore
235756,ee73b2fe15e0d1888ee00dfb039c747393606c15fa8b4e07e7f1928358d43ef8,2026-09-03 13:40:53,2026-02,TAMPINES,4 ROOM,477,TAMPINES ST 43,04 TO 06,86.0,Simplified,1993,66 years 06 months,548000,0.06079271,17621,2026,477 TAMPINES ST 43 Singapore
235757,b13a624728bb76b493a4c27d62aded8ba2da0e7dbfe03c44c5018271d0531d5a,2026-09-03 13:40:53,2026-02,TAMPINES,4 ROOM,440,TAMPINES ST 43,04 TO 06,84.0,Simplified,1986,59 years 04 months,510000,0.06079271,17621,2026,440 TAMPINES ST 43 Singapore
235758,267b0d6949853dd8e5589251779a5b9ab3019b152e353eedd66e20345abe10f0,2026-09-03 13:40:53,2026-02,TAMPINES,4 ROOM,496B,TAMPINES ST 43,04 TO 06,106.0,Model A,1993,66 years 06 months,640000,0.06079271,17621,2026,496B TAMPINES ST 43 Singapore
235759,9aca661120627cdc0a54be58d2474b11033bce1b97c744b903355ddab721c862,2026-09-03 13:40:53,2026-02,TAMPINES,4 ROOM,496B,TAMPINES ST 43,07 TO 09,106.0,Model A,1993,66 years 06 months,640000,0.06079271,17621,2026,496B TAMPINES ST 43 Singapore
235760,b6b267f8b70e2c9c2e9a35adeb0014efc8a8ed37c72b49407fc677be1af4d02c,2026-09-03 13:40:53,2026-04,TAMPINES,4 ROOM,433,TAMPINES ST 43,04 TO 06,89.0,Simplified,1987,60 years 06 months,560000,0.06079271,17621,2026,433 TAMPINES ST 43 Singapore
235761,7a1a432f13f5395eee9d4dbce6eeb1efb62e35e77b4da415879aa2948fe4e0fa,2026-09-03 13:40:53,2026-08,TAMPINES,4 ROOM,438,TAMPINES ST 43,04 TO 06,105.0,Model A,1985,58 years 05 months,605000,0.06079271,17621,2026,438 TAMPINES ST 43 Singapore
235762,2ca726cf8395ac4f8386da5b57945bd69f6da9a905fb4e11c2a2db926f80d381,2026-09-03 13:40:53,2026-09,TAMPINES,4 ROOM,434,TAMPINES ST 43,10 TO 12,104.0,Model A,1986,59 years,640000,0.06079271,17621,2026,434 TAMPINES ST 43 Singapore
235763,998ac818e54cbfa5e19eb06bc6f32e1b7b5577e7667434c4ed675c06a9f6ea23,2026-09-03 13:40:53,2026-01,TAMPINES,4 ROOM,462,TAMPINES ST 44,04 TO 06,89.0,Simplified,1987,60 years 07 months,568000,0.06079271,17621,2026,462 TAMPINES ST 44 Singapore
235764,67609e943fa3e8db5b44483d34347f876f550b617bee18a43790c4d18e47219a,2026-09-03 13:40:53,2026-04,TAMPINES,4 ROOM,467,TAMPINES ST 44,04 TO 06,108.0,Model A,1987,60 years 02 months,630000,0.06079271,17621,2026,467 TAMPINES ST 44 Singapore
235765,2d672bb326f9d4b1f42b7b5bb25b3a350f1472f5e76ae6c9f077fa59cc4bf74b,2026-09-03 13:40:53,2026-07,TAMPINES,4 ROOM,470,TAMPINES ST 44,07 TO 09,84.0,Simplified,1986,58 years 11 months,543000,0.06079271,17621,2026,470 TAMPINES ST 44 Singapore
235766,883c39f3e13ba69157ed794aaca0e89878de3fd5e1f49f9248a5090bd0f25e2d,2026-09-03 13:40:53,2026-08,TAMPINES,4 ROOM,461,TAMPINES ST 44,10 TO 12,84.0,Simplified,1986,58 years 10 months,530000,0.06079271,17621,2026,461 TAMPINES ST 44 Singapore
235767,603ccaaf8073e66e2dbecac1e95afbb4302b25527bc8dba888587c9d32ac895d,2026-09-03 13:40:53,2026-08,TAMPINES,4 ROOM,470,TAMPINES ST 44,07 TO 09,84.0,Simplified,1986,58 years 10 months,530888,0.06079271,17621,2026,470 TAMPINES ST 44 Singapore
235768,50294cd9fd05beff7325b1596497a2778043f8466372d0e9717efc604632b608,2026-09-03 13:40:53,2026-01,TAMPINES,4 ROOM,491C,TAMPINES ST 45,01 TO 03,104.0,Model A,1993,66 years 07 months,625000,0.06079271,17621,2026,491C TAMPINES ST 45 Singapore
235769,f83b3cc713e9e7c09348c684b9219ef74f47a044174b6f0fa7eed09f9d7e42f5,2026-09-03 13:40:53,2026-01,TAMPINES,4 ROOM,491F,TAMPINES ST 45,04 TO 06,105.0,Model A,1993,66 years 07 months,635000,0.06079271,17621,2026,491F TAMPINES ST 45 Singapore
235770,70e576f82838a61e3328c765c2b246da3069d949519101b0a309cdff5d59e6ae,2026-09-03 13:40:53,2026-01,TAMPINES,4 ROOM,498M,TAMPINES ST 45,04 TO 06,106.0,Premium Apartment,1997,70 years 06 months,675000,0.06079271,17621,2026,498M TAMPINES ST 45 Singapore
235771,1c07bac0311e06bd6318a1ecdd4a780d257c6febd799a33c121a75b9e015de3b,2026-09-03 13:40:53,2026-02,TAMPINES,4 ROOM,488B,TAMPINES ST 45,04 TO 06,105.0,Model A,1989,62 years 09 months,610000,0.06079271,17621,2026,488B TAMPINES ST 45 Singapore
235772,9a0008d2c8d8062320e2851814bf07317f8a81434abac743b5259d971a0f15dd,2026-09-03 13:40:53,2026-02,TAMPINES,4 ROOM,498M,TAMPINES ST 45,04 TO 06,106.0,Premium Apartment,1997,70 years 05 months,640000,0.06079271,17621,2026,498M TAMPINES ST 45 Singapore
235773,2f6c51aee4d9c75c40e3f96d4e95f9e1f467766e565d0f7b9b88e542d79c550d,2026-09-03 13:40:53,2026-03,TAMPINES,4 ROOM,492G,TAMPINES ST 45,10 TO 12,92.0,Model A,2018,91 years 09 months,712888,0.06079271,17621,2026,492G TAMPINES ST 45 Singapore
235774,fa791ae64cb1f835601a4f43da3acd19e460b0faa40c2125e0fa2a9c5ec8deed,2026-09-03 13:40:53,2026-03,TAMPINES,4 ROOM,498M,TAMPINES ST 45,01 TO 03,106.0,Premium Apartment,1997,70 years 05 months,635000,0.06079271,17621,2026,498M TAMPINES ST 45 Singapore
235775,e7b23d148aa70467257b0a473c0ffff56905a5c47f880aca8cc2545207d84742,2026-09-03 13:40:53,2026-04,TAMPINES,4 ROOM,491C,TAMPINES ST 45,13 TO 15,103.0,Model A,1993,66 years 04 months,675000,0.06079271,17621,2026,491C TAMPINES ST 45 Singapore
235776,a05a172a117d30a0dd1c2fc56ef2c2e2ee220abfd70007e70e804d9ea021c096,2026-09-03 13:40:53,2026-04,TAMPINES,4 ROOM,489A,TAMPINES ST 45,04 TO 06,104.0,Model A,1989,62 years 02 months,580000,0.06079271,17621,2026,489A TAMPINES ST 45 Singapore
235777,624465348773f84f83c111391807452e986d827bad229c3896b0a715c141e9d1,2026-09-03 13:40:53,2026-04,TAMPINES,4 ROOM,488B,TAMPINES ST 45,07 TO 09,114.0,Model A,1989,62 years 06 months,688000,0.06079271,17621,2026,488B TAMPINES ST 45 Singapore
235778,f3b4a255424031bfbd005361e729d92d41f0be3c7419489a67aafe081187cfaa,2026-09-03 13:40:53,2026-05,TAMPINES,4 ROOM,497C,TAMPINES ST 45,07 TO 09,102.0,Premium Apartment,1996,69 years 02 months,683888,0.06079271,17621,2026,497C TAMPINES ST 45 Singapore
235779,3ec7afc489231bf315861a5a9aed57a959ca42b6dbabf765df92d790546fc9f5,2026-09-03 13:40:53,2026-05,TAMPINES,4 ROOM,487B,TAMPINES ST 45,07 TO 09,105.0,Model A,1989,62 years 07 months,648000,0.06079271,17621,2026,487B TAMPINES ST 45 Singapore
235780,b124952fc3cab5bc6230b750c53995d1cd5bc2c6ffc52619920f0c552a393a87,2026-09-03 13:40:53,2026-05,TAMPINES,4 ROOM,494H,TAMPINES ST 45,01 TO 03,92.0,Model A,2018,91 years 06 months,665000,0.06079271,17621,2026,494H TAMPINES ST 45 Singapore
235781,ff8f67faf95b30b36c664777e3ee2b645a71f61eacaab9a08a04aeda422aaece,2026-09-03 13:40:53,2026-05,TAMPINES,4 ROOM,487B,TAMPINES ST 45,01 TO 03,109.0,Model A,1989,62 years 06 months,610000,0.06079271,17621,2026,487B TAMPINES ST 45 Singapore
235782,7b5afc1ab82cf69bf23419a9435092c40e5e24e44fc3bf21701a9a6915928fb9,2026-09-03 13:40:53,2026-05,TAMPINES,4 ROOM,497H,TAMPINES ST 45,04 TO 06,102.0,Premium Apartment,1996,69 years 01 month,625888,0.06079271,17621,2026,497H TAMPINES ST 45 Singapore
235783,aea7b3b30659b26de446f58d8f8e68c687a6431f92e35a6371a9f792973dbd74,2026-09-03 13:40:53,2026-06,TAMPINES,4 ROOM,497B,TAMPINES ST 45,07 TO 09,102.0,Premium Apartment,1996,69 years 01 month,658000,0.06079271,17621,2026,497B TAMPINES ST 45 Singapore
235784,e657514f0df10d870c78ba5504e90fba4ac6a0ea3349ccaf7b99d0e05fdcc77e,2026-09-03 13:40:53,2026-07,TAMPINES,4 ROOM,498H,TAMPINES ST 45,07 TO 09,106.0,Premium Apartment,1997,69 years 10 months,640000,0.06079271,17621,2026,498H TAMPINES ST 45 Singapore
235785,114c9d1b71ae29ff4d6f89df1b15cd1d39a667da62e74aaf14427ece1b931c37,2026-09-03 13:40:53,2026-07,TAMPINES,4 ROOM,498G,TAMPINES ST 45,01 TO 03,106.0,Premium Apartment,1997,70 years 01 month,640000,0.06079271,17621,2026,498G TAMPINES ST 45 Singapore
235786,1b08ff59d2a387aa871a023701e87770d6719f7ed23aa60286e5d9ffbc712427,2026-09-03 13:40:53,2026-08,TAMPINES,4 ROOM,498J,TAMPINES ST 45,07 TO 09,106.0,Premium Apartment,1997,69 years 09 months,680000,0.06079271,17621,2026,498J TAMPINES ST 45 Singapore
235787,d29938ac9c25adffffe62745c2bee2bc11faa517b2221c32e7665b00a79b7ce9,2026-09-03 13:40:53,2026-01,TAMPINES,4 ROOM,605A,TAMPINES ST 61,07 TO 09,92.0,Model A,2020,93 years 02 months,824800,0.06079271,17621,2026,605A TAMPINES ST 61 Singapore
235788,f40272d8ac440adabe8eaeebbcc7a83a2d710cae3a70fb78e9e507a3eeb454e8,2026-09-03 13:40:53,2026-01,TAMPINES,4 ROOM,606D,TAMPINES ST 61,01 TO 03,92.0,Model A,2020,93 years 02 months,700000,0.06079271,17621,2026,606D TAMPINES ST 61 Singapore
235789,529df2cf97ce847c9be5d42599aea5794ec62bc3593dd265d380c0d345572108,2026-09-03 13:40:53,2026-01,TAMPINES,4 ROOM,605C,TAMPINES ST 61,10 TO 12,92.0,Model A,2020,93 years 02 months,790000,0.06079271,17621,2026,605C TAMPINES ST 61 Singapore
235790,b6a3a44f04a33b90113326068fa09d52107eca5934b9cb9489d51a705e9ec3cf,2026-09-03 13:40:53,2026-01,TAMPINES,4 ROOM,605C,TAMPINES ST 61,01 TO 03,92.0,Model A,2020,93 years 02 months,725000,0.06079271,17621,2026,605C TAMPINES ST 61 Singapore
235791,ee0f01e1e76dd59674ee991774ea650edf1f9428a4b44f8511c423b1b3ebd00f,2026-09-03 13:40:53,2026-01,TAMPINES,4 ROOM,605C,TAMPINES ST 61,10 TO 12,92.0,Model A,2020,93 years 02 months,818000,0.06079271,17621,2026,605C TAMPINES ST 61 Singapore
235792,63eb9a10327b786bdd7c916cf6f2787bc7af6b3982a4e4609262f451a2a41771,2026-09-03 13:40:53,2026-02,TAMPINES,4 ROOM,605C,TAMPINES ST 61,01 TO 03,92.0,Model A,2020,93 years 01 month,730000,0.06079271,17621,2026,605C TAMPINES ST 61 Singapore
235793,76d198b9bec17dd6eae46209f33200f2d69a478d0c11f2b6566453c2f9f72245,2026-09-03 13:40:53,2026-02,TAMPINES,4 ROOM,605C,TAMPINES ST 61,04 TO 06,92.0,Model A,2020,93 years 01 month,750000,0.06079271,17621,2026,605C TAMPINES ST 61 Singapore
235794,5381b2a56ad0677f87a70837a0b129b65d38f3424fb6db5449119e03dbef33b0,2026-09-03 13:40:53,2026-03,TAMPINES,4 ROOM,619B,TAMPINES ST 61,04 TO 06,93.0,Model A,2021,94 years 07 months,758000,0.06079271,17621,2026,619B TAMPINES ST 61 Singapore
235795,574e7f58a7726ef46c99d6eacf304af028d55e21f833d5cc938f2e988b378c64,2026-09-03 13:40:53,2026-04,TAMPINES,4 ROOM,618B,TAMPINES ST 61,13 TO 15,93.0,Model A,2021,94 years 07 months,818000,0.06079271,17621,2026,618B TAMPINES ST 61 Singapore
235796,d47b9b8d945f8997b53b0065e7f6646aeab8a657aba0547dd5c9b351a1c0d37e,2026-09-03 13:40:53,2026-04,TAMPINES,4 ROOM,619A,TAMPINES ST 61,04 TO 06,93.0,Model A,2021,94 years 07 months,745000,0.06079271,17621,2026,619A TAMPINES ST 61 Singapore
235797,304244a83c7bb0078c556376f050161973a4b2e42af9c3aa35b05c2e4eb87f2a,2026-09-03 13:40:53,2026-04,TAMPINES,4 ROOM,618B,TAMPINES ST 61,10 TO 12,93.0,Model A,2021,94 years 07 months,800000,0.06079271,17621,2026,618B TAMPINES ST 61 Singapore
235798,8860354821eedab77100893810a18acbc37143698c7253f9711819dcd85b2d2d,2026-09-03 13:40:53,2026-04,TAMPINES,4 ROOM,620A,TAMPINES ST 61,13 TO 15,93.0,Model A,2021,94 years 06 months,798000,0.06079271,17621,2026,620A TAMPINES ST 61 Singapore
235799,0d7791893c25a924a5bbb467860b713897776f6ef60e29ee8a3ca9aea1e72abb,2026-09-03 13:40:53,2026-05,TAMPINES,4 ROOM,620A,TAMPINES ST 61,10 TO 12,93.0,Model A,2021,94 years 06 months,780000,0.06079271,17621,2026,620A TAMPINES ST 61 Singapore
235800,5dc009fdde5e6ff1fbdaecbdc233ee151d0058698b42523dcde71f81a10d66e6,2026-09-03 13:40:53,2026-05,TAMPINES,4 ROOM,618B,TAMPINES ST 61,07 TO 09,93.0,Model A,2021,94 years 06 months,770000,0.06079271,17621,2026,618B TAMPINES ST 61 Singapore
235801,36f546bcdc8caad23a15bd6670f02b4e81383aa8f2976c96c81dd83f3d8e45b8,2026-09-03 13:40:53,2026-05,TAMPINES,4 ROOM,618B,TAMPINES ST 61,13 TO 15,93.0,Model A,2021,94 years 06 months,800000,0.06079271,17621,2026,618B TAMPINES ST 61 Singapore
235802,e41a157df529994df3a9e3444a1915ded1bfd9bcc9da476cced76e5d40fa88e9,2026-09-03 13:40:53,2026-05,TAMPINES,4 ROOM,619B,TAMPINES ST 61,10 TO 12,93.0,Model A,2021,94 years 06 months,820000,0.06079271,17621,2026,619B TAMPINES ST 61 Singapore
235803,a5a8788996ec9a809891c928422b1114797720b5f6cefb943165c525d79f35a4,2026-09-03 13:40:53,2026-05,TAMPINES,4 ROOM,619A,TAMPINES ST 61,04 TO 06,93.0,Model A,2021,94 years 06 months,740888,0.06079271,17621,2026,619A TAMPINES ST 61 Singapore
235804,f184950f85410e42c9bc30b32598453e2edae053c57a3bafee9f2e381221c97b,2026-09-03 13:40:53,2026-05,TAMPINES,4 ROOM,619B,TAMPINES ST 61,04 TO 06,93.0,Model A,2021,94 years 06 months,715000,0.06079271,17621,2026,619B TAMPINES ST 61 Singapore
235805,aacddef082d8b680beca8023da088f7b419866fee8debfa4a4d1eb0c3dd76aee,2026-09-03 13:40:53,2026-05,TAMPINES,4 ROOM,620A,TAMPINES ST 61,16 TO 18,93.0,Model A,2021,94 years 06 months,825000,0.06079271,17621,2026,620A TAMPINES ST 61 Singapore
235806,78abdc0a11aa7bd2ede24fc98bda60f0229c8722807ec5283ad6d5a9537aa73b,2026-09-03 13:40:53,2026-05,TAMPINES,4 ROOM,618B,TAMPINES ST 61,13 TO 15,93.0,Model A,2021,94 years 06 months,835000,0.06079271,17621,2026,618B TAMPINES ST 61 Singapore
235807,4b7aaa7e9bf868434cbaaff8920a0f4a89dafab6fd4af9813fe161dea25dd0ad,2026-09-03 13:40:53,2026-05,TAMPINES,4 ROOM,618A,TAMPINES ST 61,10 TO 12,93.0,Model A,2021,94 years 06 months,800000,0.06079271,17621,2026,618A TAMPINES ST 61 Singapore
235808,ce427c49903c99dfa02ba0412e97c56987cd2c5ca57a15af0d74e66225aaf976,2026-09-03 13:40:53,2026-05,TAMPINES,4 ROOM,620A,TAMPINES ST 61,04 TO 06,93.0,Model A,2021,94 years 05 months,750000,0.06079271,17621,2026,620A TAMPINES ST 61 Singapore
235809,3e72344867b21c913d10b440ad02f219a17ef71d881065361978dc3ee71a9594,2026-09-03 13:40:53,2026-05,TAMPINES,4 ROOM,618B,TAMPINES ST 61,13 TO 15,93.0,Model A,2021,94 years 05 months,820000,0.06079271,17621,2026,618B TAMPINES ST 61 Singapore
235810,eba3a7fb9074c6dd847302ad598e051d7a6f064588050d988ae2f8fafa0ef4aa,2026-09-03 13:40:53,2026-05,TAMPINES,4 ROOM,619A,TAMPINES ST 61,01 TO 03,93.0,Model A,2021,94 years 05 months,732000,0.06079271,17621,2026,619A TAMPINES ST 61 Singapore
235811,6e218bff19e5a2824300c1ae7fa74a77e92a44b4de05e7f037ea01fdd09545d0,2026-09-03 13:40:53,2026-05,TAMPINES,4 ROOM,618B,TAMPINES ST 61,10 TO 12,93.0,Model A,2021,94 years 05 months,804888,0.06079271,17621,2026,618B TAMPINES ST 61 Singapore
235812,46bde9dc9a851e3cb4b79154339146e34644be6b3b3b1060e6d41f880a364c9c,2026-09-03 13:40:53,2026-05,TAMPINES,4 ROOM,619A,TAMPINES ST 61,13 TO 15,93.0,Model A,2021,94 years 05 months,750000,0.06079271,17621,2026,619A TAMPINES ST 61 Singapore
235813,18375134d3cdbd55ac1f84c245bf53958649b68d89cbc129e804341aa693e312,2026-09-03 13:40:53,2026-06,TAMPINES,4 ROOM,619B,TAMPINES ST 61,10 TO 12,93.0,Model A,2021,94 years 05 months,770000,0.06079271,17621,2026,619B TAMPINES ST 61 Singapore
235814,87191e5271403da7530b64f0ccb8fe65ecc82ff6388230dff7f55ad63f40c70f,2026-09-03 13:40:53,2026-06,TAMPINES,4 ROOM,605A,TAMPINES ST 61,07 TO 09,92.0,Model A,2020,92 years 09 months,780000,0.06079271,17621,2026,605A TAMPINES ST 61 Singapore
235815,a96adaf2640b842a3ef02d131a64f008d932990619ff042600d479e4aa77de1b,2026-09-03 13:40:53,2026-06,TAMPINES,4 ROOM,618A,TAMPINES ST 61,10 TO 12,93.0,Model A,2021,94 years 05 months,802888,0.06079271,17621,2026,618A TAMPINES ST 61 Singapore
235816,99a9121725eb98dc45a48de7eed98c68cec91086de60befd57b27d7a5daeb6ab,2026-09-03 13:40:53,2026-06,TAMPINES,4 ROOM,618B,TAMPINES ST 61,13 TO 15,93.0,Model A,2021,94 years 05 months,818000,0.06079271,17621,2026,618B TAMPINES ST 61 Singapore
235817,75a81e3815fb309dc44b02a86c28a102ae6c25d9099f3f98de9f8a8f6bd64269,2026-09-03 13:40:53,2026-06,TAMPINES,4 ROOM,618B,TAMPINES ST 61,07 TO 09,93.0,Model A,2021,94 years 05 months,760000,0.06079271,17621,2026,618B TAMPINES ST 61 Singapore
235818,7f85769048cedf468601eafb06e4ad65c5ae4a71a59409ec618fd8f7d8c0de44,2026-09-03 13:40:53,2026-06,TAMPINES,4 ROOM,619A,TAMPINES ST 61,07 TO 09,93.0,Model A,2021,94 years 05 months,758888,0.06079271,17621,2026,619A TAMPINES ST 61 Singapore
235819,b0b16ac32280202716e6902f956de38bca129a225afee07d60ebb6cf86c0bd30,2026-09-03 13:40:53,2026-06,TAMPINES,4 ROOM,619B,TAMPINES ST 61,01 TO 03,93.0,Model A,2021,94 years 05 months,750000,0.06079271,17621,2026,619B TAMPINES ST 61 Singapore
235820,67f2eb80992c14bb32e00dd74a63be31cb09d6881b5bdc04abbc212a498bba40,2026-09-03 13:40:53,2026-06,TAMPINES,4 ROOM,618A,TAMPINES ST 61,10 TO 12,93.0,Model A,2021,94 years 04 months,830000,0.06079271,17621,2026,618A TAMPINES ST 61 Singapore
235821,bb1022c82d96e82e773118b12cf1d5efa4f27f53bdfda700f16790b5dbb0f41c,2026-09-03 13:40:53,2026-06,TAMPINES,4 ROOM,620B,TAMPINES ST 61,07 TO 09,93.0,Model A,2021,94 years 05 months,780000,0.06079271,17621,2026,620B TAMPINES ST 61 Singapore
235822,f09651110b493d837983d19c9a64821c8a4a7ad5c43fb22932b4487f4f1a01fe,2026-09-03 13:40:53,2026-06,TAMPINES,4 ROOM,618B,TAMPINES ST 61,10 TO 12,93.0,Model A,2021,94 years 05 months,820000,0.06079271,17621,2026,618B TAMPINES ST 61 Singapore
235823,ab977abd0a1c1db00887f9e180716db803e96e49a386bb9a186f685df47dd395,2026-09-03 13:40:53,2026-06,TAMPINES,4 ROOM,618B,TAMPINES ST 61,10 TO 12,93.0,Model A,2021,94 years 04 months,795000,0.06079271,17621,2026,618B TAMPINES ST 61 Singapore
235824,59347211303698a09fa987b5378221b0b171b4424c498db2860efa8a747b3f14,2026-09-03 13:40:53,2026-06,TAMPINES,4 ROOM,620A,TAMPINES ST 61,07 TO 09,93.0,Model A,2021,94 years 04 months,768000,0.06079271,17621,2026,620A TAMPINES ST 61 Singapore
235825,680b0b4e83c135a915dc7579ac5c1008aa602936ebfb800626703d38fc0f1cc7,2026-09-03 13:40:53,2026-07,TAMPINES,4 ROOM,606C,TAMPINES ST 61,01 TO 03,92.0,Model A,2020,92 years 08 months,723000,0.06079271,17621,2026,606C TAMPINES ST 61 Singapore
235826,b1be001511edeac526a341600e17ca0e6bf1a7acb535dfec11401f8117f3334c,2026-09-03 13:40:53,2026-07,TAMPINES,4 ROOM,619A,TAMPINES ST 61,16 TO 18,93.0,Model A,2021,94 years 04 months,840000,0.06079271,17621,2026,619A TAMPINES ST 61 Singapore
235827,446dac637f15420c4b7f905623e1bf30d41a8e49036a5e11b91dec4748e1edc1,2026-09-03 13:40:53,2026-07,TAMPINES,4 ROOM,621B,TAMPINES ST 61,10 TO 12,93.0,Model A,2022,94 years 07 months,850000,0.06079271,17621,2026,621B TAMPINES ST 61 Singapore
235828,be4133c813c016b52d18515f86f12dd393161237e6f67e2c9278a4c9a06afc44,2026-09-03 13:40:53,2026-07,TAMPINES,4 ROOM,606B,TAMPINES ST 61,01 TO 03,92.0,Model A,2020,92 years 08 months,699000,0.06079271,17621,2026,606B TAMPINES ST 61 Singapore
235829,9ea61c153ebce14cb69dc0d9f6adcaab2b16072a5b5bb76126b83c89ca1a1f87,2026-09-03 13:40:53,2026-07,TAMPINES,4 ROOM,618A,TAMPINES ST 61,07 TO 09,93.0,Model A,2021,94 years 04 months,768000,0.06079271,17621,2026,618A TAMPINES ST 61 Singapore
235830,25b1816755cb7c36f9379055cc6d11dbaa782ace0b26ae9cc295dca3bfdaf8be,2026-09-03 13:40:53,2026-07,TAMPINES,4 ROOM,618A,TAMPINES ST 61,10 TO 12,93.0,Model A,2021,94 years 04 months,780000,0.06079271,17621,2026,618A TAMPINES ST 61 Singapore
235831,f01ed5d4fc48db589c5e57be028a01e00366b64d4b4533179c4d43e607ea7dcf,2026-09-03 13:40:53,2026-07,TAMPINES,4 ROOM,618B,TAMPINES ST 61,13 TO 15,93.0,Model A,2021,94 years 04 months,818000,0.06079271,17621,2026,618B TAMPINES ST 61 Singapore
235832,e9bdfb93697b88714de5a2422d4cc9dd98af9610236e69d1f306994810f50129,2026-09-03 13:40:53,2026-07,TAMPINES,4 ROOM,618A,TAMPINES ST 61,13 TO 15,93.0,Model A,2021,94 years 04 months,868000,0.06079271,17621,2026,618A TAMPINES ST 61 Singapore
235833,50cbc2f18be295398053dc67504cddd9cff94b90c8463ccb7cf9d336db81bb9b,2026-09-03 13:40:53,2026-07,TAMPINES,4 ROOM,618A,TAMPINES ST 61,04 TO 06,93.0,Model A,2021,94 years 04 months,760000,0.06079271,17621,2026,618A TAMPINES ST 61 Singapore
235834,9ccbe764885f43503c20e897a9e5e110b058284c2f1b67cef7817076f927047e,2026-09-03 13:40:53,2026-07,TAMPINES,4 ROOM,620A,TAMPINES ST 61,10 TO 12,93.0,Model A,2021,94 years 04 months,785000,0.06079271,17621,2026,620A TAMPINES ST 61 Singapore
235835,edc1be67086e2c8f42a390aabfd29e0bc69ee789eb55a13c7ea9453098b4b388,2026-09-03 13:40:53,2026-07,TAMPINES,4 ROOM,619B,TAMPINES ST 61,04 TO 06,93.0,Model A,2021,94 years 04 months,730000,0.06079271,17621,2026,619B TAMPINES ST 61 Singapore
235836,461aefcc7d181d89a54d22833450e27a72857b9e51a3be859a1b7675464c2109,2026-09-03 13:40:53,2026-07,TAMPINES,4 ROOM,618A,TAMPINES ST 61,01 TO 03,93.0,Model A,2021,94 years 03 months,718000,0.06079271,17621,2026,618A TAMPINES ST 61 Singapore
235837,673592e437a9c509290b351cedbf0a3b47770c1c5da0e2f4f5ada759f62aa037,2026-09-03 13:40:53,2026-07,TAMPINES,4 ROOM,620A,TAMPINES ST 61,04 TO 06,93.0,Model A,2021,94 years 04 months,758000,0.06079271,17621,2026,620A TAMPINES ST 61 Singapore
235838,5d4f9fc295cb1f64deddaac2d4e87dbd2ac2906085eaa7139a5b7c2129ce685a,2026-09-03 13:40:53,2026-07,TAMPINES,4 ROOM,621A,TAMPINES ST 61,04 TO 06,93.0,Model A,2022,94 years 06 months,750000,0.06079271,17621,2026,621A TAMPINES ST 61 Singapore
235839,953242c1aec76b851f2e339d0f60e1b5c47129e79daa1b8ffdedf6213a220310,2026-09-03 13:40:53,2026-07,TAMPINES,4 ROOM,620A,TAMPINES ST 61,16 TO 18,93.0,Model A,2021,94 years 03 months,805000,0.06079271,17621,2026,620A TAMPINES ST 61 Singapore
235840,dfadc51427cc073c61d90147151c340e8f986fd141febf1b1692392de47c11f5,2026-09-03 13:40:53,2026-07,TAMPINES,4 ROOM,621A,TAMPINES ST 61,04 TO 06,93.0,Model A,2022,94 years 06 months,749000,0.06079271,17621,2026,621A TAMPINES ST 61 Singapore
235841,2044071bb4fee198932fb29f0bdd3189322971018f55f06fdfdb3ca6db179880,2026-09-03 13:40:53,2026-07,TAMPINES,4 ROOM,606D,TAMPINES ST 61,04 TO 06,92.0,Model A,2020,92 years 07 months,740000,0.06079271,17621,2026,606D TAMPINES ST 61 Singapore
235842,7fabd27ba11ef6288f1572680a86e23996af965770ec3c4ba03e16c8e2cbb762,2026-09-03 13:40:53,2026-07,TAMPINES,4 ROOM,606B,TAMPINES ST 61,13 TO 15,92.0,Model A,2020,92 years 08 months,790000,0.06079271,17621,2026,606B TAMPINES ST 61 Singapore
235843,998b132053c641d6dbdd10cbfa8234fc2d1c36e28f622e88fe7e64b1d2cc9935,2026-09-03 13:40:53,2026-07,TAMPINES,4 ROOM,606C,TAMPINES ST 61,07 TO 09,92.0,Model A,2020,92 years 07 months,745000,0.06079271,17621,2026,606C TAMPINES ST 61 Singapore
235844,cdbcc548e44f854e73d2aed276d8b2de62bb4330af2196f7f92170a2ec9a797e,2026-09-03 13:40:53,2026-07,TAMPINES,4 ROOM,620A,TAMPINES ST 61,01 TO 03,93.0,Model A,2021,94 years 03 months,737000,0.06079271,17621,2026,620A TAMPINES ST 61 Singapore
235845,08963ee2204bcaaef062fcbe0745d86d06824445eef8addb8e96992cd55de959,2026-09-03 13:40:53,2026-08,TAMPINES,4 ROOM,620A,TAMPINES ST 61,10 TO 12,93.0,Model A,2021,94 years 03 months,805000,0.06079271,17621,2026,620A TAMPINES ST 61 Singapore
235846,65f6ee3f610b97071201676ecbf3b7086ed4b2a286668cb1e637cb4a123a4a0a,2026-09-03 13:40:53,2026-08,TAMPINES,4 ROOM,619A,TAMPINES ST 61,13 TO 15,93.0,Model A,2021,94 years 03 months,762000,0.06079271,17621,2026,619A TAMPINES ST 61 Singapore
235847,67df946903e785dfe6b8f0dbeb0e539c24685a4afe7551aed6de55f8f0685553,2026-09-03 13:40:53,2026-08,TAMPINES,4 ROOM,621A,TAMPINES ST 61,04 TO 06,93.0,Model A,2022,94 years 06 months,730000,0.06079271,17621,2026,621A TAMPINES ST 61 Singapore
235848,e952aaec74914b18a03417933d922d82f1c986e1fece0c618a9aa14da0ce2cbd,2026-09-03 13:40:53,2026-08,TAMPINES,4 ROOM,620A,TAMPINES ST 61,07 TO 09,93.0,Model A,2021,94 years 03 months,778000,0.06079271,17621,2026,620A TAMPINES ST 61 Singapore
235849,733a0d64375a3b969b0527aebd75b024a2d5d97303bfc4eeaa9f2db1d778e95a,2026-09-03 13:40:53,2026-08,TAMPINES,4 ROOM,620B,TAMPINES ST 61,01 TO 03,93.0,Model A,2021,94 years 03 months,740000,0.06079271,17621,2026,620B TAMPINES ST 61 Singapore
235850,95ea7e94301b5df8a3b7014597a013a5e624cea38cd63888680f76f1a1e0ea6e,2026-09-03 13:40:53,2026-08,TAMPINES,4 ROOM,621A,TAMPINES ST 61,04 TO 06,93.0,Model A,2022,94 years 06 months,720000,0.06079271,17621,2026,621A TAMPINES ST 61 Singapore
235851,6adfffe17c802bc72bfa32557075180b48db93515c9306f87e703feae22df97f,2026-09-03 13:40:53,2026-08,TAMPINES,4 ROOM,621A,TAMPINES ST 61,16 TO 18,93.0,Model A,2022,94 years 06 months,825000,0.06079271,17621,2026,621A TAMPINES ST 61 Singapore
235852,cf305eb056ddb8c435ede02dd6a541ba55e8baf6cc25211d3ccb0ee4520481d4,2026-09-03 13:40:53,2026-08,TAMPINES,4 ROOM,619A,TAMPINES ST 61,16 TO 18,93.0,Model A,2021,94 years 03 months,800000,0.06079271,17621,2026,619A TAMPINES ST 61 Singapore
235853,40b2ad20348d067a1bb2fe6609bf16a006dd7c192d90668b28ccba4b22f88e66,2026-09-03 13:40:53,2026-08,TAMPINES,4 ROOM,627A,TAMPINES ST 61,10 TO 12,93.0,Model A,2022,94 years 06 months,788000,0.06079271,17621,2026,627A TAMPINES ST 61 Singapore
235854,e45cbfd6c918a722fc57afa9ffc71f57b729baa311ab72bc762ccf8e8417a2e6,2026-09-03 13:40:53,2026-08,TAMPINES,4 ROOM,621A,TAMPINES ST 61,13 TO 15,93.0,Model A,2022,94 years 06 months,838888,0.06079271,17621,2026,621A TAMPINES ST 61 Singapore
235855,c0781383b8fa05214327a20d1cb7eb736e071e4a02dbf56eae86f2aff277b8bf,2026-09-03 13:40:53,2026-08,TAMPINES,4 ROOM,621A,TAMPINES ST 61,13 TO 15,93.0,Model A,2022,94 years 06 months,818000,0.06079271,17621,2026,621A TAMPINES ST 61 Singapore
235856,21d23d0d816575e1c3d13cb97ec84f7023b7a8da3a922bd0395045e4f3643a3b,2026-09-03 13:40:53,2026-08,TAMPINES,4 ROOM,621A,TAMPINES ST 61,07 TO 09,93.0,Model A,2022,94 years 06 months,768888,0.06079271,17621,2026,621A TAMPINES ST 61 Singapore
235857,0ed1db9e9819c2d5a088c5b65ea2b9f4099a05a64901790478d35263624c17c0,2026-09-03 13:40:53,2026-08,TAMPINES,4 ROOM,618B,TAMPINES ST 61,13 TO 15,93.0,Model A,2021,94 years 03 months,808000,0.06079271,17621,2026,618B TAMPINES ST 61 Singapore
235858,57734340ecf4a4974f53836cf39eb6fd4cc2e5cf9b7f106706cb6688bef9055d,2026-09-03 13:40:53,2026-08,TAMPINES,4 ROOM,618A,TAMPINES ST 61,04 TO 06,93.0,Model A,2021,94 years 03 months,756000,0.06079271,17621,2026,618A TAMPINES ST 61 Singapore
235859,edc1b1c80d518a825f7a6b2e0dcc127376b4a9ed0c3a2bab1243eb93dca747bb,2026-09-03 13:40:53,2026-08,TAMPINES,4 ROOM,619A,TAMPINES ST 61,07 TO 09,93.0,Model A,2021,94 years 03 months,748800,0.06079271,17621,2026,619A TAMPINES ST 61 Singapore
235860,f456e119315852869ee629ccc69e9ef4d7ed3afaa085416a150e6444c91b6517,2026-09-03 13:40:53,2026-08,TAMPINES,4 ROOM,620B,TAMPINES ST 61,10 TO 12,93.0,Model A,2021,94 years 02 months,798888,0.06079271,17621,2026,620B TAMPINES ST 61 Singapore
235861,c3c51338864ba929f9462c5b3eeb126e6a63027d3a3e391b9310cdbc51b83f1d,2026-09-03 13:40:53,2026-08,TAMPINES,4 ROOM,627B,TAMPINES ST 61,04 TO 06,96.0,Model A,2022,94 years 05 months,835000,0.06079271,17621,2026,627B TAMPINES ST 61 Singapore
235862,954b0448477067424fb53c8fe10b5503a2fbb95aeaabb8166683cb21ff6ab414,2026-09-03 13:40:53,2026-09,TAMPINES,4 ROOM,606B,TAMPINES ST 61,13 TO 15,92.0,Model A,2020,92 years 06 months,788000,0.06079271,17621,2026,606B TAMPINES ST 61 Singapore
235863,527852369daa80b8fb34045672bcc32c38f7ba302dd06207c6ba88b04e06c2c5,2026-09-03 13:40:53,2026-01,TAMPINES,4 ROOM,726,TAMPINES ST 71,10 TO 12,103.0,Model A,1997,70 years 08 months,688000,0.06079271,17621,2026,726 TAMPINES ST 71 Singapore
235864,c6e300f80aad73aa5a59aace73409f353b81948f2effcf0c34d18bf05b3385b0,2026-09-03 13:40:53,2026-01,TAMPINES,4 ROOM,714,TAMPINES ST 71,10 TO 12,100.0,Model A,1997,70 years 03 months,648000,0.06079271,17621,2026,714 TAMPINES ST 71 Singapore
235865,2da0c464eafa1cc849b03e63dc92b22ddcb41030696ed469c45fba4890f2e5bb,2026-09-03 13:40:53,2026-01,TAMPINES,4 ROOM,727,TAMPINES ST 71,07 TO 09,103.0,Model A,1997,70 years 09 months,660000,0.06079271,17621,2026,727 TAMPINES ST 71 Singapore
235866,3465b05c9e41d15030399983a5651a355a30ff7dd4d1386cd5f580b2b90649af,2026-09-03 13:40:53,2026-01,TAMPINES,4 ROOM,716,TAMPINES ST 71,10 TO 12,99.0,Model A,1997,70 years 04 months,678888,0.06079271,17621,2026,716 TAMPINES ST 71 Singapore
235867,640eb9ab8c06b325b70535343b0675183f718f702a614bfedc03b1c8e29defa7,2026-09-03 13:40:53,2026-01,TAMPINES,4 ROOM,730,TAMPINES ST 71,07 TO 09,103.0,Model A,1997,71 years,660000,0.06079271,17621,2026,730 TAMPINES ST 71 Singapore
235868,0f0e24317c9fbef7d936f1d6f04126b8be71fce625bf6476adcd1167f50bca19,2026-09-03 13:40:53,2026-01,TAMPINES,4 ROOM,713,TAMPINES ST 71,10 TO 12,102.0,Model A,1997,70 years 02 months,655000,0.06079271,17621,2026,713 TAMPINES ST 71 Singapore
235869,c7650b2b5b6245a58cf4dd67ba693b9530c2911c27d1ea109c5947d74528e4df,2026-09-03 13:40:53,2026-02,TAMPINES,4 ROOM,721,TAMPINES ST 71,10 TO 12,99.0,Model A,1997,70 years 03 months,675000,0.06079271,17621,2026,721 TAMPINES ST 71 Singapore
235870,1e5c33ca1a62ac635fdf430711cae7e966f2d13aa2d8daee44cc36ad1d8b4596,2026-09-03 13:40:53,2026-03,TAMPINES,4 ROOM,731,TAMPINES ST 71,04 TO 06,104.0,Model A,1997,70 years 04 months,660000,0.06079271,17621,2026,731 TAMPINES ST 71 Singapore
235871,37d02ec7509c6b3e55e6ab59c1778cf7b5ea4e53b94a8798135a088fb6eb2303,2026-09-03 13:40:53,2026-04,TAMPINES,4 ROOM,705,TAMPINES ST 71,04 TO 06,99.0,Model A,1997,70 years 04 months,650000,0.06079271,17621,2026,705 TAMPINES ST 71 Singapore
235872,ecdd7e7d52f8f96f5cb1f6819037899c7712260e4b0f126220d5e8ffba5139c8,2026-09-03 13:40:53,2026-04,TAMPINES,4 ROOM,733,TAMPINES ST 71,13 TO 15,100.0,Model A,1997,70 years 03 months,670000,0.06079271,17621,2026,733 TAMPINES ST 71 Singapore
235873,27d1e8d875c7a4f7938b427854ae76e808b1e242884cadb834ace6ddbf0cbedb,2026-09-03 13:40:53,2026-04,TAMPINES,4 ROOM,708,TAMPINES ST 71,07 TO 09,102.0,Model A,1997,70 years 02 months,650000,0.06079271,17621,2026,708 TAMPINES ST 71 Singapore
235874,13fade042542dac7349f2b60ab78bf437de99bde4eba317775b5cf2bc2e5ac8d,2026-09-03 13:40:53,2026-05,TAMPINES,4 ROOM,709,TAMPINES ST 71,10 TO 12,99.0,Model A,1997,70 years 02 months,668000,0.06079271,17621,2026,709 TAMPINES ST 71 Singapore
235875,dfa070f7ace28e0c19ac3806d403d36e8603f429eb7df98fd0cd8938ba64889e,2026-09-03 13:40:53,2026-05,TAMPINES,4 ROOM,727,TAMPINES ST 71,13 TO 15,103.0,Model A,1997,70 years 04 months,693800,0.06079271,17621,2026,727 TAMPINES ST 71 Singapore
235876,35a43aa803ffdcf88ab3baea19036c586b97b24750bb4347c60235128fd4eaa9,2026-09-03 13:40:53,2026-06,TAMPINES,4 ROOM,707,TAMPINES ST 71,01 TO 03,100.0,Model A,1997,70 years 01 month,615000,0.06079271,17621,2026,707 TAMPINES ST 71 Singapore
235877,45494702fe972f897d12b2a5447660fd495e499ed8d0f2945d8dd9779398fc19,2026-09-03 13:40:53,2026-06,TAMPINES,4 ROOM,713,TAMPINES ST 71,13 TO 15,100.0,Model A,1997,69 years 10 months,655000,0.06079271,17621,2026,713 TAMPINES ST 71 Singapore
235878,c3b6c33779829c0e332aa2616c50b4092c7709f8d7a4f468385e771d0a17a341,2026-09-03 13:40:53,2026-06,TAMPINES,4 ROOM,703,TAMPINES ST 71,07 TO 09,100.0,Model A,1997,70 years 02 months,650000,0.06079271,17621,2026,703 TAMPINES ST 71 Singapore
235879,697ca97fca74afe973b7697f93c40f66807d03c6ef7d1c64d62c51b669f02dcf,2026-09-03 13:40:53,2026-06,TAMPINES,4 ROOM,714,TAMPINES ST 71,01 TO 03,100.0,Model A,1997,69 years 09 months,660000,0.06079271,17621,2026,714 TAMPINES ST 71 Singapore
235880,32a7fb79cf148d9178d2ebb9c784c16f9d62268e1363e838b76f2e320c94ebd6,2026-09-03 13:40:53,2026-07,TAMPINES,4 ROOM,724,TAMPINES ST 71,10 TO 12,103.0,Model A,1997,70 years 02 months,680000,0.06079271,17621,2026,724 TAMPINES ST 71 Singapore
235881,b73f9a28e750bbe5750bfcda1bfb3c0472a6cf4e413785dd4c66d002facea6e2,2026-09-03 13:40:53,2026-07,TAMPINES,4 ROOM,733,TAMPINES ST 71,13 TO 15,103.0,Model A,1997,70 years,678000,0.06079271,17621,2026,733 TAMPINES ST 71 Singapore
235882,7fe03d6b453178a70a9d1cc5c6bee1800448e14b2738b7bae2416f728e5c0a98,2026-09-03 13:40:53,2026-07,TAMPINES,4 ROOM,729,TAMPINES ST 71,01 TO 03,104.0,Model A,1997,70 years 02 months,650000,0.06079271,17621,2026,729 TAMPINES ST 71 Singapore
235883,0be4bef91dc96e68be4b79acd2c5b13769f1196bbb1dc884461c29e58ac0a8a5,2026-09-03 13:40:53,2026-08,TAMPINES,4 ROOM,708,TAMPINES ST 71,04 TO 06,100.0,Model A,1997,69 years 11 months,645000,0.06079271,17621,2026,708 TAMPINES ST 71 Singapore
235884,abd06384fa65f6f2e542349a6aae9de9c81dce696e0306a9faee4f5d02950561,2026-09-03 13:40:53,2026-08,TAMPINES,4 ROOM,702,TAMPINES ST 71,04 TO 06,100.0,Model A,1997,70 years 01 month,650000,0.06079271,17621,2026,702 TAMPINES ST 71 Singapore
235885,345a4311441bde4e7f346586cf8965fb1dd830660f17a43e4b2c92014240c419,2026-09-03 13:40:53,2026-08,TAMPINES,4 ROOM,710,TAMPINES ST 71,04 TO 06,101.0,Model A,1997,69 years 11 months,660000,0.06079271,17621,2026,710 TAMPINES ST 71 Singapore
235886,91918feea6f0e3dca4bb07e00fe7cfa1749cb1ac929e1dca48533ec2627543ec,2026-09-03 13:40:53,2026-08,TAMPINES,4 ROOM,724,TAMPINES ST 71,10 TO 12,103.0,Model A,1997,70 years,683888,0.06079271,17621,2026,724 TAMPINES ST 71 Singapore
235887,f9e49964f89c4e247225dab0eadc3cb6ef8b5fb0be2b0cc4ca1bb220672e95c3,2026-09-03 13:40:53,2026-08,TAMPINES,4 ROOM,703,TAMPINES ST 71,07 TO 09,100.0,Model A,1997,70 years,670000,0.06079271,17621,2026,703 TAMPINES ST 71 Singapore
235888,1eff9421a1c96f15f90e123ec53c4929fc64fb05a45565ae35b914d3b563ffc6,2026-09-03 13:40:53,2026-08,TAMPINES,4 ROOM,733,TAMPINES ST 71,13 TO 15,103.0,Model A,1997,69 years 10 months,680000,0.06079271,17621,2026,733 TAMPINES ST 71 Singapore
235889,89c29804e21b8fcb416c4d30d99e45582726f20c5699b2c6c9a3ec4fc9b2feff,2026-09-03 13:40:53,2026-01,TAMPINES,4 ROOM,717,TAMPINES ST 72,07 TO 09,100.0,Model A,1997,70 years 05 months,635000,0.06079271,17621,2026,717 TAMPINES ST 72 Singapore
235890,1be8939b3f30b01e581d7eedfb452ccb7f075fd95ea19f0c1c21e890002fad62,2026-09-03 13:40:53,2026-01,TAMPINES,4 ROOM,719,TAMPINES ST 72,13 TO 15,101.0,Model A,1997,70 years 05 months,675000,0.06079271,17621,2026,719 TAMPINES ST 72 Singapore
235891,5622d40d672f011b500296cc3db88d391feeee7f02b330618756aab1a7226873,2026-09-03 13:40:53,2026-02,TAMPINES,4 ROOM,736,TAMPINES ST 72,10 TO 12,100.0,Model A,1997,70 years 07 months,650000,0.06079271,17621,2026,736 TAMPINES ST 72 Singapore
235892,9b202cd3afb813ce49c022e4f85ad3d4ef054edc13ad77827521644d2ebbaf3d,2026-09-03 13:40:53,2026-02,TAMPINES,4 ROOM,717,TAMPINES ST 72,07 TO 09,100.0,Model A,1997,70 years 03 months,610000,0.06079271,17621,2026,717 TAMPINES ST 72 Singapore
235893,fe7367e148fd21076985ec5a4b32d9b00323d6e67deecfcf7c91e6faac9f1071,2026-09-03 13:40:53,2026-03,TAMPINES,4 ROOM,736,TAMPINES ST 72,07 TO 09,100.0,Model A,1997,70 years 07 months,668000,0.06079271,17621,2026,736 TAMPINES ST 72 Singapore
235894,c8a76de024cb3b18e21030e84a0aff0c58ea6ddc92e4da3c50e243a4019106a1,2026-09-03 13:40:53,2026-04,TAMPINES,4 ROOM,722,TAMPINES ST 72,04 TO 06,99.0,Model A,1997,70 years 01 month,650000,0.06079271,17621,2026,722 TAMPINES ST 72 Singapore
235895,9b48c4165cce663860873231c172f185af36f137ab31ef96f56e3da3fce0ded8,2026-09-03 13:40:53,2026-05,TAMPINES,4 ROOM,720,TAMPINES ST 72,13 TO 15,99.0,Model A,1997,70 years,677000,0.06079271,17621,2026,720 TAMPINES ST 72 Singapore
235896,900b6542a49e4bee617c404bbadf04fa160d4e2571ac8247d55c3ab3bd179be7,2026-09-03 13:40:53,2026-05,TAMPINES,4 ROOM,735,TAMPINES ST 72,04 TO 06,102.0,Model A,1997,70 years 08 months,625000,0.06079271,17621,2026,735 TAMPINES ST 72 Singapore
235897,4308b6d4c28cd6a695a938ee5b613cd881d54e9a6373f47bb8a7dba31b8692a5,2026-09-03 13:40:53,2026-05,TAMPINES,4 ROOM,742,TAMPINES ST 72,04 TO 06,100.0,Model A,1997,70 years 05 months,630000,0.06079271,17621,2026,742 TAMPINES ST 72 Singapore
235898,6b66d304a75922b9cb7710ec03253acf49575d2ecfc8c99b9cbddf1a507a7990,2026-09-03 13:40:53,2026-06,TAMPINES,4 ROOM,719,TAMPINES ST 72,04 TO 06,99.0,Model A,1997,70 years,643000,0.06079271,17621,2026,719 TAMPINES ST 72 Singapore
235899,437a147c5866d36b2446f0f794c05459b1c83bd028343ca4dd5081b060b9f4e7,2026-09-03 13:40:53,2026-07,TAMPINES,4 ROOM,741,TAMPINES ST 72,10 TO 12,101.0,Model A,1997,70 years 06 months,695000,0.06079271,17621,2026,741 TAMPINES ST 72 Singapore
235900,a62aefb99d4d776af6785ae86930abf9c1c1a7aba1ae6fb3fa6037da410cac68,2026-09-03 13:40:53,2026-07,TAMPINES,4 ROOM,723,TAMPINES ST 72,13 TO 15,99.0,Model A,1997,69 years 10 months,700000,0.06079271,17621,2026,723 TAMPINES ST 72 Singapore
235901,908c7093b0122cbd4dece534a4883cd9fbd22afc3c3808cf6f2ba5145b6623ae,2026-09-03 13:40:53,2026-08,TAMPINES,4 ROOM,719,TAMPINES ST 72,07 TO 09,100.0,Model A,1997,69 years 09 months,655000,0.06079271,17621,2026,719 TAMPINES ST 72 Singapore
235902,bf623c90ddf1b503556979ec6099a7b906881afb9ce8336f5dfbb4150cd6a9cb,2026-09-03 13:40:53,2026-08,TAMPINES,4 ROOM,722,TAMPINES ST 72,07 TO 09,99.0,Model A,1997,69 years 08 months,660000,0.06079271,17621,2026,722 TAMPINES ST 72 Singapore
235903,31f9df3b61060a236e58982edabe91e0d1213a578bbf94a32a5f978cb06bae84,2026-09-03 13:40:53,2026-05,TAMPINES,4 ROOM,818,TAMPINES ST 81,01 TO 03,105.0,Model A,1984,57 years 02 months,655000,0.06079271,17621,2026,818 TAMPINES ST 81 Singapore
235904,2a4f43be711d26aaa2a139cc2c4f7200fcec7b27463d077269d5d69e9c2a6026,2026-09-03 13:40:53,2026-05,TAMPINES,4 ROOM,888A,TAMPINES ST 81,10 TO 12,104.0,Model A,1989,61 years 10 months,668000,0.06079271,17621,2026,888A TAMPINES ST 81 Singapore
235905,259b7e8d7843327905e4995fadb245570953d9e5b396c42474c171d6026a4f2a,2026-09-03 13:40:53,2026-06,TAMPINES,4 ROOM,813,TAMPINES ST 81,01 TO 03,104.0,Model A,1984,57 years 03 months,608888,0.06079271,17621,2026,813 TAMPINES ST 81 Singapore
235906,3d994799d25a6b960f5685c7ef5803440e11fee8de69b1ec8358dbf95899a979,2026-09-03 13:40:53,2026-06,TAMPINES,4 ROOM,888,TAMPINES ST 81,04 TO 06,104.0,Model A,1988,61 years 05 months,610000,0.06079271,17621,2026,888 TAMPINES ST 81 Singapore
235907,bd18b75c52904a7eb0ba21dcf5ef93fe301bf784fef80aedca2592f21a71cd52,2026-09-03 13:40:53,2026-07,TAMPINES,4 ROOM,888A,TAMPINES ST 81,07 TO 09,104.0,Model A,1989,61 years 07 months,675000,0.06079271,17621,2026,888A TAMPINES ST 81 Singapore
235908,dac8384e6ab1cb1125da8db858d962a388d520dbfc6db540f81e4515bd19537a,2026-09-03 13:40:53,2026-08,TAMPINES,4 ROOM,896,TAMPINES ST 81,01 TO 03,104.0,Model A,1988,61 years 02 months,640000,0.06079271,17621,2026,896 TAMPINES ST 81 Singapore
235909,e721e60aff353854d48f3235270ad9b2ae5e1e60171d73a16b0a92fdfaa5cbc6,2026-09-03 13:40:53,2026-08,TAMPINES,4 ROOM,814,TAMPINES ST 81,04 TO 06,104.0,Model A,1984,57 years,638000,0.06079271,17621,2026,814 TAMPINES ST 81 Singapore
235910,d162695d8cebbc9346640caa33c5f10bca5632084ac8f91f4b2f519641639358,2026-09-03 13:40:53,2026-09,TAMPINES,4 ROOM,889A,TAMPINES ST 81,01 TO 03,104.0,Model A,1989,61 years 06 months,618000,0.06079271,17621,2026,889A TAMPINES ST 81 Singapore
235911,6979fe236ba4ced7ec740e0b65761480eed9436deedbd822b5cc6640d2c8e668,2026-09-03 13:40:53,2026-01,TAMPINES,4 ROOM,842G,TAMPINES ST 82,10 TO 12,108.0,Model A,1995,68 years 08 months,695000,0.06079271,17621,2026,842G TAMPINES ST 82 Singapore
235912,6667a6876c2c822a013b25cadaa1d59b5441bcb4300b3be54647adc95d669670,2026-09-03 13:40:53,2026-01,TAMPINES,4 ROOM,836,TAMPINES ST 82,01 TO 03,105.0,Model A,1985,58 years 04 months,620000,0.06079271,17621,2026,836 TAMPINES ST 82 Singapore
235913,0039a0bd3eacdaf4b1694d64ba3b22aa8e4fd5ae7a35f9045d49398219271729,2026-09-03 13:40:53,2026-01,TAMPINES,4 ROOM,842H,TAMPINES ST 82,01 TO 03,106.0,Model A,1995,68 years 08 months,650000,0.06079271,17621,2026,842H TAMPINES ST 82 Singapore
235914,3ff1d58160e18b0dd2fef811fc0641de9b3bf0e6ade072680a450a8dc9fc5dd8,2026-09-03 13:40:53,2026-01,TAMPINES,4 ROOM,836,TAMPINES ST 82,04 TO 06,84.0,Simplified,1985,58 years 03 months,540000,0.06079271,17621,2026,836 TAMPINES ST 82 Singapore
235915,552b9b17633894e6cfaeb2cbacf9a25b2e03594c3697212ec44cae0c8b8c6ed7,2026-09-03 13:40:53,2026-02,TAMPINES,4 ROOM,840,TAMPINES ST 82,04 TO 06,84.0,Simplified,1986,59 years,560000,0.06079271,17621,2026,840 TAMPINES ST 82 Singapore
235916,a111321aba02fb7da8a43efc820a1186e5b69de96aa04266158c01217b8271df,2026-09-03 13:40:53,2026-03,TAMPINES,4 ROOM,854,TAMPINES ST 82,07 TO 09,104.0,Model A,1985,58 years 07 months,660000,0.06079271,17621,2026,854 TAMPINES ST 82 Singapore
235917,8fe78062cfb098ab9212f0207934c81f3afc3422791bc2629b0d01dbb944ade6,2026-09-03 13:40:53,2026-03,TAMPINES,4 ROOM,842,TAMPINES ST 82,04 TO 06,103.0,Model A,1986,59 years 03 months,620000,0.06079271,17621,2026,842 TAMPINES ST 82 Singapore
235918,4b933fb4f41e062834e69e692bd8a8a833e3cf70ebf035186f7f489ed2e8d6c1,2026-09-03 13:40:53,2026-03,TAMPINES,4 ROOM,842G,TAMPINES ST 82,10 TO 12,107.0,Model A,1995,68 years 05 months,695000,0.06079271,17621,2026,842G TAMPINES ST 82 Singapore
235919,5222211d7670750e73e19236f225a482097427d3af1f9b88f7cfe77751c893e5,2026-09-03 13:40:53,2026-05,TAMPINES,4 ROOM,838,TAMPINES ST 82,07 TO 09,84.0,Simplified,1985,58 years 03 months,550000,0.06079271,17621,2026,838 TAMPINES ST 82 Singapore
235920,f50e228fb71e41663b2141f844d0788047a94db58e52bade9576ed3ca41a4b4f,2026-09-03 13:40:53,2026-05,TAMPINES,4 ROOM,838,TAMPINES ST 82,04 TO 06,104.0,Model A,1985,58 years 03 months,602000,0.06079271,17621,2026,838 TAMPINES ST 82 Singapore
235921,09dd4d92e79a0b5905e8e44baec5dc42295b817c0a692dd23a3a918b5ee0b6af,2026-09-03 13:40:53,2026-05,TAMPINES,4 ROOM,842C,TAMPINES ST 82,01 TO 03,108.0,Model A,1995,67 years 09 months,645000,0.06079271,17621,2026,842C TAMPINES ST 82 Singapore
235922,4458c8cc9c01d4137df266e7b985fa06c03a8eece68707a0770417fe53b3b523,2026-09-03 13:40:53,2026-06,TAMPINES,4 ROOM,856,TAMPINES ST 82,04 TO 06,84.0,Simplified,1986,58 years 11 months,518888,0.06079271,17621,2026,856 TAMPINES ST 82 Singapore
235923,8c2217c1ba83485c8f2df6607f792b1a19d5a70bcedbcd0a80c089b63288f22e,2026-09-03 13:40:53,2026-06,TAMPINES,4 ROOM,840,TAMPINES ST 82,01 TO 03,84.0,Simplified,1986,58 years 08 months,515000,0.06079271,17621,2026,840 TAMPINES ST 82 Singapore
235924,0e0b7096f6370d6bfb8b5857fd27a1e874b50ab9432c9a6a9b06edf89c323d79,2026-09-03 13:40:53,2026-07,TAMPINES,4 ROOM,854,TAMPINES ST 82,04 TO 06,104.0,Model A,1985,58 years 03 months,600000,0.06079271,17621,2026,854 TAMPINES ST 82 Singapore
235925,4030ab4f21c752635c90952bcca774cafea0e461cc643f655d9fec600b549a19,2026-09-03 13:40:53,2026-07,TAMPINES,4 ROOM,852,TAMPINES ST 82,04 TO 06,104.0,Model A,1985,57 years 11 months,650000,0.06079271,17621,2026,852 TAMPINES ST 82 Singapore
235926,c0bbc6a5790bf28b6430024d0ff9c594315002004465a396532d042faf10a47b,2026-09-03 13:40:53,2026-08,TAMPINES,4 ROOM,836,TAMPINES ST 82,01 TO 03,105.0,Model A,1985,57 years 09 months,620000,0.06079271,17621,2026,836 TAMPINES ST 82 Singapore
235927,d8b5a1e73f50bbfadc4d89e9acad6d6cbdf61c0709cd220de18653e24b3b4546,2026-09-03 13:40:53,2026-01,TAMPINES,4 ROOM,831,TAMPINES ST 83,01 TO 03,89.0,Simplified,1986,59 years 05 months,578000,0.06079271,17621,2026,831 TAMPINES ST 83 Singapore
235928,1652db9b297642126f308131b29f2462b0829602cb676f5247a9b7cc95ea0d62,2026-09-03 13:40:53,2026-01,TAMPINES,4 ROOM,868,TAMPINES ST 83,04 TO 06,104.0,Model A,1989,62 years 03 months,650000,0.06079271,17621,2026,868 TAMPINES ST 83 Singapore
235929,8bce094d1adc348f39f221d7ab9e01f825e972add479ee54c098b55ac88cc9f7,2026-09-03 13:40:53,2026-01,TAMPINES,4 ROOM,886,TAMPINES ST 83,04 TO 06,104.0,Model A,1988,61 years 04 months,630000,0.06079271,17621,2026,886 TAMPINES ST 83 Singapore
235930,f178cdaefabdd0452741110f56f7f00a69ece894fa58de020a81aa3cac14d050,2026-09-03 13:40:53,2026-01,TAMPINES,4 ROOM,870,TAMPINES ST 83,04 TO 06,104.0,Model A,1989,62 years 06 months,625000,0.06079271,17621,2026,870 TAMPINES ST 83 Singapore
235931,0c576c747489fb5618e2cb1f05376275312c77f457a0e4326389f24f343cb467,2026-09-03 13:40:53,2026-01,TAMPINES,4 ROOM,841,TAMPINES ST 83,04 TO 06,84.0,Simplified,1986,59 years 05 months,552000,0.06079271,17621,2026,841 TAMPINES ST 83 Singapore
235932,b9f4e9d2f01862f7392dc93ddbaa87b72af0706a3ab86f3fae308f6d4f954dca,2026-09-03 13:40:53,2026-01,TAMPINES,4 ROOM,862,TAMPINES ST 83,10 TO 12,104.0,Model A,1988,61 years 04 months,680000,0.06079271,17621,2026,862 TAMPINES ST 83 Singapore
235933,b9b3bb1f8160a28a3aa912a0e48b9db3f3f10328f5b3f7bb27105d89f925f5d4,2026-09-03 13:40:53,2026-03,TAMPINES,4 ROOM,855,TAMPINES ST 83,07 TO 09,84.0,Simplified,1987,60 years 03 months,570000,0.06079271,17621,2026,855 TAMPINES ST 83 Singapore
235934,7990c7f073c07ed6d25ce316378e0ff9af47ccd8ac22403239efbcdce6b4326d,2026-09-03 13:40:53,2026-03,TAMPINES,4 ROOM,843,TAMPINES ST 83,10 TO 12,103.0,Model A,1988,60 years 11 months,590000,0.06079271,17621,2026,843 TAMPINES ST 83 Singapore
235935,c3055c8cd68a4b198351a12b3f4098b8b81d8d01f154b61878b92b938f8a16b8,2026-09-03 13:40:53,2026-03,TAMPINES,4 ROOM,837,TAMPINES ST 83,01 TO 03,105.0,Model A,1985,58 years 01 month,615000,0.06079271,17621,2026,837 TAMPINES ST 83 Singapore
235936,df8f711b22963c56fac1c26457a66ab8da1bcbed3f1136fe9f48794f34910b0f,2026-09-03 13:40:53,2026-03,TAMPINES,4 ROOM,841,TAMPINES ST 83,07 TO 09,84.0,Simplified,1986,59 years 03 months,568800,0.06079271,17621,2026,841 TAMPINES ST 83 Singapore
235937,43352530b11ddf6bf8f48ae2975a9bd15744b2e6b20ce2a6535dd6636d18910c,2026-09-03 13:40:53,2026-03,TAMPINES,4 ROOM,870,TAMPINES ST 83,07 TO 09,104.0,Model A,1989,62 years 04 months,650000,0.06079271,17621,2026,870 TAMPINES ST 83 Singapore
235938,e3135481b4709bc831460e5b9055b025bed4d34c8921e3bec378f641c1c9be6f,2026-09-03 13:40:53,2026-04,TAMPINES,4 ROOM,841,TAMPINES ST 83,01 TO 03,84.0,Simplified,1986,59 years 03 months,510000,0.06079271,17621,2026,841 TAMPINES ST 83 Singapore
235939,20272d66391787fa69174f43e4ca273546815471998e8a223378c296352e9030,2026-09-03 13:40:53,2026-04,TAMPINES,4 ROOM,841,TAMPINES ST 83,04 TO 06,103.0,Model A,1986,59 years 03 months,600000,0.06079271,17621,2026,841 TAMPINES ST 83 Singapore
235940,560bb47b8c50d0b380afe192f79b7829a15be03e50e57866dc7d77a060be3246,2026-09-03 13:40:53,2026-05,TAMPINES,4 ROOM,855,TAMPINES ST 83,01 TO 03,84.0,Simplified,1987,60 years 01 month,535000,0.06079271,17621,2026,855 TAMPINES ST 83 Singapore
235941,0a1c68db5dca2377fba8da0e014e55f12e51a2e0918a6f2f9def4552b22c54e6,2026-09-03 13:40:53,2026-05,TAMPINES,4 ROOM,864A,TAMPINES ST 83,01 TO 03,104.0,Model A,1988,61 years 04 months,608888,0.06079271,17621,2026,864A TAMPINES ST 83 Singapore
235942,b824f86e25770ab626252efc51169a47d32958b01abd72a7ad778b9b739bb3b2,2026-09-03 13:40:53,2026-05,TAMPINES,4 ROOM,864,TAMPINES ST 83,07 TO 09,104.0,Model A,1988,61 years 02 months,675000,0.06079271,17621,2026,864 TAMPINES ST 83 Singapore
235943,4dff94f71651bde518afbb28cae7ada043bac2f258801460eb16617f90f998f3,2026-09-03 13:40:53,2026-06,TAMPINES,4 ROOM,864A,TAMPINES ST 83,07 TO 09,104.0,Model A,1988,61 years 03 months,600000,0.06079271,17621,2026,864A TAMPINES ST 83 Singapore
235944,33972de17cffa1075b30b2ea59de0a03ce6c4ccd959e31af995f1b3ecd974ccf,2026-09-03 13:40:53,2026-06,TAMPINES,4 ROOM,864,TAMPINES ST 83,07 TO 09,104.0,Model A,1988,61 years 02 months,660000,0.06079271,17621,2026,864 TAMPINES ST 83 Singapore
235945,e048e42c089ddfbf6c8bc7f61e7537ccb6f88b818d080d4eff028cc572d342d2,2026-09-03 13:40:53,2026-06,TAMPINES,4 ROOM,886A,TAMPINES ST 83,01 TO 03,104.0,Model A,1988,61 years 02 months,570000,0.06079271,17621,2026,886A TAMPINES ST 83 Singapore
235946,e312b45127b356f4dc5697e866eae2dbef961213f91d55beee6f4c730b07616a,2026-09-03 13:40:53,2026-06,TAMPINES,4 ROOM,853,TAMPINES ST 83,10 TO 12,105.0,Model A,1987,60 years 07 months,608000,0.06079271,17621,2026,853 TAMPINES ST 83 Singapore
235947,6f0da991f6ad021db186ddec4959bff34bb316547055f072a6ebfb28a3b0e33c,2026-09-03 13:40:53,2026-06,TAMPINES,4 ROOM,867,TAMPINES ST 83,04 TO 06,104.0,Model A,1989,61 years 08 months,650000,0.06079271,17621,2026,867 TAMPINES ST 83 Singapore
235948,6a908e9b0f657c2c690960699bb1d8afd1fc59f69b5eb72b292df234b3c57804,2026-09-03 13:40:53,2026-06,TAMPINES,4 ROOM,845,TAMPINES ST 83,04 TO 06,105.0,Model A,1987,60 years 06 months,620000,0.06079271,17621,2026,845 TAMPINES ST 83 Singapore
235949,adf5662cff8d5103bd9f890aba0a699ae637b314ab230087b9529c6c0864dcbc,2026-09-03 13:40:53,2026-07,TAMPINES,4 ROOM,886,TAMPINES ST 83,07 TO 09,104.0,Model A,1988,60 years 10 months,635888,0.06079271,17621,2026,886 TAMPINES ST 83 Singapore
235950,4872fc3a8e89c32b300f56519201f259fffade4d4c50446d38ed1c20a34b4c08,2026-09-03 13:40:53,2026-07,TAMPINES,4 ROOM,841,TAMPINES ST 83,07 TO 09,84.0,Simplified,1986,59 years,555000,0.06079271,17621,2026,841 TAMPINES ST 83 Singapore
235951,57b206d2f76ba105c6ce7bbb3e5a0b379772c15ba572e0665fe4dae78b7bae5e,2026-09-03 13:40:53,2026-07,TAMPINES,4 ROOM,833,TAMPINES ST 83,07 TO 09,84.0,Simplified,1985,57 years 07 months,580000,0.06079271,17621,2026,833 TAMPINES ST 83 Singapore
235952,36959c5c31a199770eb08d62ffc4d54a941fb314b4f3b698a289cda85a43f9ab,2026-09-03 13:40:53,2026-07,TAMPINES,4 ROOM,839,TAMPINES ST 83,10 TO 12,84.0,Simplified,1985,58 years,568000,0.06079271,17621,2026,839 TAMPINES ST 83 Singapore
235953,793c7c2510843d5066f4e1a308ff1f8b966114ef3924bb3ac7a5d22844e6392f,2026-09-03 13:40:53,2026-08,TAMPINES,4 ROOM,855,TAMPINES ST 83,07 TO 09,84.0,Simplified,1987,59 years 10 months,570000,0.06079271,17621,2026,855 TAMPINES ST 83 Singapore
235954,23b3c1ece94b383146b459e4e16a49e8d555089e3e3cc1ac408b0b67a06b1d54,2026-09-03 13:40:53,2026-08,TAMPINES,4 ROOM,870,TAMPINES ST 83,01 TO 03,104.0,Model A,1989,62 years,630000,0.06079271,17621,2026,870 TAMPINES ST 83 Singapore
235955,9547313ab26aef5753c92abe7cba8ef21ad80d6936d26f542028d5ae49029e31,2026-09-03 13:40:53,2026-08,TAMPINES,4 ROOM,839,TAMPINES ST 83,04 TO 06,84.0,Simplified,1985,57 years 10 months,570000,0.06079271,17621,2026,839 TAMPINES ST 83 Singapore
235956,e2821f6b32f31d4143604efdad9ff32c5783d16d0eb960c99bda2a0d84e6fb4c,2026-09-03 13:40:53,2026-02,TAMPINES,4 ROOM,881,TAMPINES ST 84,07 TO 09,107.0,Model A,1988,61 years 06 months,670000,0.06079271,17621,2026,881 TAMPINES ST 84 Singapore
235957,6948f0fb495fe284d8db45af26e969c12338eb4222f269a956962822af598588,2026-09-03 13:40:53,2026-02,TAMPINES,4 ROOM,873,TAMPINES ST 84,10 TO 12,104.0,Model A,1988,61 years 10 months,627000,0.06079271,17621,2026,873 TAMPINES ST 84 Singapore
235958,e08ee3f04e865c7b22b4ad76e27476dd3d4b7d3d4a72eecc293f01f733dc60f3,2026-09-03 13:40:53,2026-04,TAMPINES,4 ROOM,873,TAMPINES ST 84,04 TO 06,104.0,Model A,1988,61 years 08 months,630000,0.06079271,17621,2026,873 TAMPINES ST 84 Singapore
235959,12eeb0722f7e5ec12ec01566feb5cacaed370d079eb990e361477bcf981b5690,2026-09-03 13:40:53,2026-04,TAMPINES,4 ROOM,881,TAMPINES ST 84,07 TO 09,104.0,Model A,1988,61 years 03 months,662000,0.06079271,17621,2026,881 TAMPINES ST 84 Singapore
235960,83543a9903e3742b28f1dd404bf59f181d7fb35737fc6b48d183f5d317fc0b3e,2026-09-03 13:40:53,2026-06,TAMPINES,4 ROOM,877,TAMPINES ST 84,01 TO 03,104.0,Model A,1988,61 years 02 months,622000,0.06079271,17621,2026,877 TAMPINES ST 84 Singapore
235961,012ac2bbd9e3b74a9418ad67bf0c4f03af5c41cafd2829e22251a2e199dcb769,2026-09-03 13:40:53,2026-03,TAMPINES,4 ROOM,874B,TAMPINES ST 85,07 TO 09,93.0,Model A,2021,94 years 08 months,760000,0.06079271,17621,2026,874B TAMPINES ST 85 Singapore
235962,39798aac3f083a4fffaee98eb66b32f622dbc5f14dd111667f44b238fba47ef9,2026-09-03 13:40:53,2026-03,TAMPINES,4 ROOM,874B,TAMPINES ST 85,07 TO 09,93.0,Model A,2021,94 years 08 months,765000,0.06079271,17621,2026,874B TAMPINES ST 85 Singapore
235963,0be42eeba453e7e65730ac5ddb23ed64dc56653210a88589667da431289fe5bc,2026-09-03 13:40:53,2026-03,TAMPINES,4 ROOM,874C,TAMPINES ST 85,01 TO 03,93.0,Model A,2021,94 years 08 months,708888,0.06079271,17621,2026,874C TAMPINES ST 85 Singapore
235964,fda4e3676a5f80be1364887ce78edb28cda9a6b1935e91de52037c48c2caa1fe,2026-09-03 13:40:53,2026-04,TAMPINES,4 ROOM,874C,TAMPINES ST 85,07 TO 09,93.0,Model A,2021,94 years 07 months,770000,0.06079271,17621,2026,874C TAMPINES ST 85 Singapore
235965,59f1b2330e9f0740226e73c91c0c65b1a5eb7b6515f240f8489c06b2969d1639,2026-09-03 13:40:53,2026-04,TAMPINES,4 ROOM,874D,TAMPINES ST 85,07 TO 09,93.0,Model A,2021,94 years 07 months,750000,0.06079271,17621,2026,874D TAMPINES ST 85 Singapore
235966,a0414a6c69c3ecb532b65072a1cf2ac09f2551fffc140fcc3c4611317e89720d,2026-09-03 13:40:53,2026-04,TAMPINES,4 ROOM,874C,TAMPINES ST 85,10 TO 12,93.0,Model A,2021,94 years 07 months,785000,0.06079271,17621,2026,874C TAMPINES ST 85 Singapore
235967,1914b0f9a871517564520e282d977eb23a6b3a1346b477348a5f6928feb2db43,2026-09-03 13:40:53,2026-04,TAMPINES,4 ROOM,874B,TAMPINES ST 85,01 TO 03,93.0,Model A,2021,94 years 07 months,720888,0.06079271,17621,2026,874B TAMPINES ST 85 Singapore
235968,8b198630beb2291d47707fe162404e5d930e3b346ede6f440e7810a2d9e43d92,2026-09-03 13:40:53,2026-04,TAMPINES,4 ROOM,874C,TAMPINES ST 85,10 TO 12,93.0,Model A,2021,94 years 07 months,770000,0.06079271,17621,2026,874C TAMPINES ST 85 Singapore
235969,1921c8f61a3a9ffc43d915d00586253941603869031cea9788c4f1231513b1f9,2026-09-03 13:40:53,2026-04,TAMPINES,4 ROOM,874D,TAMPINES ST 85,13 TO 15,93.0,Model A,2021,94 years 07 months,796888,0.06079271,17621,2026,874D TAMPINES ST 85 Singapore
235970,16465b5ef22c4d4f5329f54069f2f16df3658b8b279e131f17b3cccb1d27251c,2026-09-03 13:40:53,2026-04,TAMPINES,4 ROOM,874D,TAMPINES ST 85,04 TO 06,93.0,Model A,2021,94 years 07 months,745000,0.06079271,17621,2026,874D TAMPINES ST 85 Singapore
235971,2b537c5767d30ab994276e4a41d08a729063bffe98a805a3715b4de1ae288d3b,2026-09-03 13:40:53,2026-04,TAMPINES,4 ROOM,874D,TAMPINES ST 85,01 TO 03,93.0,Model A,2021,94 years 06 months,710000,0.06079271,17621,2026,874D TAMPINES ST 85 Singapore
235972,58c96c003f38ac32ba4e6a34ed563888a08fd919df88c60e920b66ca865633f2,2026-09-03 13:40:53,2026-05,TAMPINES,4 ROOM,874B,TAMPINES ST 85,13 TO 15,93.0,Model A,2021,94 years 06 months,785000,0.06079271,17621,2026,874B TAMPINES ST 85 Singapore
235973,07e1d6bbcb734d3e669e3536ed29b8a84d317eeb45a2a8c3f726d05ed455dc91,2026-09-03 13:40:53,2026-05,TAMPINES,4 ROOM,874B,TAMPINES ST 85,07 TO 09,93.0,Model A,2021,94 years 06 months,738000,0.06079271,17621,2026,874B TAMPINES ST 85 Singapore
235974,a145dae04cfc94e0d185ecf77cd802643cf72e94e905bab26b19261f698c1b07,2026-09-03 13:40:53,2026-05,TAMPINES,4 ROOM,874B,TAMPINES ST 85,04 TO 06,93.0,Model A,2021,94 years 06 months,720000,0.06079271,17621,2026,874B TAMPINES ST 85 Singapore
235975,1f9daf6ccacabdb706494a83f0665cf3844f4085112625111c96fc5b03d234ce,2026-09-03 13:40:53,2026-05,TAMPINES,4 ROOM,874D,TAMPINES ST 85,13 TO 15,93.0,Model A,2021,94 years 06 months,800000,0.06079271,17621,2026,874D TAMPINES ST 85 Singapore
235976,466ed5a173c52512cde538005c2c142303cb1234bb680f61e13136b16401250d,2026-09-03 13:40:53,2026-05,TAMPINES,4 ROOM,874B,TAMPINES ST 85,04 TO 06,93.0,Model A,2021,94 years 05 months,728000,0.06079271,17621,2026,874B TAMPINES ST 85 Singapore
235977,bc25f65fab24d701fc57bb3059611c0d04ee8735c69592375032dc3c00b3dcd5,2026-09-03 13:40:53,2026-05,TAMPINES,4 ROOM,874B,TAMPINES ST 85,10 TO 12,93.0,Model A,2021,94 years 05 months,768000,0.06079271,17621,2026,874B TAMPINES ST 85 Singapore
235978,9484ff2e67ee3cba3c09c609e5370a175cc402f2b1da8b7536fa4f591c2230bb,2026-09-03 13:40:53,2026-05,TAMPINES,4 ROOM,874C,TAMPINES ST 85,04 TO 06,93.0,Model A,2021,94 years 05 months,745000,0.06079271,17621,2026,874C TAMPINES ST 85 Singapore
235979,725e047b989678fcfa1a4540d78e06a628a4a8ed9955e6208dbded24b673ca46,2026-09-03 13:40:53,2026-06,TAMPINES,4 ROOM,874D,TAMPINES ST 85,01 TO 03,93.0,Model A,2021,94 years 04 months,705000,0.06079271,17621,2026,874D TAMPINES ST 85 Singapore
235980,58928125a43ab1d3f0dec549b17adde6eda5e138da0d462da99777ee78c44f5d,2026-09-03 13:40:53,2026-06,TAMPINES,4 ROOM,874D,TAMPINES ST 85,04 TO 06,93.0,Model A,2021,94 years 04 months,750000,0.06079271,17621,2026,874D TAMPINES ST 85 Singapore
235981,777151108c57bd0a38065d5b14d01f6b4487f5730b8731e376dff0953d4076a8,2026-09-03 13:40:53,2026-07,TAMPINES,4 ROOM,874B,TAMPINES ST 85,04 TO 06,93.0,Model A,2021,94 years 04 months,740000,0.06079271,17621,2026,874B TAMPINES ST 85 Singapore
235982,8548108c936c638330b739b0dec9041bec63ece9bf0e52890b6b4af07b363559,2026-09-03 13:40:53,2026-07,TAMPINES,4 ROOM,874B,TAMPINES ST 85,04 TO 06,93.0,Model A,2021,94 years 04 months,738000,0.06079271,17621,2026,874B TAMPINES ST 85 Singapore
235983,3beb02a0af518a684f0fe9f9fd32392a9e856b3cb6b66bc6596fb63589644d7e,2026-09-03 13:40:53,2026-07,TAMPINES,4 ROOM,874C,TAMPINES ST 85,10 TO 12,93.0,Model A,2021,94 years 03 months,790000,0.06079271,17621,2026,874C TAMPINES ST 85 Singapore
235984,6b44a91124eb4747278648ef8ad8d2594f7cf5f08de8432ee7d5bec77f2acaa2,2026-09-03 13:40:53,2026-07,TAMPINES,4 ROOM,874C,TAMPINES ST 85,13 TO 15,93.0,Model A,2021,94 years 03 months,805000,0.06079271,17621,2026,874C TAMPINES ST 85 Singapore
235985,81a507ab53be18c40989fd2b5e48acdb8d12c4d389446bb671eafffb9e4126a1,2026-09-03 13:40:53,2026-08,TAMPINES,4 ROOM,874B,TAMPINES ST 85,04 TO 06,93.0,Model A,2021,94 years 03 months,745000,0.06079271,17621,2026,874B TAMPINES ST 85 Singapore
235986,058f2cddc9afe1380bf87f65ea9f1762b61b72492b040dba52a66bf699a93602,2026-09-03 13:40:53,2026-08,TAMPINES,4 ROOM,874B,TAMPINES ST 85,04 TO 06,93.0,Model A,2021,94 years 03 months,755000,0.06079271,17621,2026,874B TAMPINES ST 85 Singapore
235987,030d4e6f153d181c6ebab01a023ab8cd90542bdf41326b5435ec7b9d45c84302,2026-09-03 13:40:53,2026-08,TAMPINES,4 ROOM,874D,TAMPINES ST 85,04 TO 06,93.0,Model A,2021,94 years 03 months,745000,0.06079271,17621,2026,874D TAMPINES ST 85 Singapore
235988,bfcee44942cdba1030ad63bbb31a11b78a25a5c8955df4d561020a93c2157e80,2026-09-03 13:40:53,2026-08,TAMPINES,4 ROOM,874C,TAMPINES ST 85,01 TO 03,93.0,Model A,2021,94 years 02 months,708000,0.06079271,17621,2026,874C TAMPINES ST 85 Singapore
235989,be728d1ace98c416afef5a42faf99571dd3a6d2178edb71f2f1aa49a7df0ab22,2026-09-03 13:40:53,2026-01,TAMPINES,4 ROOM,871B,TAMPINES ST 86,13 TO 15,93.0,Model A,2017,90 years 02 months,744000,0.06079271,17621,2026,871B TAMPINES ST 86 Singapore
235990,fc5bf59b9c551dd55c596e3041222b63dfa76c573e70af9f8f1d996698ed1452,2026-09-03 13:40:53,2026-01,TAMPINES,4 ROOM,871B,TAMPINES ST 86,16 TO 18,94.0,Model A,2017,90 years 02 months,745000,0.06079271,17621,2026,871B TAMPINES ST 86 Singapore
235991,14084cfff9d6453daddfb1e78cfa44a43ac2fdbde04da306109191cab0c75c0f,2026-09-03 13:40:53,2026-02,TAMPINES,4 ROOM,875B,TAMPINES ST 86,04 TO 06,93.0,Model A,2021,94 years 09 months,783333,0.06079271,17621,2026,875B TAMPINES ST 86 Singapore
235992,ad729def828f75f24dd5eee7f13b97621cd2400d1ce2e108b8d38c173e541dbe,2026-09-03 13:40:53,2026-03,TAMPINES,4 ROOM,870A,TAMPINES ST 86,04 TO 06,94.0,Model A,2017,89 years 11 months,710000,0.06079271,17621,2026,870A TAMPINES ST 86 Singapore
235993,bc877571e707dda04abd05013b3ae8c4b9f9131b6d05c2885e7991ccc6a11846,2026-09-03 13:40:53,2026-03,TAMPINES,4 ROOM,871B,TAMPINES ST 86,16 TO 18,94.0,Model A,2017,89 years 11 months,760000,0.06079271,17621,2026,871B TAMPINES ST 86 Singapore
235994,17088047a0ab724a91a068fc521ce6558a4b706975059ff68a2b38f67190989c,2026-09-03 13:40:53,2026-04,TAMPINES,4 ROOM,870A,TAMPINES ST 86,10 TO 12,94.0,Model A,2017,89 years 11 months,725000,0.06079271,17621,2026,870A TAMPINES ST 86 Singapore
235995,9cfcfb1f9f4045442351fb71055c9aed8723889b6ad8b680b404f47ffdd683fb,2026-09-03 13:40:53,2026-04,TAMPINES,4 ROOM,875B,TAMPINES ST 86,10 TO 12,93.0,Model A,2021,94 years 06 months,780000,0.06079271,17621,2026,875B TAMPINES ST 86 Singapore
235996,c65a65c8641390f898117ffc9b779df6589c4a84c432e4db1cf58a0fcca7e1fe,2026-09-03 13:40:53,2026-05,TAMPINES,4 ROOM,875B,TAMPINES ST 86,04 TO 06,93.0,Model A,2021,94 years 05 months,748000,0.06079271,17621,2026,875B TAMPINES ST 86 Singapore
235997,75c8daf30c7d8b95b44420c4f65acee22390b56d63ee3acfa0e50091afae76b0,2026-09-03 13:40:53,2026-05,TAMPINES,4 ROOM,875B,TAMPINES ST 86,13 TO 15,93.0,Model A,2021,94 years 05 months,810000,0.06079271,17621,2026,875B TAMPINES ST 86 Singapore
235998,40f3bc9fc03b8a95c3a40b88ca82e870a489b3d0c4bebe4628327c2e59e0def9,2026-09-03 13:40:53,2026-06,TAMPINES,4 ROOM,875B,TAMPINES ST 86,01 TO 03,93.0,Model A,2021,94 years 05 months,725000,0.06079271,17621,2026,875B TAMPINES ST 86 Singapore
235999,a1e0a4c309ca8a917db0669ebbcdcdcc86bebbad36f3db59c4bb7e63b0d77332,2026-09-03 13:40:53,2026-06,TAMPINES,4 ROOM,875B,TAMPINES ST 86,01 TO 03,93.0,Model A,2021,94 years 05 months,700000,0.06079271,17621,2026,875B TAMPINES ST 86 Singapore
236000,41438c20119cbd4d9568ce6c05c07d819518c2ed477fe574267429797400d754,2026-09-03 13:40:53,2026-06,TAMPINES,4 ROOM,875B,TAMPINES ST 86,13 TO 15,93.0,Model A,2021,94 years 05 months,780000,0.06079271,17621,2026,875B TAMPINES ST 86 Singapore
236001,d963328a3159ccde2ed56265742a52259eadd393c500f8217f747bc2ee226b35,2026-09-03 13:40:53,2026-07,TAMPINES,4 ROOM,871B,TAMPINES ST 86,04 TO 06,94.0,Model A,2017,89 years 08 months,720000,0.06079271,17621,2026,871B TAMPINES ST 86 Singapore
236002,234788f33870e883c74300a76a55f37f3345712ea8ee0ff8a1033fba886d26bc,2026-09-03 13:40:53,2026-07,TAMPINES,4 ROOM,875B,TAMPINES ST 86,07 TO 09,93.0,Model A,2021,94 years 03 months,768000,0.06079271,17621,2026,875B TAMPINES ST 86 Singapore
236003,aedd8f5fe151ebb86e2e59ce5e6087b56ed1cc6f6123d44ab6620b8af163c8f5,2026-09-03 13:40:53,2026-08,TAMPINES,4 ROOM,875B,TAMPINES ST 86,04 TO 06,93.0,Model A,2021,94 years 03 months,748000,0.06079271,17621,2026,875B TAMPINES ST 86 Singapore
236004,52d60b17146a8ff2aeb84683a5b86bd4acbc72d59f8d9ba3a9a3928194af1f7f,2026-09-03 13:40:53,2026-01,TAMPINES,4 ROOM,914,TAMPINES ST 91,10 TO 12,104.0,Model A,1984,57 years 09 months,668000,0.06079271,17621,2026,914 TAMPINES ST 91 Singapore
236005,de4171c7d5eb486799df390e45d4da277cc3d3cab41d7b108e752ea2eaa683ad,2026-09-03 13:40:53,2026-02,TAMPINES,4 ROOM,921,TAMPINES ST 91,04 TO 06,103.0,Model A,1984,57 years 09 months,685000,0.06079271,17621,2026,921 TAMPINES ST 91 Singapore
236006,c7684c44a4a898addf053a5bf02bb021583f9929c3d7e42b23af62b44724dc1f,2026-09-03 13:40:53,2026-03,TAMPINES,4 ROOM,912,TAMPINES ST 91,01 TO 03,108.0,Model A,1984,57 years 07 months,620000,0.06079271,17621,2026,912 TAMPINES ST 91 Singapore
236007,902cfee1ec339afda26d4f31d112070fe1558fbc8c65f3c0f3ea320e7a5556cb,2026-09-03 13:40:53,2026-03,TAMPINES,4 ROOM,934,TAMPINES ST 91,04 TO 06,104.0,Model A,1985,58 years,650000,0.06079271,17621,2026,934 TAMPINES ST 91 Singapore
236008,5826d0b0ecac5a3af131fbd09c3e9886e7861f5402f5c56062e99e94e5dbb9f6,2026-09-03 13:40:53,2026-05,TAMPINES,4 ROOM,935,TAMPINES ST 91,04 TO 06,106.0,Model A,1984,57 years 05 months,630000,0.06079271,17621,2026,935 TAMPINES ST 91 Singapore
236009,cb96399e77e5e30d5767b27940bd99397f9c2686a9d36d94018301628cbca5d0,2026-09-03 13:40:53,2026-05,TAMPINES,4 ROOM,911,TAMPINES ST 91,04 TO 06,104.0,Model A,1984,57 years 03 months,625000,0.06079271,17621,2026,911 TAMPINES ST 91 Singapore
236010,0b1990b53b4a245294f4db693d48f58a6ec73eb6366790f9a86fc78a9a6181fa,2026-09-03 13:40:53,2026-05,TAMPINES,4 ROOM,910,TAMPINES ST 91,07 TO 09,104.0,Model A,1984,57 years 05 months,640000,0.06079271,17621,2026,910 TAMPINES ST 91 Singapore
236011,6ab59c24fa0595eadf99f96eafb7b1f94af0677c7719371b58fd340af032f9e4,2026-09-03 13:40:53,2026-05,TAMPINES,4 ROOM,911,TAMPINES ST 91,04 TO 06,104.0,Model A,1984,57 years 02 months,640000,0.06079271,17621,2026,911 TAMPINES ST 91 Singapore
236012,6e99351ac26b65dd2922c61e5650ca3fb94580b3fd5000db700e0ba1cbb053d5,2026-09-03 13:40:53,2026-05,TAMPINES,4 ROOM,911,TAMPINES ST 91,04 TO 06,104.0,Model A,1984,57 years 02 months,648888,0.06079271,17621,2026,911 TAMPINES ST 91 Singapore
236013,b7004ad4f0bb5cb524e09e2c7b1610b2f745c0f1666c7a4083b114a2c743472b,2026-09-03 13:40:53,2026-06,TAMPINES,4 ROOM,931,TAMPINES ST 91,01 TO 03,102.0,Model A,1984,57 years 04 months,625000,0.06079271,17621,2026,931 TAMPINES ST 91 Singapore
236014,aa934ff177faf1880063fe9dc31ecae979015ee876731ce052d15c28b3a7ac45,2026-09-03 13:40:53,2026-06,TAMPINES,4 ROOM,916,TAMPINES ST 91,04 TO 06,104.0,Model A,1984,57 years 04 months,628000,0.06079271,17621,2026,916 TAMPINES ST 91 Singapore
236015,923497e2e3e31304470bbe2189c390e18de849c5a5a3cb7257b7ed78cb9caebd,2026-09-03 13:40:53,2026-06,TAMPINES,4 ROOM,932,TAMPINES ST 91,07 TO 09,102.0,Model A,1985,58 years 07 months,660000,0.06079271,17621,2026,932 TAMPINES ST 91 Singapore
236016,66ffd53ff48f9f5b5920c18bbf018074a81d2b0cf7411a3fcbeea9f26fc2a7a7,2026-09-03 13:40:53,2026-07,TAMPINES,4 ROOM,921,TAMPINES ST 91,07 TO 09,104.0,Model A,1984,57 years 04 months,665000,0.06079271,17621,2026,921 TAMPINES ST 91 Singapore
236017,93298c49649fa606e115c0982a9ee6e5b7a4473090521ffa9e5758ac59c71bc9,2026-09-03 13:40:53,2026-07,TAMPINES,4 ROOM,921,TAMPINES ST 91,10 TO 12,104.0,Model A,1984,57 years 03 months,707000,0.06079271,17621,2026,921 TAMPINES ST 91 Singapore
236018,360bfeecaed79262d7bbad713d030a798d664360fae78f3a8fc6494897d96e00,2026-09-03 13:40:53,2026-07,TAMPINES,4 ROOM,934,TAMPINES ST 91,07 TO 09,107.0,Model A,1985,57 years 07 months,670000,0.06079271,17621,2026,934 TAMPINES ST 91 Singapore
236019,eae7e6e011150c9b1d671bd81b75450cbbfe123a1ca0f3e5017e52e47bc68fea,2026-09-03 13:40:53,2026-07,TAMPINES,4 ROOM,931,TAMPINES ST 91,04 TO 06,102.0,Model A,1984,57 years 02 months,605000,0.06079271,17621,2026,931 TAMPINES ST 91 Singapore
236020,e2f88a27d6dfe34545b9ffc79bfb60028b3fb99d6f9eea99efd2dcf15601ca3f,2026-09-03 13:40:53,2026-08,TAMPINES,4 ROOM,911,TAMPINES ST 91,10 TO 12,104.0,Model A,1984,57 years,650000,0.06079271,17621,2026,911 TAMPINES ST 91 Singapore
236021,c26d6da3a58224f60f59f6f32fc25c04404a212bc31203dbd94642b994c5a762,2026-09-03 13:40:53,2026-08,TAMPINES,4 ROOM,924,TAMPINES ST 91,07 TO 09,104.0,Model A,1983,56 years 03 months,668000,0.06079271,17621,2026,924 TAMPINES ST 91 Singapore
236022,38dd763745762fc932df7f994ad1baa097754597b78feded588ce7d62124f97b,2026-09-03 13:40:53,2026-08,TAMPINES,4 ROOM,921,TAMPINES ST 91,13 TO 15,104.0,Model A,1984,57 years 02 months,648000,0.06079271,17621,2026,921 TAMPINES ST 91 Singapore
236023,a2147e9122692be596de52cf387b6212784d51a66523bb89176988b62262215c,2026-09-03 13:40:53,2026-02,TAMPINES,5 ROOM,167A,SIMEI LANE,04 TO 06,107.0,DBSS,2011,84 years 02 months,942888,0.06079271,17621,2026,167A SIMEI LANE Singapore
236024,c650c5d6c27a2aa88936ec8fbdb7807deeda2383fa0db1998ba58909122627be,2026-09-03 13:40:53,2026-03,TAMPINES,5 ROOM,167B,SIMEI LANE,04 TO 06,110.0,DBSS,2011,84 years,908000,0.06079271,17621,2026,167B SIMEI LANE Singapore
236025,51b544abfd0ab452854526ff362b6d3ce9f193022f78fe18c353ff15b3326469,2026-09-03 13:40:53,2026-03,TAMPINES,5 ROOM,168D,SIMEI LANE,07 TO 09,107.0,DBSS,2011,84 years,940000,0.06079271,17621,2026,168D SIMEI LANE Singapore
236026,6709aab21ffe7072e42ec53c7619ae68f63d2b949fe6a9505ab20b708e13104c,2026-09-03 13:40:53,2026-04,TAMPINES,5 ROOM,167A,SIMEI LANE,10 TO 12,107.0,DBSS,2011,84 years,1005000,0.06079271,17621,2026,167A SIMEI LANE Singapore
236027,a052d76a2011bbf18169329b463e571b6e883ef70027a4613cc82c06b94ccefa,2026-09-03 13:40:53,2026-05,TAMPINES,5 ROOM,167A,SIMEI LANE,10 TO 12,111.0,DBSS,2011,83 years 11 months,990000,0.06079271,17621,2026,167A SIMEI LANE Singapore
236028,6bcf5e0499ccc9ad4fe7425e26556e82be21f1b9994b1ae1c91f0a404dcb854c,2026-09-03 13:40:53,2026-05,TAMPINES,5 ROOM,168D,SIMEI LANE,04 TO 06,111.0,DBSS,2011,83 years 10 months,961888,0.06079271,17621,2026,168D SIMEI LANE Singapore
236029,37f2bce30a5e9a181352a28fcd36691adf690757dac80fe350992838b27143bb,2026-09-03 13:40:53,2026-06,TAMPINES,5 ROOM,168D,SIMEI LANE,07 TO 09,111.0,DBSS,2011,83 years 10 months,960000,0.06079271,17621,2026,168D SIMEI LANE Singapore
236030,89db32cb6c939ceb39ed5afb47111db5e2a6e40722450ffd06f0d67d15a1a852,2026-09-03 13:40:53,2026-07,TAMPINES,5 ROOM,168D,SIMEI LANE,04 TO 06,111.0,DBSS,2011,83 years 08 months,965000,0.06079271,17621,2026,168D SIMEI LANE Singapore
236031,59b9e998e87814f73fabf80611af322507647d303f06941cc3ca318fbe415508,2026-09-03 13:40:53,2026-01,TAMPINES,5 ROOM,160,SIMEI RD,10 TO 12,129.0,Improved,1989,62 years 05 months,800000,0.06079271,17621,2026,160 SIMEI RD Singapore
236032,d866d3d2ea2bc868ef6e0ba85955eeca2d100f290814786d7c19acbfea5b5e46,2026-09-03 13:40:53,2026-03,TAMPINES,5 ROOM,156,SIMEI RD,04 TO 06,122.0,Improved,1989,62 years,760000,0.06079271,17621,2026,156 SIMEI RD Singapore
236033,828c12064d390b93d3d5c78217d49401ee3339c8f048006f19ff033e5514dd53,2026-09-03 13:40:53,2026-04,TAMPINES,5 ROOM,156,SIMEI RD,04 TO 06,122.0,Improved,1989,61 years 11 months,750000,0.06079271,17621,2026,156 SIMEI RD Singapore
236034,be5f00997161b1c7c2c6c85fc8a108e268865d1fbc8d1afab06d622097858155,2026-09-03 13:40:53,2026-04,TAMPINES,5 ROOM,163,SIMEI RD,04 TO 06,122.0,Improved,1989,62 years 02 months,728000,0.06079271,17621,2026,163 SIMEI RD Singapore
236035,c314293dfe5b07330d1990fd95ff4d640deae9acaed8827e47f9a573c28dde3f,2026-09-03 13:40:53,2026-07,TAMPINES,5 ROOM,165,SIMEI RD,07 TO 09,122.0,Improved,1989,61 years 09 months,730000,0.06079271,17621,2026,165 SIMEI RD Singapore
236036,65160d817e4784b1fd2dbfb487ace54928ab171592656bb0aad5e73390cef484,2026-09-03 13:40:53,2026-09,TAMPINES,5 ROOM,165,SIMEI RD,10 TO 12,122.0,Improved,1989,61 years 08 months,772000,0.06079271,17621,2026,165 SIMEI RD Singapore
236037,81a9622079d271df6307e64051bfdd2f873c1af1ef6c4adc0de50dfbf4b97809,2026-09-03 13:40:53,2026-01,TAMPINES,5 ROOM,135,SIMEI ST 1,10 TO 12,121.0,Improved,1988,61 years 06 months,752000,0.06079271,17621,2026,135 SIMEI ST 1 Singapore
236038,5e697db040eb9e11012e22104e00e907fc84408721c3556327736bff66c0bfbc,2026-09-03 13:40:53,2026-01,TAMPINES,5 ROOM,126,SIMEI ST 1,07 TO 09,121.0,Improved,1988,61 years 03 months,770000,0.06079271,17621,2026,126 SIMEI ST 1 Singapore
236039,9c9b033600e889ffe3e00c21b6ec36b532f920c0ff913e8622d91ba35fbc821d,2026-09-03 13:40:53,2026-01,TAMPINES,5 ROOM,114,SIMEI ST 1,10 TO 12,121.0,Improved,1988,61 years 01 month,755000,0.06079271,17621,2026,114 SIMEI ST 1 Singapore
236040,26782fe32f42f6a6b062c178eb105376aff5fc252839cfde8ce9e7202c592660,2026-09-03 13:40:53,2026-01,TAMPINES,5 ROOM,126,SIMEI ST 1,07 TO 09,123.0,Improved,1988,61 years 02 months,750000,0.06079271,17621,2026,126 SIMEI ST 1 Singapore
236041,b6ffa6283bf37f005d44416e1aead6481d6f7e17d353ce151d34325440d40ea1,2026-09-03 13:40:53,2026-02,TAMPINES,5 ROOM,112,SIMEI ST 1,10 TO 12,122.0,Improved,1988,61 years,788000,0.06079271,17621,2026,112 SIMEI ST 1 Singapore
236042,ea10e2af21aea2f0668367d287fb9c8bfab9887ae144efa98781e5619a815404,2026-09-03 13:40:53,2026-02,TAMPINES,5 ROOM,253,SIMEI ST 1,04 TO 06,119.0,Improved,1996,69 years 07 months,800000,0.06079271,17621,2026,253 SIMEI ST 1 Singapore
236043,eff1b0499d127f172b9c5569b933c60cf470a61a751d7a97963e81779c1a95a4,2026-09-03 13:40:53,2026-02,TAMPINES,5 ROOM,113,SIMEI ST 1,04 TO 06,122.0,Improved,1988,61 years 01 month,695000,0.06079271,17621,2026,113 SIMEI ST 1 Singapore
236044,add820f18db7d7f6e55bbfaea4579982a807075528cd349ab51e5fe3df3635e7,2026-09-03 13:40:53,2026-03,TAMPINES,5 ROOM,255,SIMEI ST 1,10 TO 12,118.0,Improved,1996,69 years 07 months,888000,0.06079271,17621,2026,255 SIMEI ST 1 Singapore
236045,cd26fcd51b5d90c1886907e9c78ae0d6e14a2a22db108ad4db7017632b60ef4c,2026-09-03 13:40:53,2026-04,TAMPINES,5 ROOM,138,SIMEI ST 1,10 TO 12,122.0,Improved,1988,61 years 04 months,750000,0.06079271,17621,2026,138 SIMEI ST 1 Singapore
236046,6c4c5e6f4d982917403f7688403230797acab366e69ff8f450b4964ea7fe2af2,2026-09-03 13:40:53,2026-04,TAMPINES,5 ROOM,120,SIMEI ST 1,07 TO 09,128.0,Improved,1988,61 years 03 months,760000,0.06079271,17621,2026,120 SIMEI ST 1 Singapore
236047,30507692719c41fb2404781eaf8e6aa22aaaaeaec3fab8dcf83c0c8a5f01bdb6,2026-09-03 13:40:53,2026-04,TAMPINES,5 ROOM,150,SIMEI ST 1,07 TO 09,122.0,Improved,1987,60 years 09 months,738000,0.06079271,17621,2026,150 SIMEI ST 1 Singapore
236048,aca5c331308fbf5d704ac7d91df24c8d12d273b165e79042acd2b1ad737adb38,2026-09-03 13:40:53,2026-05,TAMPINES,5 ROOM,154,SIMEI ST 1,07 TO 09,122.0,Improved,1988,60 years 11 months,775000,0.06079271,17621,2026,154 SIMEI ST 1 Singapore
236049,569f84158f654df80404ab769da29a3f88f6a94ee8e22f18e8e544285ac2425a,2026-09-03 13:40:53,2026-05,TAMPINES,5 ROOM,126,SIMEI ST 1,01 TO 03,122.0,Improved,1988,60 years 11 months,700000,0.06079271,17621,2026,126 SIMEI ST 1 Singapore
236050,26593d8d1c944a9531b61435a2fc065ddb1c84a1f6c703ea292a19644f3d3155,2026-09-03 13:40:53,2026-05,TAMPINES,5 ROOM,150,SIMEI ST 1,01 TO 03,122.0,Improved,1987,60 years 08 months,725000,0.06079271,17621,2026,150 SIMEI ST 1 Singapore
236051,cf7e67c2afbd978a930e80a7bbaaa9a64655454afac44f66f00761667b64e8df,2026-09-03 13:40:53,2026-05,TAMPINES,5 ROOM,107,SIMEI ST 1,01 TO 03,122.0,Improved,1988,61 years 07 months,665000,0.06079271,17621,2026,107 SIMEI ST 1 Singapore
236052,726c8d703ec763184ece93a7fbb283747cef5fc97d47f34da478601bf044fead,2026-09-03 13:40:53,2026-05,TAMPINES,5 ROOM,106,SIMEI ST 1,04 TO 06,122.0,Improved,1988,61 years 05 months,753000,0.06079271,17621,2026,106 SIMEI ST 1 Singapore
236053,3d6e6883c4ad439f36671d6d58f2931f5cb81fe5379a187c9417c8b9df1e606c,2026-09-03 13:40:53,2026-06,TAMPINES,5 ROOM,122,SIMEI ST 1,04 TO 06,122.0,Improved,1988,60 years 10 months,700000,0.06079271,17621,2026,122 SIMEI ST 1 Singapore
236054,0a6c9cc89acab9faf15bb90f1273449033ffa7a2511256c677b229103b882b54,2026-09-03 13:40:53,2026-06,TAMPINES,5 ROOM,117,SIMEI ST 1,07 TO 09,121.0,Improved,1988,60 years 11 months,750000,0.06079271,17621,2026,117 SIMEI ST 1 Singapore
236055,92099441485b952373eace07e45e3a901fde365bdb87b316ab3cb4370a38d18e,2026-09-03 13:40:53,2026-06,TAMPINES,5 ROOM,135,SIMEI ST 1,07 TO 09,123.0,Improved,1988,61 years 01 month,830888,0.06079271,17621,2026,135 SIMEI ST 1 Singapore
236056,502ac47fcd3dd25f7d22e4c94627f9f76cff6c24da50cf86e1aaa6597f9e7ce9,2026-09-03 13:40:53,2026-07,TAMPINES,5 ROOM,102,SIMEI ST 1,07 TO 09,122.0,Improved,1988,61 years 05 months,783558,0.06079271,17621,2026,102 SIMEI ST 1 Singapore
236057,0432b88f66000481024a5159fe858316fd17b340c525a381dbf3d796590f263f,2026-09-03 13:40:53,2026-07,TAMPINES,5 ROOM,122,SIMEI ST 1,04 TO 06,123.0,Improved,1988,60 years 09 months,735000,0.06079271,17621,2026,122 SIMEI ST 1 Singapore
236058,7f50c5cf8510bdfc39320fdf799d0e5afb0e6cac1bdfd6fcde3eb0a17751b48e,2026-09-03 13:40:53,2026-08,TAMPINES,5 ROOM,137,SIMEI ST 1,07 TO 09,122.0,Improved,1988,61 years 01 month,768000,0.06079271,17621,2026,137 SIMEI ST 1 Singapore
236059,75118ce62033beab4b8e01d0a1b41c7dd4be869e07645ffcff5e407e7ed928b4,2026-09-03 13:40:53,2026-08,TAMPINES,5 ROOM,112,SIMEI ST 1,07 TO 09,123.0,Improved,1988,60 years 06 months,750000,0.06079271,17621,2026,112 SIMEI ST 1 Singapore
236060,93a94fb7c859cf80b9c45876ec16e56dd913b8297f63e4de273483895bbd85e3,2026-09-03 13:40:53,2026-03,TAMPINES,5 ROOM,141,SIMEI ST 2,07 TO 09,128.0,Improved,1989,61 years 10 months,788000,0.06079271,17621,2026,141 SIMEI ST 2 Singapore
236061,de0186aa3e742b42a48ad863bae780e11b71ab63e81111436568f7dbb58651f4,2026-09-03 13:40:53,2026-07,TAMPINES,5 ROOM,142,SIMEI ST 2,04 TO 06,121.0,Improved,1988,60 years 09 months,730000,0.06079271,17621,2026,142 SIMEI ST 2 Singapore
236062,f885aaee3902fab411ad42a5b5461c48b30db1db5e597322fc42266cb996fd1a,2026-09-03 13:40:53,2026-06,TAMPINES,5 ROOM,228,SIMEI ST 4,07 TO 09,122.0,Improved,1988,61 years 01 month,780000,0.06079271,17621,2026,228 SIMEI ST 4 Singapore
236063,f70e0f2b2669738c6c523a54b14629c45101b59bb4ea24baade95a6392e7db31,2026-09-03 13:40:53,2026-07,TAMPINES,5 ROOM,234,SIMEI ST 4,04 TO 06,122.0,Improved,1988,61 years 01 month,755000,0.06079271,17621,2026,234 SIMEI ST 4 Singapore
236064,62af7675d46a31b8ff17f0687e1b7e65c684f8a614b6fde91da6ce01ed6fd5f2,2026-09-03 13:40:53,2026-07,TAMPINES,5 ROOM,223,SIMEI ST 4,01 TO 03,122.0,Improved,1988,61 years,718888,0.06079271,17621,2026,223 SIMEI ST 4 Singapore
236065,5e0cedb03e4218b515c9aa41f7ce27a04f7f1c3758a79cb0350cfbda49cb7841,2026-09-03 13:40:53,2026-05,TAMPINES,5 ROOM,243,SIMEI ST 5,07 TO 09,121.0,Improved,1997,69 years 11 months,860000,0.06079271,17621,2026,243 SIMEI ST 5 Singapore
236066,37e8343406f1de3ecaad6d595786b7f40077d04f01d915a49fbb40698cd80498,2026-09-03 13:40:53,2026-03,TAMPINES,5 ROOM,945,TAMPINES AVE 4,10 TO 12,128.0,Improved,1988,61 years 05 months,900888,0.06079271,17621,2026,945 TAMPINES AVE 4 Singapore
236067,6363e5302c67c25a6ae108157b39c6b01ac5c9b2c9168a769187dfd814e85a59,2026-09-03 13:40:53,2026-04,TAMPINES,5 ROOM,945,TAMPINES AVE 4,01 TO 03,122.0,Improved,1988,61 years 04 months,800000,0.06079271,17621,2026,945 TAMPINES AVE 4 Singapore
236068,789cd4c1cbbdf9206248ffc24663e09392f1520630a46fec2e337888cb2b409d,2026-09-03 13:40:53,2026-04,TAMPINES,5 ROOM,815,TAMPINES AVE 4,01 TO 03,121.0,Improved,1985,57 years 11 months,750000,0.06079271,17621,2026,815 TAMPINES AVE 4 Singapore
236069,f880654052623b16ae423e59ff8afddf23931f404930ff305763723194d49b63,2026-09-03 13:40:53,2026-07,TAMPINES,5 ROOM,815,TAMPINES AVE 4,01 TO 03,121.0,Improved,1985,57 years 09 months,700000,0.06079271,17621,2026,815 TAMPINES AVE 4 Singapore
236070,3057f2f3bc40d7eb0a0798bf1f2d143df1148709941007b85cbaeff27339631f,2026-09-03 13:40:53,2026-02,TAMPINES,5 ROOM,861,TAMPINES AVE 5,13 TO 15,122.0,Improved,1988,61 years 06 months,810000,0.06079271,17621,2026,861 TAMPINES AVE 5 Singapore
236071,26b9d973992d29de74eb961ca2b7444a7ae08a3c5f6e01c11c71fad2bab382f8,2026-09-03 13:40:53,2026-03,TAMPINES,5 ROOM,859,TAMPINES AVE 5,07 TO 09,122.0,Improved,1988,61 years 05 months,813000,0.06079271,17621,2026,859 TAMPINES AVE 5 Singapore
236072,f2512394231f01f00fae589071685a9c14417eec2a51b29f52e853c45e44889e,2026-09-03 13:40:53,2026-03,TAMPINES,5 ROOM,861,TAMPINES AVE 5,04 TO 06,122.0,Improved,1988,61 years 05 months,820000,0.06079271,17621,2026,861 TAMPINES AVE 5 Singapore
236073,97870f1aaabe9ca2bbf695c06b6c0cc1da7e3ca218d4982268c271f3f5834813,2026-09-03 13:40:53,2026-01,TAMPINES,5 ROOM,390,TAMPINES AVE 7,07 TO 09,124.0,Improved,1994,67 years 02 months,808000,0.06079271,17621,2026,390 TAMPINES AVE 7 Singapore
236074,dccb1ae95a3d5458e25f55bcd776d53932f6b1b11ead8aaa2fb3551d4bb1fc41,2026-09-03 13:40:53,2026-02,TAMPINES,5 ROOM,395,TAMPINES AVE 7,04 TO 06,121.0,Improved,1994,67 years 10 months,822000,0.06079271,17621,2026,395 TAMPINES AVE 7 Singapore
236075,da437d688279c926612897e8770c9fe8d0d814ad6a9a171e1c944b4eea8bc0fb,2026-09-03 13:40:53,2026-02,TAMPINES,5 ROOM,391,TAMPINES AVE 7,04 TO 06,137.0,Model A,1994,67 years 02 months,830000,0.06079271,17621,2026,391 TAMPINES AVE 7 Singapore
236076,11f788c27c4215c8655911fd0d91123e828d49ef39455c30740bbe4d11e46e04,2026-09-03 13:40:53,2026-02,TAMPINES,5 ROOM,390,TAMPINES AVE 7,10 TO 12,124.0,Improved,1994,67 years 02 months,835000,0.06079271,17621,2026,390 TAMPINES AVE 7 Singapore
236077,1f838f7d0bedaad58fe71b4fea1b4641d5e5728f54abcdb7861beec8b5ca6216,2026-09-03 13:40:53,2026-04,TAMPINES,5 ROOM,393,TAMPINES AVE 7,04 TO 06,121.0,Improved,1994,67 years 08 months,808000,0.06079271,17621,2026,393 TAMPINES AVE 7 Singapore
236078,74b656f517d0e0a277d9d84a55083bc7f5c325a838896fea1d036ced124353e2,2026-09-03 13:40:53,2026-05,TAMPINES,5 ROOM,394,TAMPINES AVE 7,04 TO 06,127.0,Improved,1994,67 years 07 months,845000,0.06079271,17621,2026,394 TAMPINES AVE 7 Singapore
236079,a41d33d8b8fd984464bab8c9059949e8abab65c2846e4636df9d3db356b743e4,2026-09-03 13:40:53,2026-08,TAMPINES,5 ROOM,393,TAMPINES AVE 7,04 TO 06,127.0,Improved,1994,67 years 04 months,848000,0.06079271,17621,2026,393 TAMPINES AVE 7 Singapore
236080,a2fff98dcafdce8bae32b364de642a154dc311eae0e337774fe7d043216fe70b,2026-09-03 13:40:53,2026-08,TAMPINES,5 ROOM,393,TAMPINES AVE 7,10 TO 12,127.0,Improved,1994,67 years 03 months,838000,0.06079271,17621,2026,393 TAMPINES AVE 7 Singapore
236081,e692f151f45c24a6cb41dcb8da6cb71089a8474276b863bfd6ac2f70bf49bf2f,2026-09-03 13:40:53,2026-01,TAMPINES,5 ROOM,876C,TAMPINES AVE 8,10 TO 12,113.0,Improved,2021,94 years 10 months,955000,0.06079271,17621,2026,876C TAMPINES AVE 8 Singapore
236082,1c85fbd82e371f567eba63eeb5a8e95ceb6622a6ad63365b31ba964f121dabea,2026-09-03 13:40:53,2026-02,TAMPINES,5 ROOM,876C,TAMPINES AVE 8,04 TO 06,113.0,Improved,2021,94 years 09 months,938000,0.06079271,17621,2026,876C TAMPINES AVE 8 Singapore
236083,723fd5318ebd7b3ea33e7c7a22867510a110a92529bbda3e175a7c0899dc52ab,2026-09-03 13:40:53,2026-02,TAMPINES,5 ROOM,876A,TAMPINES AVE 8,10 TO 12,113.0,Improved,2021,94 years 08 months,991000,0.06079271,17621,2026,876A TAMPINES AVE 8 Singapore
236084,03b2cc17ed28ff609d1b959e8f6b8e1fb85c9a48fec42ca630b790977f190f93,2026-09-03 13:40:53,2026-03,TAMPINES,5 ROOM,876C,TAMPINES AVE 8,04 TO 06,113.0,Improved,2021,94 years 08 months,908000,0.06079271,17621,2026,876C TAMPINES AVE 8 Singapore
236085,d13cf3ecfd624998adc71a55350d6b627299fee843927c6955148ce07a4f4e85,2026-09-03 13:40:53,2026-03,TAMPINES,5 ROOM,876C,TAMPINES AVE 8,07 TO 09,113.0,Improved,2021,94 years 07 months,890000,0.06079271,17621,2026,876C TAMPINES AVE 8 Singapore
236086,baae2643c57709ccc8c1274d4e81bc351936b25c326527197ad56f5115c1b1ce,2026-09-03 13:40:53,2026-03,TAMPINES,5 ROOM,876C,TAMPINES AVE 8,01 TO 03,113.0,Improved,2021,94 years 07 months,865000,0.06079271,17621,2026,876C TAMPINES AVE 8 Singapore
236087,b2cb093ceabef8495020b218cd2be5bc343d007c71724c5d31161136c46cc884,2026-09-03 13:40:53,2026-04,TAMPINES,5 ROOM,880,TAMPINES AVE 8,04 TO 06,122.0,Improved,1988,61 years 01 month,720000,0.06079271,17621,2026,880 TAMPINES AVE 8 Singapore
236088,5f6f77a504566cdf5c3fc665bfb1982f345803b283c627b9f908c481da0b1bb0,2026-09-03 13:40:53,2026-04,TAMPINES,5 ROOM,876C,TAMPINES AVE 8,01 TO 03,113.0,Improved,2021,94 years 07 months,850000,0.06079271,17621,2026,876C TAMPINES AVE 8 Singapore
236089,4aa84b8eb61d7254f0f069f30ac778db49819f022b3f2d0e86ecd2ed368db142,2026-09-03 13:40:53,2026-04,TAMPINES,5 ROOM,876A,TAMPINES AVE 8,04 TO 06,113.0,Improved,2021,94 years 06 months,900000,0.06079271,17621,2026,876A TAMPINES AVE 8 Singapore
236090,483c26ba83329ee66277df59eaf4b84412edef7a9af0629d8ada5f0bbd791f23,2026-09-03 13:40:53,2026-04,TAMPINES,5 ROOM,876C,TAMPINES AVE 8,10 TO 12,113.0,Improved,2021,94 years 06 months,995000,0.06079271,17621,2026,876C TAMPINES AVE 8 Singapore
236091,ad1fa8560f5c9823285709601d4a362db694c0f44eb6570a6b3becad1f20bace,2026-09-03 13:40:53,2026-05,TAMPINES,5 ROOM,876C,TAMPINES AVE 8,01 TO 03,113.0,Improved,2021,94 years 06 months,828000,0.06079271,17621,2026,876C TAMPINES AVE 8 Singapore
236092,757e0b47b115b4f3504a84359f0101a50efcc033125b93a4338409df39ce0390,2026-09-03 13:40:53,2026-05,TAMPINES,5 ROOM,876C,TAMPINES AVE 8,04 TO 06,113.0,Improved,2021,94 years 05 months,892888,0.06079271,17621,2026,876C TAMPINES AVE 8 Singapore
236093,d2f98538bb2fd795c533a090e6055987d5aa1621431c4684342c226d03f705b5,2026-09-03 13:40:53,2026-06,TAMPINES,5 ROOM,876A,TAMPINES AVE 8,10 TO 12,113.0,Improved,2021,94 years 05 months,1010000,0.06079271,17621,2026,876A TAMPINES AVE 8 Singapore
236094,95f1b42dadd00f11610b211abb07aaf2492bc37bc721cbeccc17be76938151eb,2026-09-03 13:40:53,2026-06,TAMPINES,5 ROOM,880A,TAMPINES AVE 8,01 TO 03,122.0,Improved,1988,60 years 11 months,710000,0.06079271,17621,2026,880A TAMPINES AVE 8 Singapore
236095,87e240976247fc0f9ee52eea4cd1f2f92088d682433c3fe941949ef0850cf8c7,2026-09-03 13:40:53,2026-06,TAMPINES,5 ROOM,876A,TAMPINES AVE 8,04 TO 06,113.0,Improved,2021,94 years 05 months,882000,0.06079271,17621,2026,876A TAMPINES AVE 8 Singapore
236096,c65aa73ad9357087def2917c44f00f23b679d3364a638d305b3ed3a8e5be9c4c,2026-09-03 13:40:53,2026-06,TAMPINES,5 ROOM,876C,TAMPINES AVE 8,10 TO 12,113.0,Improved,2021,94 years 05 months,970000,0.06079271,17621,2026,876C TAMPINES AVE 8 Singapore
236097,13d7e399fa14af1a97fa72190a5a79c53a285461dc9f41e0664c78e3af358562,2026-09-03 13:40:53,2026-07,TAMPINES,5 ROOM,876C,TAMPINES AVE 8,01 TO 03,113.0,Improved,2021,94 years 04 months,868000,0.06079271,17621,2026,876C TAMPINES AVE 8 Singapore
236098,9b8dd6b1046a7b75fdf0947df1d9a3ca317b2ae0cabc2fd69f91ee17fdb82ae6,2026-09-03 13:40:53,2026-08,TAMPINES,5 ROOM,876C,TAMPINES AVE 8,07 TO 09,113.0,Improved,2021,94 years 03 months,898000,0.06079271,17621,2026,876C TAMPINES AVE 8 Singapore
236099,de2a04dfd2ef81881e3726851a4bc520d913bddc3d9cf2fd40e98ac707bfdd9f,2026-09-03 13:40:53,2026-08,TAMPINES,5 ROOM,876C,TAMPINES AVE 8,01 TO 03,113.0,Improved,2021,94 years 03 months,829000,0.06079271,17621,2026,876C TAMPINES AVE 8 Singapore
236100,2c0ed427151fd4d21664d4a1e8ab79aba3e12e6c6b440687b9e0abbf838ca020,2026-09-03 13:40:53,2026-08,TAMPINES,5 ROOM,876C,TAMPINES AVE 8,01 TO 03,113.0,Improved,2021,94 years 02 months,818000,0.06079271,17621,2026,876C TAMPINES AVE 8 Singapore
236101,c0df176533ef0e41156a3b8933ee02a7eaea89cedb9c5e957585a6d80f749bc8,2026-09-03 13:40:53,2026-01,TAMPINES,5 ROOM,485A,TAMPINES AVE 9,10 TO 12,125.0,Improved,1993,66 years 09 months,765000,0.06079271,17621,2026,485A TAMPINES AVE 9 Singapore
236102,35cdd1e883a0dea9228d6f3db1ba6df78620a80ac79835bc2e6d6248bee1ccb6,2026-09-03 13:40:53,2026-01,TAMPINES,5 ROOM,485A,TAMPINES AVE 9,01 TO 03,125.0,Improved,1993,66 years 09 months,720000,0.06079271,17621,2026,485A TAMPINES AVE 9 Singapore
236103,80c0cc7fd7855022fdc556beca87915f48e839eed09821fb6d3f9440806249c4,2026-09-03 13:40:53,2026-02,TAMPINES,5 ROOM,486C,TAMPINES AVE 9,07 TO 09,127.0,Improved,1993,66 years 08 months,770000,0.06079271,17621,2026,486C TAMPINES AVE 9 Singapore
236104,df8b1ca43f536fe5d50b9fdb2cc515888519c1fde13f628b2889f7c36349be36,2026-09-03 13:40:53,2026-02,TAMPINES,5 ROOM,604B,TAMPINES AVE 9,16 TO 18,119.0,3Gen,2020,93 years,880000,0.06079271,17621,2026,604B TAMPINES AVE 9 Singapore
236105,f6e2bde85cb569e338b104c94591afc2c2634d15de3c40d022fd86171f23dd3a,2026-09-03 13:40:53,2026-03,TAMPINES,5 ROOM,491A,TAMPINES AVE 9,07 TO 09,124.0,Improved,1993,66 years 04 months,785000,0.06079271,17621,2026,491A TAMPINES AVE 9 Singapore
236106,5d4e90abcad08b3fa2ded9f698c0074f09fa11f9cf608985aea2772d500c5fbb,2026-09-03 13:40:53,2026-03,TAMPINES,5 ROOM,604B,TAMPINES AVE 9,10 TO 12,112.0,Improved,2020,92 years 11 months,910000,0.06079271,17621,2026,604B TAMPINES AVE 9 Singapore
236107,a99e0bbe41baec7de1dbc6c3cc82c3f3b74f22294a477dceaff6be4b3ab5731c,2026-09-03 13:40:53,2026-04,TAMPINES,5 ROOM,601C,TAMPINES AVE 9,04 TO 06,112.0,Improved,2020,92 years 11 months,880000,0.06079271,17621,2026,601C TAMPINES AVE 9 Singapore
236108,415deff7eb12399df5ff1cd18998221737c44977f80270ecb427269dc824e93d,2026-09-03 13:40:53,2026-05,TAMPINES,5 ROOM,493A,TAMPINES AVE 9,04 TO 06,125.0,Improved,1993,66 years 03 months,710000,0.06079271,17621,2026,493A TAMPINES AVE 9 Singapore
236109,d1e2a5e097eb056b4ff066ebc1fd70127120d223fff1f8061498c5ad7a6202d4,2026-09-03 13:40:53,2026-05,TAMPINES,5 ROOM,486A,TAMPINES AVE 9,07 TO 09,126.0,Improved,1993,66 years 05 months,760000,0.06079271,17621,2026,486A TAMPINES AVE 9 Singapore
236110,90237bd624a93c3bf5436f5a2aea4b9fbdba5304a135ef7bcb3392385f5725e4,2026-09-03 13:40:53,2026-05,TAMPINES,5 ROOM,488A,TAMPINES AVE 9,07 TO 09,121.0,Improved,1989,61 years 11 months,740000,0.06079271,17621,2026,488A TAMPINES AVE 9 Singapore
236111,e573ccee4aaee81a2574115ba50a9d464c1f5865d186924efd40bc0edf9af7ad,2026-09-03 13:40:53,2026-06,TAMPINES,5 ROOM,601C,TAMPINES AVE 9,10 TO 12,112.0,Improved,2020,92 years 09 months,948000,0.06079271,17621,2026,601C TAMPINES AVE 9 Singapore
236112,3c9de1a48ee2963bce2aa4c33aca8b88c878c545788f90faa051a97dfc813224,2026-09-03 13:40:53,2026-06,TAMPINES,5 ROOM,601D,TAMPINES AVE 9,04 TO 06,112.0,Improved,2020,92 years 09 months,878888,0.06079271,17621,2026,601D TAMPINES AVE 9 Singapore
236113,dcd039968d7e24660483cec751bc28fe2ce2cd81ad4f695f120120e97d3d4f01,2026-09-03 13:40:53,2026-06,TAMPINES,5 ROOM,488A,TAMPINES AVE 9,04 TO 06,121.0,Improved,1989,61 years 10 months,730000,0.06079271,17621,2026,488A TAMPINES AVE 9 Singapore
236114,bb026ebc128efd6cc7127b47a7c1a50652070aaa0532bb678130f53aaf92c892,2026-09-03 13:40:53,2026-07,TAMPINES,5 ROOM,486A,TAMPINES AVE 9,07 TO 09,127.0,Improved,1993,66 years 03 months,735000,0.06079271,17621,2026,486A TAMPINES AVE 9 Singapore
236115,073b077e33412f97a1d4f081938405c9c66dd97819289f328fae5674a4ca5510,2026-09-03 13:40:53,2026-07,TAMPINES,5 ROOM,496D,TAMPINES AVE 9,07 TO 09,124.0,Improved,1993,66 years 01 month,793000,0.06079271,17621,2026,496D TAMPINES AVE 9 Singapore
236116,94116738378a12367615f0967dbde4d20771c3b217369a94e42a739446ca218f,2026-09-03 13:40:53,2026-07,TAMPINES,5 ROOM,494B,TAMPINES AVE 9,04 TO 06,120.0,Improved,1993,66 years 01 month,720000,0.06079271,17621,2026,494B TAMPINES AVE 9 Singapore
236117,e1dfa9f3fd0e713337441bd4e199d913e30894ebccff4f55b11f4ee4eb1e866e,2026-09-03 13:40:53,2026-07,TAMPINES,5 ROOM,493A,TAMPINES AVE 9,07 TO 09,128.0,Improved,1993,65 years 11 months,780000,0.06079271,17621,2026,493A TAMPINES AVE 9 Singapore
236118,b0e4bf3fd5c9936377c7e058ae749f32a931cebe4b317f55b6375f56a7664020,2026-09-03 13:40:53,2026-07,TAMPINES,5 ROOM,486B,TAMPINES AVE 9,07 TO 09,124.0,Improved,1993,66 years 02 months,730000,0.06079271,17621,2026,486B TAMPINES AVE 9 Singapore
236119,7ae8f1529b9a8b4886d30363a116686482d9b7f5167be135c8cf0fc83b9695e5,2026-09-03 13:40:53,2026-07,TAMPINES,5 ROOM,486A,TAMPINES AVE 9,07 TO 09,126.0,Improved,1993,66 years 02 months,765000,0.06079271,17621,2026,486A TAMPINES AVE 9 Singapore
236120,74858916ad1aea0169fc12f878f069d6a950b5ae7f2cb4532f1468fb8d653d98,2026-09-03 13:40:53,2026-08,TAMPINES,5 ROOM,601D,TAMPINES AVE 9,10 TO 12,112.0,Improved,2020,92 years 07 months,938555,0.06079271,17621,2026,601D TAMPINES AVE 9 Singapore
236121,9505027880792201efea010750fc986eeed5d270e30b0ecaf9f51a3a568f81ae,2026-09-03 13:40:53,2026-08,TAMPINES,5 ROOM,604B,TAMPINES AVE 9,04 TO 06,119.0,3Gen,2020,92 years 07 months,845000,0.06079271,17621,2026,604B TAMPINES AVE 9 Singapore
236122,683f96a5e210e72fde4a7d3199e34d2363c4862a9054cced9639db57ceec27ff,2026-09-03 13:40:53,2026-08,TAMPINES,5 ROOM,493B,TAMPINES AVE 9,10 TO 12,123.0,Improved,1993,65 years 11 months,800000,0.06079271,17621,2026,493B TAMPINES AVE 9 Singapore
236123,6fa569ed41a2e95e6711f6ee8aae206c402780d78609f17055e6cf23ab63e15d,2026-09-03 13:40:53,2026-08,TAMPINES,5 ROOM,604B,TAMPINES AVE 9,07 TO 09,119.0,3Gen,2020,92 years 06 months,850888,0.06079271,17621,2026,604B TAMPINES AVE 9 Singapore
236124,faa0647c8bb1e8776274822e5549c4649e0908909915e26982ef693fe284a1ae,2026-09-03 13:40:53,2026-08,TAMPINES,5 ROOM,491A,TAMPINES AVE 9,10 TO 12,126.0,Improved,1993,65 years 11 months,785000,0.06079271,17621,2026,491A TAMPINES AVE 9 Singapore
236125,003da5dfd81b344a6e35ce3dd75b2b747e34f3524f70100246bace356b9520af,2026-09-03 13:40:53,2026-08,TAMPINES,5 ROOM,496D,TAMPINES AVE 9,10 TO 12,127.0,Improved,1993,65 years 11 months,750000,0.06079271,17621,2026,496D TAMPINES AVE 9 Singapore
236126,37f813a61f7a340a9c0234dc7a7c1085091e4205c649fda6628105899cadb4e4,2026-09-03 13:40:53,2026-01,TAMPINES,5 ROOM,522B,TAMPINES CTRL 7,13 TO 15,113.0,Improved,2015,88 years 08 months,982000,0.06079271,17621,2026,522B TAMPINES CTRL 7 Singapore
236127,4fba7d8083989712acf4713a3824d02a0539612492e2e2007ab0aa096e81479c,2026-09-03 13:40:53,2026-01,TAMPINES,5 ROOM,518D,TAMPINES CTRL 7,16 TO 18,110.0,DBSS,2008,82 years,1010000,0.06079271,17621,2026,518D TAMPINES CTRL 7 Singapore
236128,a1bdced53a5a9586d230f2034a9c69fe3c6f56f44fb81c0dd0ccf635c33b4c5d,2026-09-03 13:40:53,2026-01,TAMPINES,5 ROOM,515C,TAMPINES CTRL 7,16 TO 18,109.0,DBSS,2008,82 years,1050000,0.06079271,17621,2026,515C TAMPINES CTRL 7 Singapore
236129,23e8e0aeeae4f40f20589e9f6e1a115683804cddf62720bf4540a81715402e1b,2026-09-03 13:40:53,2026-02,TAMPINES,5 ROOM,522B,TAMPINES CTRL 7,10 TO 12,113.0,Improved,2015,88 years 07 months,999000,0.06079271,17621,2026,522B TAMPINES CTRL 7 Singapore
236130,460b66b4731f52fca21eee1d64f89747e944bccbda9eda8a7f0d1c81f5285f38,2026-09-03 13:40:53,2026-02,TAMPINES,5 ROOM,518C,TAMPINES CTRL 7,10 TO 12,107.0,DBSS,2008,81 years 11 months,936000,0.06079271,17621,2026,518C TAMPINES CTRL 7 Singapore
236131,3461eff27813aa95f54a66d1b2fa45d7550a1ac167b01aa73cea02888d01b6c1,2026-09-03 13:40:53,2026-02,TAMPINES,5 ROOM,524A,TAMPINES CTRL 7,04 TO 06,113.0,Improved,2015,88 years 06 months,953888,0.06079271,17621,2026,524A TAMPINES CTRL 7 Singapore
236132,4930d4822d3dcae8665fca2fbcfb59c354c7be098332f749f1d92ade448f5846,2026-09-03 13:40:53,2026-03,TAMPINES,5 ROOM,515C,TAMPINES CTRL 7,01 TO 03,105.0,DBSS,2008,81 years 11 months,720000,0.06079271,17621,2026,515C TAMPINES CTRL 7 Singapore
236133,49cc201576f8f6a6dc61ae0336640d40ad4e86ef85e352b991e5169bc9f33888,2026-09-03 13:40:53,2026-03,TAMPINES,5 ROOM,522B,TAMPINES CTRL 7,04 TO 06,113.0,Improved,2015,88 years 05 months,923000,0.06079271,17621,2026,522B TAMPINES CTRL 7 Singapore
236134,a05b820341efdf0c42d092fd57f2653f56799d85d89cba6af9e88d966f5079bc,2026-09-03 13:40:53,2026-03,TAMPINES,5 ROOM,515A,TAMPINES CTRL 7,01 TO 03,110.0,DBSS,2008,81 years 10 months,935000,0.06079271,17621,2026,515A TAMPINES CTRL 7 Singapore
236135,2d893ee642db90e9a5b7b5b7e39d4e1df2d32456b7a8a1fd8044264df2a18c40,2026-09-03 13:40:53,2026-04,TAMPINES,5 ROOM,515C,TAMPINES CTRL 7,07 TO 09,107.0,DBSS,2008,81 years 09 months,958000,0.06079271,17621,2026,515C TAMPINES CTRL 7 Singapore
236136,86e72f48ef00ab701dd9be24858fcc53a2d16de28b716f56da41d98db7cc39f1,2026-09-03 13:40:53,2026-04,TAMPINES,5 ROOM,515B,TAMPINES CTRL 7,10 TO 12,114.0,DBSS,2008,81 years 09 months,1060000,0.06079271,17621,2026,515B TAMPINES CTRL 7 Singapore
236137,a5e580e46e65fe120d91c5685abdc90cf13622397e5621abe79270390a007c47,2026-09-03 13:40:53,2026-04,TAMPINES,5 ROOM,522B,TAMPINES CTRL 7,10 TO 12,113.0,Improved,2015,88 years 05 months,990000,0.06079271,17621,2026,522B TAMPINES CTRL 7 Singapore
236138,473ea9a79203741ee31c953b73aa7081c3563ad8cdd2a5aa22f4e86dd0aca2de,2026-09-03 13:40:53,2026-05,TAMPINES,5 ROOM,524A,TAMPINES CTRL 7,16 TO 18,113.0,Improved,2015,88 years 04 months,1030000,0.06079271,17621,2026,524A TAMPINES CTRL 7 Singapore
236139,39c9a78462dc1354b6f7a60fa31eac495f04cb2d826e6f4f6c10b01239a9ad7c,2026-09-03 13:40:53,2026-05,TAMPINES,5 ROOM,515B,TAMPINES CTRL 7,04 TO 06,107.0,DBSS,2008,81 years 09 months,955000,0.06079271,17621,2026,515B TAMPINES CTRL 7 Singapore
236140,31288eb11a89a0ef5f8493c5add54d2276a8d021bb73b11f5dcff6df051667ff,2026-09-03 13:40:53,2026-05,TAMPINES,5 ROOM,515D,TAMPINES CTRL 7,16 TO 18,109.0,DBSS,2008,81 years 08 months,1050000,0.06079271,17621,2026,515D TAMPINES CTRL 7 Singapore
236141,6a89604bf5b02115857f91fdb4a34e5f58a605d70b6c5a0845471752a4a0b675,2026-09-03 13:40:53,2026-06,TAMPINES,5 ROOM,524A,TAMPINES CTRL 7,07 TO 09,113.0,Improved,2015,88 years 03 months,978000,0.06079271,17621,2026,524A TAMPINES CTRL 7 Singapore
236142,43ef95f637013c8ad8c8a8d2f286f939773bff79b30bd234b890615feff0d13b,2026-09-03 13:40:53,2026-06,TAMPINES,5 ROOM,522B,TAMPINES CTRL 7,04 TO 06,113.0,Improved,2015,88 years 03 months,950000,0.06079271,17621,2026,522B TAMPINES CTRL 7 Singapore
236143,9463930f21e621553685cde0097e491c8fd231a1c063866b9f006b50a13e54e5,2026-09-03 13:40:53,2026-07,TAMPINES,5 ROOM,515A,TAMPINES CTRL 7,16 TO 18,109.0,DBSS,2008,81 years 07 months,1068888,0.06079271,17621,2026,515A TAMPINES CTRL 7 Singapore
236144,423e154e7d5bde80b4aea92280899c2217d80c9173dd399b2bd6e7d235c88a6b,2026-09-03 13:40:53,2026-07,TAMPINES,5 ROOM,523C,TAMPINES CTRL 7,07 TO 09,113.0,Improved,2015,88 years 02 months,978888,0.06079271,17621,2026,523C TAMPINES CTRL 7 Singapore
236145,7ea377a78e5d2f093c99edac8ebb9cad287a42554b9d5dd298b33b64e043b96d,2026-09-03 13:40:53,2026-07,TAMPINES,5 ROOM,524A,TAMPINES CTRL 7,10 TO 12,113.0,Improved,2015,88 years 02 months,995888,0.06079271,17621,2026,524A TAMPINES CTRL 7 Singapore
236146,711f5264933b4928f2abdf44ff408f098b57908179783c626e5d1ab693a9b537,2026-09-03 13:40:53,2026-07,TAMPINES,5 ROOM,522B,TAMPINES CTRL 7,07 TO 09,113.0,Improved,2015,88 years 02 months,1000000,0.06079271,17621,2026,522B TAMPINES CTRL 7 Singapore
236147,2b48ec58c3a343d84b042782674ccf74fe3b42638e3ad881d3c87b8bb192324a,2026-09-03 13:40:53,2026-08,TAMPINES,5 ROOM,518D,TAMPINES CTRL 7,13 TO 15,109.0,DBSS,2008,81 years 06 months,990000,0.06079271,17621,2026,518D TAMPINES CTRL 7 Singapore
236148,2c4b7f38896030baa7efd54f64527f5b1de81c05e93db768da268e1504845918,2026-09-03 13:40:53,2026-08,TAMPINES,5 ROOM,524A,TAMPINES CTRL 7,04 TO 06,113.0,Improved,2015,88 years,940000,0.06079271,17621,2026,524A TAMPINES CTRL 7 Singapore
236149,68c095f09c5f11697332a583b2241f2a46c596b812a698a091d65d2f863f090d,2026-09-03 13:40:53,2026-01,TAMPINES,5 ROOM,520B,TAMPINES CTRL 8,01 TO 03,108.0,DBSS,2014,87 years 05 months,895000,0.06079271,17621,2026,520B TAMPINES CTRL 8 Singapore
236150,2d367a670ad2cbc554fd09ff9903975d1868f02c3638f9af88b4606c9a8dea79,2026-09-03 13:40:53,2026-03,TAMPINES,5 ROOM,519B,TAMPINES CTRL 8,10 TO 12,108.0,DBSS,2014,87 years 04 months,1050000,0.06079271,17621,2026,519B TAMPINES CTRL 8 Singapore
236151,e96c05a222673044ea22435da35b30e964ddbb7b47f3f88b5fc15441266a8e56,2026-09-03 13:40:53,2026-06,TAMPINES,5 ROOM,520B,TAMPINES CTRL 8,04 TO 06,108.0,DBSS,2014,87 years 01 month,980000,0.06079271,17621,2026,520B TAMPINES CTRL 8 Singapore
236152,7bae21bd6b7c21366c534e9de43dbf0cd429ca0a3d3fa4e129bec544457918e8,2026-09-03 13:40:53,2026-06,TAMPINES,5 ROOM,520B,TAMPINES CTRL 8,13 TO 15,108.0,DBSS,2014,87 years,1030000,0.06079271,17621,2026,520B TAMPINES CTRL 8 Singapore
236153,db291a15363f9a0e8ab7753a8b19654df7ad6b2721beeb259837d0f32d6943ea,2026-09-03 13:40:53,2026-08,TAMPINES,5 ROOM,519B,TAMPINES CTRL 8,13 TO 15,109.0,DBSS,2014,86 years 10 months,1120000,0.06079271,17621,2026,519B TAMPINES CTRL 8 Singapore
236154,38ed7732c75bd4f8b0fb0518207cb367367a0014e9d3ee4bd63b2a9a57949a91,2026-09-03 13:40:53,2026-01,TAMPINES,5 ROOM,608C,TAMPINES NTH DR 1,01 TO 03,113.0,Improved,2020,93 years 10 months,863000,0.06079271,17621,2026,608C TAMPINES NTH DR 1 Singapore
236155,ad3da7a03b462d26cb075adbcebb5b62bc5d5f32c4daad35d9fedb85f0fe8fc6,2026-09-03 13:40:53,2026-01,TAMPINES,5 ROOM,612A,TAMPINES NTH DR 1,04 TO 06,113.0,Improved,2020,93 years 10 months,883000,0.06079271,17621,2026,612A TAMPINES NTH DR 1 Singapore
236156,042811fc59cfeb373e0e4b9e19562f91830302cf516354a0ffe561666f6342da,2026-09-03 13:40:53,2026-01,TAMPINES,5 ROOM,612B,TAMPINES NTH DR 1,04 TO 06,113.0,Improved,2020,93 years 10 months,868000,0.06079271,17621,2026,612B TAMPINES NTH DR 1 Singapore
236157,d5d870e4a804e3d4838636d1f726063f3ead3b1ce5e43f3d85f7b4974568dff1,2026-09-03 13:40:53,2026-01,TAMPINES,5 ROOM,614B,TAMPINES NTH DR 1,10 TO 12,113.0,Improved,2021,94 years 01 month,940000,0.06079271,17621,2026,614B TAMPINES NTH DR 1 Singapore
236158,0f51acfa46cf446bf42a7c743288bde56e5bf359452a39b96286e7835f29af83,2026-09-03 13:40:53,2026-01,TAMPINES,5 ROOM,610C,TAMPINES NTH DR 1,04 TO 06,113.0,Improved,2020,93 years 09 months,860000,0.06079271,17621,2026,610C TAMPINES NTH DR 1 Singapore
236159,825cdd89746cb384f6644d6015b4bb18349c43ecabca13bcd7cb8d0c042be6e4,2026-09-03 13:40:53,2026-02,TAMPINES,5 ROOM,608A,TAMPINES NTH DR 1,04 TO 06,113.0,Improved,2020,93 years 10 months,865000,0.06079271,17621,2026,608A TAMPINES NTH DR 1 Singapore
236160,145a331302d3ef84a16abe4d3fc1b94e6ac29c1be83bd4d5ad11a2253791c319,2026-09-03 13:40:53,2026-02,TAMPINES,5 ROOM,609A,TAMPINES NTH DR 1,01 TO 03,113.0,Improved,2020,93 years 09 months,875000,0.06079271,17621,2026,609A TAMPINES NTH DR 1 Singapore
236161,a45a657a6b98708535efcbcfd110ccf9a40e47bdf94e53dda3533a8232febb18,2026-09-03 13:40:53,2026-02,TAMPINES,5 ROOM,612B,TAMPINES NTH DR 1,10 TO 12,113.0,Improved,2020,93 years 09 months,940000,0.06079271,17621,2026,612B TAMPINES NTH DR 1 Singapore
236162,68a7d413ffbce5000f04afd83df7fb9845299060fe5031bd3a1fd9c5e8cf59f8,2026-09-03 13:40:53,2026-02,TAMPINES,5 ROOM,612B,TAMPINES NTH DR 1,10 TO 12,113.0,Improved,2020,93 years 08 months,968000,0.06079271,17621,2026,612B TAMPINES NTH DR 1 Singapore
236163,b87b6d22102bddbc7c4b63bf8f50658df1f5df4924825508e1776decb0c1f6e5,2026-09-03 13:40:53,2026-02,TAMPINES,5 ROOM,614A,TAMPINES NTH DR 1,13 TO 15,113.0,Improved,2021,93 years 11 months,955000,0.06079271,17621,2026,614A TAMPINES NTH DR 1 Singapore
236164,d2678b564222908167817cec3dcc4ef292e6f3b420997335fd80e9260d7db7c2,2026-09-03 13:40:53,2026-03,TAMPINES,5 ROOM,609B,TAMPINES NTH DR 1,10 TO 12,113.0,Improved,2020,93 years 08 months,930000,0.06079271,17621,2026,609B TAMPINES NTH DR 1 Singapore
236165,534b8fe8bf9a7e8ad09af529df6ff54d565829a3946fde5e9cbac2c85f4f6ac5,2026-09-03 13:40:53,2026-03,TAMPINES,5 ROOM,610A,TAMPINES NTH DR 1,01 TO 03,113.0,Improved,2020,93 years 08 months,822000,0.06079271,17621,2026,610A TAMPINES NTH DR 1 Singapore
236166,73623dd5d5eeaafb646259586230d4431b7cf1e8ea2554c5efed873bab61f8d5,2026-09-03 13:40:53,2026-03,TAMPINES,5 ROOM,612B,TAMPINES NTH DR 1,10 TO 12,113.0,Improved,2020,93 years 08 months,968000,0.06079271,17621,2026,612B TAMPINES NTH DR 1 Singapore
222681,f4ca1ad2dddbb7f9b532fed3ed135358f4c643c8a0d3b7f86ea5841d55b9fa88,2026-09-05 04:25:26,2026-03,BEDOK,2 ROOM,547B,BEDOK NTH AVE 1,13 TO 15,38.00,2-room,2021,94 years 05 months,415000,0.06079271,17820,2026,547B BEDOK NTH AVE 1 Singapore
222682,8a23ebd9e08c59244bab2be4ca852445a4aeb55747379667437b23c499fbaa85,2026-09-05 04:25:26,2026-01,BEDOK,2 ROOM,514,BEDOK NTH AVE 2,07 TO 09,45.00,Improved,1979,52 years 06 months,318888,0.06079271,17820,2026,514 BEDOK NTH AVE 2 Singapore
222683,f532b99cf6c3a7f048ce32bf22cca488337fafdb98a71ea1440ec91a99814e06,2026-09-05 04:25:26,2026-04,BEDOK,2 ROOM,514,BEDOK NTH AVE 2,04 TO 06,45.00,Improved,1979,52 years 03 months,316000,0.06079271,17820,2026,514 BEDOK NTH AVE 2 Singapore
222684,72205cca5263901a8648ef03d3f76ae2610ab80905f2104e200c8b424c14a15d,2026-09-05 04:25:26,2026-07,BEDOK,2 ROOM,514,BEDOK NTH AVE 2,07 TO 09,45.00,Improved,1979,52 years,290000,0.06079271,17820,2026,514 BEDOK NTH AVE 2 Singapore
222685,7b59cd69d297eec378e98ba0bc881774e6955cc4c37a904b68eeddb75def2217,2026-09-05 04:25:26,2026-06,BEDOK,2 ROOM,101,BEDOK NTH AVE 4,07 TO 09,45.00,Improved,1978,51 years 01 month,310000,0.06079271,17820,2026,101 BEDOK NTH AVE 4 Singapore
222686,21a45d8299c8617b46aeb32f6fa4b278206e9c351f49557976267c9145b1072c,2026-09-05 04:25:26,2026-06,BEDOK,2 ROOM,106,BEDOK NTH AVE 4,07 TO 09,45.00,Improved,1978,51 years,300000,0.06079271,17820,2026,106 BEDOK NTH AVE 4 Singapore
222687,a5456802b2e40c181021b06a6868e2a38a24aaf56f3ac75a551ec2007b2604d8,2026-09-05 04:25:26,2026-05,BEDOK,2 ROOM,113,BEDOK NTH ST 2,04 TO 06,44.00,Improved,1978,51 years 01 month,325000,0.06079271,17820,2026,113 BEDOK NTH ST 2 Singapore
222688,b7da0a466b942831e9cb4f89a39b5e355ae6410f818d4a75d689fb23fdd78d2c,2026-09-05 04:25:26,2026-07,BEDOK,2 ROOM,113,BEDOK NTH ST 2,04 TO 06,44.00,Improved,1978,51 years,330000,0.06079271,17820,2026,113 BEDOK NTH ST 2 Singapore
222689,8b9256c7f48f65b647aefe836a7e7bcca3069880d150bf8511a546f30e34cf63,2026-09-05 04:25:26,2026-05,BEDOK,2 ROOM,535,BEDOK NTH ST 3,13 TO 15,45.00,Improved,1986,58 years 09 months,340000,0.06079271,17820,2026,535 BEDOK NTH ST 3 Singapore
222690,cf86c4bfd90e910dc182c4c0fa9d6869d596d534f40753304205284eaa6eeb15,2026-09-05 04:25:26,2026-03,BEDOK,2 ROOM,620,BEDOK RESERVOIR RD,04 TO 06,45.00,Improved,1986,59 years 05 months,330000,0.06079271,17820,2026,620 BEDOK RESERVOIR RD Singapore
222691,fcfe26a8ef0cf1087096242907d8ac55bdf1edaf8771050b615eb34b8fc9550e,2026-09-05 04:25:26,2026-06,BEDOK,2 ROOM,617,BEDOK RESERVOIR RD,04 TO 06,45.00,Improved,1986,58 years 09 months,353000,0.06079271,17820,2026,617 BEDOK RESERVOIR RD Singapore
222692,6335be2dc0d49bceaf95333f44c97674ecdf76ca0c3e460f8c779a120eb8b753,2026-09-05 04:25:26,2026-07,BEDOK,2 ROOM,620,BEDOK RESERVOIR RD,07 TO 09,45.00,Improved,1986,59 years 02 months,330000,0.06079271,17820,2026,620 BEDOK RESERVOIR RD Singapore
222693,df6d756ffe7dd2f2762567936c376270d33afccc324a14ae57178e0f9df323f9,2026-09-05 04:25:26,2026-08,BEDOK,2 ROOM,618,BEDOK RESERVOIR RD,01 TO 03,45.00,Improved,1986,58 years 08 months,325000,0.06079271,17820,2026,618 BEDOK RESERVOIR RD Singapore
222694,557aa9fcd77a6b947a298b94551edfbee1260d051e68795f04569a6ea5ded45e,2026-09-05 04:25:26,2026-08,BEDOK,2 ROOM,620,BEDOK RESERVOIR RD,10 TO 12,45.00,Improved,1986,59 years 01 month,300888,0.06079271,17820,2026,620 BEDOK RESERVOIR RD Singapore
222695,c1c697078c1bcf96581803cdfc1195a2cfec70d917d58e445b46e99c67a48f99,2026-09-05 04:25:26,2026-07,BEDOK,2 ROOM,154A,BEDOK STH RD,07 TO 09,38.00,2-room,2022,94 years 06 months,420000,0.06079271,17820,2026,154A BEDOK STH RD Singapore
222696,ddffcfe198338ec7f36b8345db1401bf363bc06468997a34b9082b398815580d,2026-09-05 04:25:26,2026-02,BEDOK,3 ROOM,219A,BEDOK CTRL,04 TO 06,69.00,Model A,2010,83 years 03 months,662000,0.06079271,17820,2026,219A BEDOK CTRL Singapore
222697,d7c9d5a6a90d29cbe1fa6cf6ca37b5209ca197f23a58540808a56a96a156b59f,2026-09-05 04:25:26,2026-03,BEDOK,3 ROOM,219D,BEDOK CTRL,04 TO 06,69.00,Model A,2010,83 years 02 months,680000,0.06079271,17820,2026,219D BEDOK CTRL Singapore
222698,2f2666d72abf79ebd25a5808d8474ee233278fed0d1cb5e16f9a735f46cd539c,2026-09-05 04:25:26,2026-01,BEDOK,3 ROOM,550,BEDOK NTH AVE 1,07 TO 09,68.00,New Generation,1980,53 years 06 months,410000,0.06079271,17820,2026,550 BEDOK NTH AVE 1 Singapore
222699,b4cc676dd6e3b4606e3aaaa68a38df280ee20573ea28c759c396a934467de527,2026-09-05 04:25:26,2026-01,BEDOK,3 ROOM,547A,BEDOK NTH AVE 1,10 TO 12,68.00,Model A,2021,94 years 06 months,628800,0.06079271,17820,2026,547A BEDOK NTH AVE 1 Singapore
222700,c95db13b1a3a9375f79ec64a770eaa6ca302ac7f4d78a598c2d4af49be419260,2026-09-05 04:25:26,2026-02,BEDOK,3 ROOM,547B,BEDOK NTH AVE 1,10 TO 12,68.00,Model A,2021,94 years 05 months,625000,0.06079271,17820,2026,547B BEDOK NTH AVE 1 Singapore
222701,3c19e2038f0e9fcda717b3582b5fd33002305907dfb838397c7cbee5d3616331,2026-09-05 04:25:26,2026-03,BEDOK,3 ROOM,521,BEDOK NTH AVE 1,01 TO 03,67.00,New Generation,1979,52 years 05 months,400000,0.06079271,17820,2026,521 BEDOK NTH AVE 1 Singapore
222702,53ba8bb346429d58233f907b0004e1c20a91f62aadaac1294883e215016b52b5,2026-09-05 04:25:26,2026-03,BEDOK,3 ROOM,547B,BEDOK NTH AVE 1,10 TO 12,68.00,Model A,2021,94 years 05 months,650000,0.06079271,17820,2026,547B BEDOK NTH AVE 1 Singapore
222703,e00e6dd5123c6dc4eef76d52ce687aabc2112156954c40db760ee4f234d06fa7,2026-09-05 04:25:26,2026-03,BEDOK,3 ROOM,424,BEDOK NTH AVE 1,04 TO 06,67.00,New Generation,1979,51 years 11 months,500000,0.06079271,17820,2026,424 BEDOK NTH AVE 1 Singapore
222704,dbb9418460e0960b07b8ca512fa202083d82c234e1279ff649c17acb0034c96c,2026-09-05 04:25:26,2026-03,BEDOK,3 ROOM,547A,BEDOK NTH AVE 1,04 TO 06,68.00,Model A,2021,94 years 05 months,642000,0.06079271,17820,2026,547A BEDOK NTH AVE 1 Singapore
222705,80ce8a036c04e100fa396a18ac0e077f21e8a19070868c3610e25c90952097fa,2026-09-05 04:25:26,2026-03,BEDOK,3 ROOM,547B,BEDOK NTH AVE 1,04 TO 06,68.00,Model A,2021,94 years 04 months,638000,0.06079271,17820,2026,547B BEDOK NTH AVE 1 Singapore
222706,56383146780e9570fbcd4ea5491de3604388419f2f2c9185a33e03bdc9a76c31,2026-09-05 04:25:26,2026-04,BEDOK,3 ROOM,522,BEDOK NTH AVE 1,10 TO 12,67.00,New Generation,1979,52 years 06 months,435000,0.06079271,17820,2026,522 BEDOK NTH AVE 1 Singapore
222707,10af71be570f47cacdefc1566c217c6460aaec470b8d46e70ba1e8a830f78168,2026-09-05 04:25:26,2026-04,BEDOK,3 ROOM,423,BEDOK NTH AVE 1,07 TO 09,81.00,New Generation,1979,51 years 10 months,465000,0.06079271,17820,2026,423 BEDOK NTH AVE 1 Singapore
222708,fd4d0ff2f007991b28a82261c7ebf1da7cd126b3ef6ce3ff7b47be94800d5c21,2026-09-05 04:25:26,2026-04,BEDOK,3 ROOM,547B,BEDOK NTH AVE 1,04 TO 06,68.00,Model A,2021,94 years 04 months,620000,0.06079271,17820,2026,547B BEDOK NTH AVE 1 Singapore
222709,384d1d549d0dacbbe798d413a0010946ae040c1a979168c4cce3f52d589cdada,2026-09-05 04:25:26,2026-04,BEDOK,3 ROOM,548,BEDOK NTH AVE 1,04 TO 06,68.00,New Generation,1980,53 years 02 months,430000,0.06079271,17820,2026,548 BEDOK NTH AVE 1 Singapore
222710,1f5dce8b82ea2182946cb500cb797e44431978305a36b42ed70d4dfbdc6029b5,2026-09-05 04:25:26,2026-04,BEDOK,3 ROOM,423,BEDOK NTH AVE 1,07 TO 09,67.00,New Generation,1979,51 years 09 months,415000,0.06079271,17820,2026,423 BEDOK NTH AVE 1 Singapore
222711,2abb89a8658923dd4796571fa52e9f1b4f589879b16381fc1d770fb3a65ba7d1,2026-09-05 04:25:26,2026-04,BEDOK,3 ROOM,550,BEDOK NTH AVE 1,10 TO 12,68.00,New Generation,1980,53 years 03 months,430000,0.06079271,17820,2026,550 BEDOK NTH AVE 1 Singapore
222712,9e859a57f539e33c43c66dcbfc7d5415d16f87a6baa52f66ea383582d64eadf1,2026-09-05 04:25:26,2026-04,BEDOK,3 ROOM,519,BEDOK NTH AVE 1,07 TO 09,67.00,New Generation,1979,52 years 03 months,378888,0.06079271,17820,2026,519 BEDOK NTH AVE 1 Singapore
222713,686b175d122b30e008ff97e3112d0561e67c814fd8723a14ffb5fe0ca0b17585,2026-09-05 04:25:26,2026-05,BEDOK,3 ROOM,423,BEDOK NTH AVE 1,01 TO 03,67.00,New Generation,1979,51 years 09 months,375000,0.06079271,17820,2026,423 BEDOK NTH AVE 1 Singapore
222714,8b415be87298ca55507e74790d8d980af756750ffa2de4cc16b4bfffddf8a784,2026-09-05 04:25:26,2026-05,BEDOK,3 ROOM,519,BEDOK NTH AVE 1,07 TO 09,67.00,New Generation,1979,52 years 03 months,368000,0.06079271,17820,2026,519 BEDOK NTH AVE 1 Singapore
222715,f391a502a1b38600a1a4ebaadeedca765ebe226677485111274a50302d941645,2026-09-05 04:25:26,2026-05,BEDOK,3 ROOM,547B,BEDOK NTH AVE 1,04 TO 06,68.00,Model A,2021,94 years 03 months,620000,0.06079271,17820,2026,547B BEDOK NTH AVE 1 Singapore
222716,87122207123333ddd987c835224e8af6a57631facd457674743f9403193a850f,2026-09-05 04:25:26,2026-05,BEDOK,3 ROOM,547B,BEDOK NTH AVE 1,04 TO 06,68.00,Model A,2021,94 years 02 months,623000,0.06079271,17820,2026,547B BEDOK NTH AVE 1 Singapore
222717,81d99774983190baff779d7789f63024bd5d4d284149d80749d9d4de78ed6f5e,2026-09-05 04:25:26,2026-05,BEDOK,3 ROOM,547A,BEDOK NTH AVE 1,07 TO 09,68.00,Model A,2021,94 years 02 months,635000,0.06079271,17820,2026,547A BEDOK NTH AVE 1 Singapore
222718,afe3b5c1a0b9cb589f1446b7a66e7bf2d980939d897772611ada13604120f773,2026-09-05 04:25:26,2026-06,BEDOK,3 ROOM,547A,BEDOK NTH AVE 1,13 TO 15,68.00,Model A,2021,94 years 02 months,640000,0.06079271,17820,2026,547A BEDOK NTH AVE 1 Singapore
222719,8abe3c73cbccf31f6ed1638c350c1dcb814280d2e66660b9ee51f0eca1f1dc99,2026-09-05 04:25:26,2026-06,BEDOK,3 ROOM,547A,BEDOK NTH AVE 1,01 TO 03,68.00,Model A,2021,94 years 02 months,600000,0.06079271,17820,2026,547A BEDOK NTH AVE 1 Singapore
222720,0605a3ddafbe66f3ae1d732e3b860e3cecf07e6341fc42e1c458d43012aac92e,2026-09-05 04:25:26,2026-06,BEDOK,3 ROOM,547B,BEDOK NTH AVE 1,07 TO 09,68.00,Model A,2021,94 years 02 months,650000,0.06079271,17820,2026,547B BEDOK NTH AVE 1 Singapore
222721,a6cfff7c631234eb2ab28b76dbe0d61f10a4bebbfaf9602651afd9e63efa0c4b,2026-09-05 04:25:26,2026-07,BEDOK,3 ROOM,550,BEDOK NTH AVE 1,07 TO 09,82.00,New Generation,1980,53 years,455000,0.06079271,17820,2026,550 BEDOK NTH AVE 1 Singapore
222722,026c5f5f64ffbbd6414e359ca7ab9403999c3a9ab20258746dcf99b7dc850db7,2026-09-05 04:25:26,2026-07,BEDOK,3 ROOM,521,BEDOK NTH AVE 1,04 TO 06,67.00,New Generation,1979,52 years 01 month,390000,0.06079271,17820,2026,521 BEDOK NTH AVE 1 Singapore
222723,57b9666ba97df96c94e77d282065a736f54ece9911935e505b350335485c418d,2026-09-05 04:25:26,2026-07,BEDOK,3 ROOM,424,BEDOK NTH AVE 1,10 TO 12,67.00,New Generation,1979,51 years 07 months,435000,0.06079271,17820,2026,424 BEDOK NTH AVE 1 Singapore
222724,4ea5f30827ad0b3af87049b7ccf2d709b3dda759853961943fb3b3d32a4a5221,2026-09-05 04:25:26,2026-07,BEDOK,3 ROOM,520,BEDOK NTH AVE 1,04 TO 06,67.00,New Generation,1979,52 years,400000,0.06079271,17820,2026,520 BEDOK NTH AVE 1 Singapore
222725,520a6a3291a51c017155e9e04c2200b2985976999f77beeb8c015872bce2792e,2026-09-05 04:25:26,2026-08,BEDOK,3 ROOM,547A,BEDOK NTH AVE 1,01 TO 03,68.00,Model A,2021,94 years,600000,0.06079271,17820,2026,547A BEDOK NTH AVE 1 Singapore
222726,62b2d6903b3ab136c248742800b78014d3fcfe0984facce48b26dacfc4278f9a,2026-09-05 04:25:26,2026-08,BEDOK,3 ROOM,522,BEDOK NTH AVE 1,10 TO 12,67.00,New Generation,1979,52 years 02 months,425000,0.06079271,17820,2026,522 BEDOK NTH AVE 1 Singapore
222727,89980cecc6c211779cf84af9a2aaeaf3174b0146743981b90384b26bf582cea8,2026-09-05 04:25:26,2026-08,BEDOK,3 ROOM,551,BEDOK NTH AVE 1,04 TO 06,83.00,New Generation,1980,52 years 08 months,440000,0.06079271,17820,2026,551 BEDOK NTH AVE 1 Singapore
222728,1ce745f3424cbdde3ca48d5a26a0246e8055eedc919901f4aa2851c938e2240d,2026-09-05 04:25:26,2026-08,BEDOK,3 ROOM,547B,BEDOK NTH AVE 1,04 TO 06,68.00,Model A,2021,93 years 11 months,605000,0.06079271,17820,2026,547B BEDOK NTH AVE 1 Singapore
222729,990d17baecf8c50e0281812dbe8ecc3fd4c09f028987f57e9a1b94685935f5ab,2026-09-05 04:25:26,2026-08,BEDOK,3 ROOM,550,BEDOK NTH AVE 1,04 TO 06,68.00,New Generation,1980,52 years 10 months,395000,0.06079271,17820,2026,550 BEDOK NTH AVE 1 Singapore
222730,f5c6b7e6af0adba8d72584250974d395e304d0d5d26ffe32f00c51ac16a65d7d,2026-09-05 04:25:26,2026-08,BEDOK,3 ROOM,519,BEDOK NTH AVE 1,01 TO 03,67.00,New Generation,1979,52 years,380000,0.06079271,17820,2026,519 BEDOK NTH AVE 1 Singapore
222731,759086d39fd8a0905dfcd3c3d47aa0eef9bad3d0cb698be48086a7e8632dafa1,2026-09-05 04:25:26,2026-08,BEDOK,3 ROOM,547A,BEDOK NTH AVE 1,16 TO 18,68.00,Model A,2021,93 years 11 months,675000,0.06079271,17820,2026,547A BEDOK NTH AVE 1 Singapore
222732,847ae5735981a1be2a9201f42045cf5836c57488cb5ce8411b35d384fd263475,2026-09-05 04:25:26,2026-09,BEDOK,3 ROOM,548,BEDOK NTH AVE 1,10 TO 12,68.00,New Generation,1980,52 years 10 months,410000,0.06079271,17820,2026,548 BEDOK NTH AVE 1 Singapore
222733,f14130faeecd31601cd468c28985e0e038abbf678b4aa8663eb774eef63a2bde,2026-09-05 04:25:26,2026-09,BEDOK,3 ROOM,519,BEDOK NTH AVE 1,01 TO 03,67.00,New Generation,1979,52 years,340000,0.06079271,17820,2026,519 BEDOK NTH AVE 1 Singapore
222734,7bff1eba404555366f78c9e70857f78f3ceb2072705dfe1d006db554e4dd6f0b,2026-09-05 04:25:26,2026-02,BEDOK,3 ROOM,418,BEDOK NTH AVE 2,01 TO 03,67.00,New Generation,1978,51 years 10 months,405000,0.06079271,17820,2026,418 BEDOK NTH AVE 2 Singapore
222735,e62511d81b7822a51dba846571aff63db213dcf90e9a06143a4786fc0d02f3c0,2026-09-05 04:25:26,2026-02,BEDOK,3 ROOM,409,BEDOK NTH AVE 2,07 TO 09,68.00,New Generation,1980,53 years 03 months,460000,0.06079271,17820,2026,409 BEDOK NTH AVE 2 Singapore
222736,0f997c87c0f177d15470834d17ae420d2e978d87224ea2017e2f2a28a7bceb05,2026-09-05 04:25:26,2026-03,BEDOK,3 ROOM,418,BEDOK NTH AVE 2,07 TO 09,67.00,New Generation,1978,51 years 09 months,450000,0.06079271,17820,2026,418 BEDOK NTH AVE 2 Singapore
222737,5363cb11fb8bf569befc085fa83bf572fead2ad610caa0665bea6d0b0a3ef722,2026-09-05 04:25:26,2026-05,BEDOK,3 ROOM,409,BEDOK NTH AVE 2,07 TO 09,68.00,New Generation,1980,53 years,450000,0.06079271,17820,2026,409 BEDOK NTH AVE 2 Singapore
222738,0f5d1af05a17031551c65a84fedd2f893c17eabbf771d9d7097d2c1c90a5b6d0,2026-09-05 04:25:26,2026-06,BEDOK,3 ROOM,412,BEDOK NTH AVE 2,04 TO 06,67.00,New Generation,1979,52 years,425000,0.06079271,17820,2026,412 BEDOK NTH AVE 2 Singapore
222739,9107a89bd4ed4ee9acd28ae73fe74de31b986780e89991bbb7c7170955c9af8c,2026-09-05 04:25:26,2026-07,BEDOK,3 ROOM,418,BEDOK NTH AVE 2,01 TO 03,67.00,New Generation,1978,51 years 05 months,420000,0.06079271,17820,2026,418 BEDOK NTH AVE 2 Singapore
222740,55de106cf82248bc64e4940a0cc3a21520bc6c7b81f603bceadaffd96dd82997,2026-09-05 04:25:26,2026-08,BEDOK,3 ROOM,409,BEDOK NTH AVE 2,01 TO 03,68.00,New Generation,1980,52 years 09 months,420000,0.06079271,17820,2026,409 BEDOK NTH AVE 2 Singapore
222741,d046093e167c682edaca585ef885f94114cb53124419f604cab9ec3fd4a5294c,2026-09-05 04:25:26,2026-08,BEDOK,3 ROOM,410,BEDOK NTH AVE 2,07 TO 09,68.00,New Generation,1980,52 years 09 months,455000,0.06079271,17820,2026,410 BEDOK NTH AVE 2 Singapore
222742,a070dac8867028c83dadc51a5e68181b95b8879344284c403f344fda4a5514c2,2026-09-05 04:25:26,2026-08,BEDOK,3 ROOM,418,BEDOK NTH AVE 2,07 TO 09,67.00,New Generation,1978,51 years 04 months,430000,0.06079271,17820,2026,418 BEDOK NTH AVE 2 Singapore
222743,f585393931e160d609f04df978cd66449cb750d4ca1f9bc055ea74079ecdd605,2026-09-05 04:25:26,2026-01,BEDOK,3 ROOM,136,BEDOK NTH AVE 3,04 TO 06,67.00,New Generation,1979,52 years 01 month,385000,0.06079271,17820,2026,136 BEDOK NTH AVE 3 Singapore
222744,986ed42c7e969b4ac1d1dc25b36f91139eb3db1c8e4a1f3d65ad202cceb15427,2026-09-05 04:25:26,2026-02,BEDOK,3 ROOM,402,BEDOK NTH AVE 3,13 TO 15,67.00,New Generation,1979,52 years 04 months,435000,0.06079271,17820,2026,402 BEDOK NTH AVE 3 Singapore
222745,afd612948664f855c7e8fcafd15c5de7cf32d0496de8065bf634d11ebcca63f8,2026-09-05 04:25:26,2026-04,BEDOK,3 ROOM,401,BEDOK NTH AVE 3,04 TO 06,67.00,New Generation,1979,52 years 02 months,415000,0.06079271,17820,2026,401 BEDOK NTH AVE 3 Singapore
222746,dedd0f4213179b7d6fc5f96d09c405ccbf4d125b210b0ed3b301e9f4033df8a4,2026-09-05 04:25:26,2026-05,BEDOK,3 ROOM,401,BEDOK NTH AVE 3,04 TO 06,67.00,New Generation,1979,52 years 02 months,420000,0.06079271,17820,2026,401 BEDOK NTH AVE 3 Singapore
222747,06bad1b694c30c0f16d6489b2849be705dd6118565d93c7aea63fa03e21c4e05,2026-09-05 04:25:26,2026-07,BEDOK,3 ROOM,401,BEDOK NTH AVE 3,01 TO 03,67.00,New Generation,1979,52 years,405000,0.06079271,17820,2026,401 BEDOK NTH AVE 3 Singapore
222748,438a3be04fbd770f6c9c69864d7b24e598c165bb42e96c1881bf7342b9f20a0f,2026-09-05 04:25:26,2026-07,BEDOK,3 ROOM,401,BEDOK NTH AVE 3,04 TO 06,67.00,New Generation,1979,52 years,395000,0.06079271,17820,2026,401 BEDOK NTH AVE 3 Singapore
222749,bba842732a007ed5475b7287aa576da573e9a25886ca7861fdf40175a011363d,2026-09-05 04:25:26,2026-07,BEDOK,3 ROOM,401,BEDOK NTH AVE 3,01 TO 03,67.00,New Generation,1979,52 years,410000,0.06079271,17820,2026,401 BEDOK NTH AVE 3 Singapore
222750,b2fe669b6086a0ff59036646927f19ac3641dd9cf820b9fb21059ee2078e0d58,2026-09-05 04:25:26,2026-01,BEDOK,3 ROOM,104,BEDOK NTH AVE 4,10 TO 12,67.00,New Generation,1977,50 years 07 months,388000,0.06079271,17820,2026,104 BEDOK NTH AVE 4 Singapore
222751,392a5f1b6dcd810fa387c55ef22838abcc88e8a963fbc583441bce0efe96152e,2026-09-05 04:25:26,2026-02,BEDOK,3 ROOM,102,BEDOK NTH AVE 4,07 TO 09,67.00,New Generation,1977,50 years 06 months,370000,0.06079271,17820,2026,102 BEDOK NTH AVE 4 Singapore
222752,0aa731a44aadfb358e21620da1c19ca2bb063e8f4e0e7ab63538fed2480a6233,2026-09-05 04:25:26,2026-02,BEDOK,3 ROOM,100,BEDOK NTH AVE 4,04 TO 06,67.00,New Generation,1978,51 years 10 months,393000,0.06079271,17820,2026,100 BEDOK NTH AVE 4 Singapore
222753,10f9471f6cef5af8b93d11e18754a4722cb2a7b82ea92a4836de018fbfafd307,2026-09-05 04:25:26,2026-02,BEDOK,3 ROOM,103,BEDOK NTH AVE 4,07 TO 09,81.00,New Generation,1977,50 years 05 months,482000,0.06079271,17820,2026,103 BEDOK NTH AVE 4 Singapore
222754,309286d8da4f8119e92fd86bdb1dafa3c63188e91c7e2ee1d0118c7d8bde862c,2026-09-05 04:25:26,2026-03,BEDOK,3 ROOM,102,BEDOK NTH AVE 4,13 TO 15,82.00,New Generation,1977,50 years 05 months,428000,0.06079271,17820,2026,102 BEDOK NTH AVE 4 Singapore
222755,7607074237b44249db5cb5d6963d1bbb4901b36fe15bf3e0ed6a999f0593987e,2026-09-05 04:25:26,2026-04,BEDOK,3 ROOM,100,BEDOK NTH AVE 4,13 TO 15,67.00,New Generation,1978,51 years 08 months,420000,0.06079271,17820,2026,100 BEDOK NTH AVE 4 Singapore
222756,636288c1491a2f877c324518c620415f67c2104067902cfbd2c8930a80db4047,2026-09-05 04:25:26,2026-05,BEDOK,3 ROOM,92,BEDOK NTH AVE 4,04 TO 06,67.00,New Generation,1979,52 years 02 months,390000,0.06079271,17820,2026,92 BEDOK NTH AVE 4 Singapore
222757,046441cb55dc282e51e1b86a368b4436295d33213fb38a9f6bfb08d36d049389,2026-09-05 04:25:26,2026-07,BEDOK,3 ROOM,105,BEDOK NTH AVE 4,13 TO 15,82.00,New Generation,1977,50 years 01 month,470000,0.06079271,17820,2026,105 BEDOK NTH AVE 4 Singapore
222758,10bbd795751ad5dff0cf9fc2a704453dae0c0c3bb093e6a2ebe205db91fac3ee,2026-09-05 04:25:26,2026-08,BEDOK,3 ROOM,102,BEDOK NTH AVE 4,04 TO 06,82.00,New Generation,1977,50 years,470000,0.06079271,17820,2026,102 BEDOK NTH AVE 4 Singapore
222759,0fb2cd4274f05df7c77a13efc004dd5a18721e35d72825982299fdea7d2d7d59,2026-09-05 04:25:26,2026-08,BEDOK,3 ROOM,105,BEDOK NTH AVE 4,13 TO 15,67.00,New Generation,1977,50 years,400000,0.06079271,17820,2026,105 BEDOK NTH AVE 4 Singapore
222760,918e3af4153354715998b5da09b0d76b225b8500338ec35818366f73ec878588,2026-09-05 04:25:26,2026-08,BEDOK,3 ROOM,103,BEDOK NTH AVE 4,07 TO 09,67.00,New Generation,1977,50 years,378000,0.06079271,17820,2026,103 BEDOK NTH AVE 4 Singapore
222761,4660b5747eb4f69d80f67d661716cdabd39f213357b55f937cfb28a2eba1169f,2026-09-05 04:25:26,2026-08,BEDOK,3 ROOM,100,BEDOK NTH AVE 4,10 TO 12,67.00,New Generation,1978,51 years 03 months,418000,0.06079271,17820,2026,100 BEDOK NTH AVE 4 Singapore
222762,d0efd4dc48c90949ff3f08bad3ee4fbc49010f4ecfe9942db98098192c824b51,2026-09-05 04:25:26,2026-01,BEDOK,3 ROOM,75,BEDOK NTH RD,13 TO 15,59.00,Improved,1978,51 years 01 month,400000,0.06079271,17820,2026,75 BEDOK NTH RD Singapore
222763,8a26da0e8ef6ebbc119892fa866d820a2dfc88af0cba08d5b873ec94cf19d8a9,2026-09-05 04:25:26,2026-01,BEDOK,3 ROOM,430A,BEDOK NTH RD,10 TO 12,69.00,Model A,2021,94 years 05 months,708000,0.06079271,17820,2026,430A BEDOK NTH RD Singapore
222764,b70656ddd71bc5d65ae8a4182867a544c3933df46339961405374cfdc5845ed6,2026-09-05 04:25:26,2026-01,BEDOK,3 ROOM,117,BEDOK NTH RD,01 TO 03,73.00,New Generation,1978,51 years 05 months,410000,0.06079271,17820,2026,117 BEDOK NTH RD Singapore
222765,e467b4c6365a6041ab8da3bae7667b3226dce2288f17140a599d3a6e6fdfd066,2026-09-05 04:25:26,2026-01,BEDOK,3 ROOM,116,BEDOK NTH RD,01 TO 03,73.00,New Generation,1978,51 years 04 months,439000,0.06079271,17820,2026,116 BEDOK NTH RD Singapore
222766,403842aef3184c985495d0332248fe0daa504ed173a2f38fec68c0cbbae66ec1,2026-09-05 04:25:26,2026-02,BEDOK,3 ROOM,77,BEDOK NTH RD,10 TO 12,60.00,Improved,1986,59 years 03 months,390000,0.06079271,17820,2026,77 BEDOK NTH RD Singapore
222767,6ecb57da1d1af07f817ec71dbbb501a0e56bf1ed70dd1d3604997aa8871c6d99,2026-09-05 04:25:26,2026-02,BEDOK,3 ROOM,77,BEDOK NTH RD,10 TO 12,69.00,Improved,1986,59 years 03 months,435000,0.06079271,17820,2026,77 BEDOK NTH RD Singapore
222768,d5299985f80623af530d0acda7ce2873f1305be38f520c0afc0ff541404a3763,2026-09-05 04:25:26,2026-02,BEDOK,3 ROOM,117,BEDOK NTH RD,01 TO 03,73.00,New Generation,1978,51 years 03 months,430000,0.06079271,17820,2026,117 BEDOK NTH RD Singapore
222769,7d8cedfdf9acdaa9ec9ca1597cee6c972b87513694a7dc49d9654679773422b4,2026-09-05 04:25:26,2026-02,BEDOK,3 ROOM,75,BEDOK NTH RD,10 TO 12,59.00,Improved,1978,50 years 11 months,379000,0.06079271,17820,2026,75 BEDOK NTH RD Singapore
222770,6f7828eb195de85363151a1d16dffe23b1a5acf7c22855ae3df476523d890b2d,2026-09-05 04:25:26,2026-02,BEDOK,3 ROOM,426,BEDOK NTH RD,04 TO 06,67.00,New Generation,1979,51 years 11 months,440000,0.06079271,17820,2026,426 BEDOK NTH RD Singapore
222771,339b3bee423aeb69c6795c1fdb3d08d3ec297f3a243def4649e5dd96fbd6c07a,2026-09-05 04:25:26,2026-02,BEDOK,3 ROOM,109,BEDOK NTH RD,07 TO 09,67.00,New Generation,1977,50 years 05 months,430000,0.06079271,17820,2026,109 BEDOK NTH RD Singapore
222772,ad4d06c0925b2ac2e14678f9f9a083735863620bd7d158412cd2edef3845c9eb,2026-09-05 04:25:26,2026-03,BEDOK,3 ROOM,124,BEDOK NTH RD,01 TO 03,67.00,New Generation,1978,51 years 03 months,390000,0.06079271,17820,2026,124 BEDOK NTH RD Singapore
222773,bcd7f0ebd710ecbc767f364ee6615bfd577a8cedd810c2afbb145c91cbce0a1f,2026-09-05 04:25:26,2026-03,BEDOK,3 ROOM,107,BEDOK NTH RD,07 TO 09,82.00,New Generation,1977,50 years 05 months,417000,0.06079271,17820,2026,107 BEDOK NTH RD Singapore
222774,4028db10e0e5291db4d9876aaee2b25e25bf659f53ea16d098730e22580f4585,2026-09-05 04:25:26,2026-03,BEDOK,3 ROOM,117,BEDOK NTH RD,04 TO 06,73.00,New Generation,1978,51 years 03 months,445000,0.06079271,17820,2026,117 BEDOK NTH RD Singapore
222775,8de19631e122e80c8b99be993ad66eda46729a8d1089c773dc9512867bedf1ec,2026-09-05 04:25:26,2026-03,BEDOK,3 ROOM,425,BEDOK NTH RD,01 TO 03,67.00,New Generation,1979,51 years 10 months,415000,0.06079271,17820,2026,425 BEDOK NTH RD Singapore
222776,3c1cb1129f5bd532e11c197c85eafc1d3323d0c2849db90ab8024b2792a6858a,2026-09-05 04:25:26,2026-03,BEDOK,3 ROOM,429B,BEDOK NTH RD,04 TO 06,69.00,Model A,2021,94 years 02 months,667000,0.06079271,17820,2026,429B BEDOK NTH RD Singapore
222777,470766d02734d3881fb1821062c6898a5dd5da392dd9827ba85be1952cb398df,2026-09-05 04:25:26,2026-04,BEDOK,3 ROOM,116,BEDOK NTH RD,01 TO 03,88.00,New Generation,1978,51 years 02 months,464000,0.06079271,17820,2026,116 BEDOK NTH RD Singapore
222778,442d670642a05043a9faba731de288fd3fa2cd9a8edf5d984c9807d3446cd801,2026-09-05 04:25:26,2026-04,BEDOK,3 ROOM,426,BEDOK NTH RD,04 TO 06,67.00,New Generation,1979,51 years 10 months,462000,0.06079271,17820,2026,426 BEDOK NTH RD Singapore
222779,3cf0173b0d280821363fb3a8f4d93890dd8bcfb1bdf730e9f08c93a69840e372,2026-09-05 04:25:26,2026-04,BEDOK,3 ROOM,429B,BEDOK NTH RD,04 TO 06,69.00,Model A,2021,94 years 02 months,670000,0.06079271,17820,2026,429B BEDOK NTH RD Singapore
222780,c68906c92788ad655ac185f9c70da0dbe9687545fae9ba22ca7396b63b2fe584,2026-09-05 04:25:26,2026-04,BEDOK,3 ROOM,124,BEDOK NTH RD,07 TO 09,67.00,New Generation,1978,51 years 02 months,425000,0.06079271,17820,2026,124 BEDOK NTH RD Singapore
222781,284c3d0c6961145885586ddb300ef51e239ab884514857820a913ad191648117,2026-09-05 04:25:26,2026-04,BEDOK,3 ROOM,74,BEDOK NTH RD,10 TO 12,59.00,Improved,1978,50 years 09 months,393000,0.06079271,17820,2026,74 BEDOK NTH RD Singapore
222782,d4e15e09945ff8977ea6f0324cf2bba08a53273aafd77c3739352f3c288cabcf,2026-09-05 04:25:26,2026-04,BEDOK,3 ROOM,425,BEDOK NTH RD,07 TO 09,67.00,New Generation,1979,51 years 09 months,466000,0.06079271,17820,2026,425 BEDOK NTH RD Singapore
222783,b37d3b96a8f11e702d7e920845fc38798219fd17a6939ebda181249fd3fb54c2,2026-09-05 04:25:26,2026-05,BEDOK,3 ROOM,74,BEDOK NTH RD,07 TO 09,59.00,Improved,1978,50 years 09 months,380000,0.06079271,17820,2026,74 BEDOK NTH RD Singapore
222784,52ff6b88b02e30324360355237b13d1a43d0fc6c44b6f6ace844e34b67c079db,2026-09-05 04:25:26,2026-05,BEDOK,3 ROOM,74,BEDOK NTH RD,04 TO 06,59.00,Improved,1978,50 years 09 months,340000,0.06079271,17820,2026,74 BEDOK NTH RD Singapore
222785,1d0ee7a786f58be4a128632cc04bf7d5f7224aad897492d7f7ec937f777f3b3d,2026-09-05 04:25:26,2026-05,BEDOK,3 ROOM,75,BEDOK NTH RD,07 TO 09,59.00,Improved,1978,50 years 09 months,360000,0.06079271,17820,2026,75 BEDOK NTH RD Singapore
222786,5687f1fcee85978438886837859a883599d8619248680cddd24895dc3157305f,2026-09-05 04:25:26,2026-05,BEDOK,3 ROOM,117,BEDOK NTH RD,04 TO 06,88.00,New Generation,1978,51 years 01 month,490000,0.06079271,17820,2026,117 BEDOK NTH RD Singapore
222787,21d28a50bf567c19ad77b293311261b0c4f2f884b0fd097d086140390f1b4d39,2026-09-05 04:25:26,2026-05,BEDOK,3 ROOM,117,BEDOK NTH RD,01 TO 03,73.00,New Generation,1978,51 years 01 month,400000,0.06079271,17820,2026,117 BEDOK NTH RD Singapore
222788,aa6198e73545b64e58e308cb519821f7ec5faca668c3f0781f293239b64bcea0,2026-09-05 04:25:26,2026-06,BEDOK,3 ROOM,110,BEDOK NTH RD,07 TO 09,67.00,New Generation,1977,50 years 02 months,400000,0.06079271,17820,2026,110 BEDOK NTH RD Singapore
222789,c0e4cbb354a11aa1125239e84ebc87244fa4ab470da6f24678d98a58bee612f2,2026-09-05 04:25:26,2026-06,BEDOK,3 ROOM,116,BEDOK NTH RD,13 TO 15,73.00,New Generation,1978,51 years 01 month,450000,0.06079271,17820,2026,116 BEDOK NTH RD Singapore
222790,d2bd23c61e30b29e84061aad7ec653b2e5f0a09bb7b2952f25a618ab8ebd297a,2026-09-05 04:25:26,2026-06,BEDOK,3 ROOM,77,BEDOK NTH RD,13 TO 15,69.00,Improved,1986,58 years 11 months,455000,0.06079271,17820,2026,77 BEDOK NTH RD Singapore
222791,3756d311735f088655660f45ca1eb8e5f8ac79c956ab863da48f44e6c91d7cac,2026-09-05 04:25:26,2026-06,BEDOK,3 ROOM,426,BEDOK NTH RD,10 TO 12,67.00,New Generation,1979,51 years 08 months,405000,0.06079271,17820,2026,426 BEDOK NTH RD Singapore
222792,679f85b4ef3397205a936ffa1fbe01019a0bb787357a8db861bbac113906ae55,2026-09-05 04:25:26,2026-07,BEDOK,3 ROOM,125,BEDOK NTH RD,07 TO 09,67.00,New Generation,1978,50 years 11 months,390000,0.06079271,17820,2026,125 BEDOK NTH RD Singapore
222793,4a3b02b350bfbd0f716ea1547b527461c1b525b6ba5adc3ac6a9683a6b0a7559,2026-09-05 04:25:26,2026-07,BEDOK,3 ROOM,75,BEDOK NTH RD,07 TO 09,59.00,Improved,1978,50 years 07 months,368800,0.06079271,17820,2026,75 BEDOK NTH RD Singapore
222794,00ff3fef0477b8720052dc0b99b32531f8a5f4f662ca0d5037795d149660b157,2026-09-05 04:25:26,2026-07,BEDOK,3 ROOM,108,BEDOK NTH RD,04 TO 06,82.00,New Generation,1977,50 years 01 month,445000,0.06079271,17820,2026,108 BEDOK NTH RD Singapore
222795,f19dc9ea765739322a7072b1485f05061ae8433bb46792ce0801279d9e15bbc0,2026-09-05 04:25:26,2026-07,BEDOK,3 ROOM,426,BEDOK NTH RD,10 TO 12,67.00,New Generation,1979,51 years 06 months,398888,0.06079271,17820,2026,426 BEDOK NTH RD Singapore
222796,5e4102b3673041368e55053c921763fb5308e12e953950dae765efed1fb44500,2026-09-05 04:25:26,2026-07,BEDOK,3 ROOM,75,BEDOK NTH RD,07 TO 09,59.00,Improved,1978,50 years 06 months,365000,0.06079271,17820,2026,75 BEDOK NTH RD Singapore
222797,64b8bcd3772120e40f2796ceab4d295e6c21bc45cd8be30452d12e5f1c0a3f70,2026-09-05 04:25:26,2026-08,BEDOK,3 ROOM,74,BEDOK NTH RD,10 TO 12,59.00,Improved,1978,50 years 06 months,346800,0.06079271,17820,2026,74 BEDOK NTH RD Singapore
222798,b6109a610630724d94e57435e2146254658cab65c98d2da7c4e0c4a2bb910f1a,2026-09-05 04:25:26,2026-08,BEDOK,3 ROOM,124,BEDOK NTH RD,10 TO 12,67.00,New Generation,1978,50 years 10 months,400000,0.06079271,17820,2026,124 BEDOK NTH RD Singapore
222799,519bdce7d931b8da3598d8492de3ffa0f8aa99fb825cd5fad6f8efb21b9d3c0e,2026-09-05 04:25:26,2026-08,BEDOK,3 ROOM,116,BEDOK NTH RD,07 TO 09,73.00,New Generation,1978,50 years 10 months,435000,0.06079271,17820,2026,116 BEDOK NTH RD Singapore
222800,02ae19eb8a104dcaaca57b599b472a35194cdfb6d3a551d5e1d9023016aaaf1f,2026-09-05 04:25:26,2026-08,BEDOK,3 ROOM,75,BEDOK NTH RD,07 TO 09,59.00,Improved,1978,50 years 06 months,370000,0.06079271,17820,2026,75 BEDOK NTH RD Singapore
222801,43492f942752ebe04a81329dc706712156a8721d9907895b3b245982ec506634,2026-09-05 04:25:26,2026-08,BEDOK,3 ROOM,74,BEDOK NTH RD,04 TO 06,59.00,Improved,1978,50 years 06 months,358000,0.06079271,17820,2026,74 BEDOK NTH RD Singapore
222802,fbaf22e40c45fb6cf4ef7dba86fb0949ec19d23332c84602171e3fa53445d98a,2026-09-05 04:25:26,2026-08,BEDOK,3 ROOM,75,BEDOK NTH RD,13 TO 15,59.00,Improved,1978,50 years 06 months,358000,0.06079271,17820,2026,75 BEDOK NTH RD Singapore
222803,970a8dcbbdbc4c8e816b2eab90804fe7cfd9a090b50f11ddaa6a47b98dd29399,2026-09-05 04:25:26,2026-08,BEDOK,3 ROOM,109,BEDOK NTH RD,04 TO 06,67.00,New Generation,1977,50 years,390000,0.06079271,17820,2026,109 BEDOK NTH RD Singapore
222804,857f4b41244eeb3e0d54dc456258bde631f01e2951a0706530dfe902498e5564,2026-09-05 04:25:26,2026-08,BEDOK,3 ROOM,74,BEDOK NTH RD,07 TO 09,59.00,Improved,1978,50 years 06 months,380000,0.06079271,17820,2026,74 BEDOK NTH RD Singapore
222805,ad85800cf97c5831df658283e470ae84247ac7a37a9cb320fd113f010a4bd592,2026-09-05 04:25:26,2026-08,BEDOK,3 ROOM,75,BEDOK NTH RD,04 TO 06,59.00,Improved,1978,50 years 06 months,340000,0.06079271,17820,2026,75 BEDOK NTH RD Singapore
222806,b5b4af34df104559973513a0b4683d5eb411fe267ee5d53312b21ce1c92b9b00,2026-09-05 04:25:26,2026-09,BEDOK,3 ROOM,124,BEDOK NTH RD,10 TO 12,67.00,New Generation,1978,50 years 10 months,395000,0.06079271,17820,2026,124 BEDOK NTH RD Singapore
222807,f15ed9a4fcd2222f60cc0886935eda6ec100e9d086c7c49835d6b772beb83cab,2026-09-05 04:25:26,2026-01,BEDOK,3 ROOM,419,BEDOK NTH ST 1,01 TO 03,68.00,New Generation,1979,52 years 01 month,465000,0.06079271,17820,2026,419 BEDOK NTH ST 1 Singapore
222808,1d9cb0c6c8809785ad06109e2227561f1fdaba1e57a299349cdcf4f3b6f7fd7f,2026-09-05 04:25:26,2026-01,BEDOK,3 ROOM,213,BEDOK NTH ST 1,10 TO 12,68.00,New Generation,1980,53 years 02 months,482000,0.06079271,17820,2026,213 BEDOK NTH ST 1 Singapore
222809,715dc03d43dde2b828936851cc24b47fd1dbfd964015a87023fe039e7003e23c,2026-09-05 04:25:26,2026-01,BEDOK,3 ROOM,202,BEDOK NTH ST 1,04 TO 06,67.00,New Generation,1979,52 years 07 months,430000,0.06079271,17820,2026,202 BEDOK NTH ST 1 Singapore
222810,ed1ad96e144eef613663562a11990a47810389d86c6271c08c47c89a78b695a2,2026-09-05 04:25:26,2026-01,BEDOK,3 ROOM,204,BEDOK NTH ST 1,04 TO 06,68.00,New Generation,1979,52 years 07 months,465000,0.06079271,17820,2026,204 BEDOK NTH ST 1 Singapore
222811,63234e4e157d658ab0bc25d02d5f4524715412ab49154f44a1b30f4beec6bcd9,2026-09-05 04:25:26,2026-01,BEDOK,3 ROOM,420,BEDOK NTH ST 1,07 TO 09,82.00,New Generation,1979,52 years,530000,0.06079271,17820,2026,420 BEDOK NTH ST 1 Singapore
222812,d7d45a31747b59d4ac6400bdf645ead0f669676699e734fcdc1047011180473d,2026-09-05 04:25:26,2026-02,BEDOK,3 ROOM,213,BEDOK NTH ST 1,04 TO 06,68.00,New Generation,1980,53 years 01 month,490888,0.06079271,17820,2026,213 BEDOK NTH ST 1 Singapore
222813,9d8b8b150b25c3a2bc107877c497b49665a0a72015cc477fc3cb74b3029a27e5,2026-09-05 04:25:26,2026-02,BEDOK,3 ROOM,203,BEDOK NTH ST 1,01 TO 03,82.00,New Generation,1977,50 years 06 months,490000,0.06079271,17820,2026,203 BEDOK NTH ST 1 Singapore
222814,25ea02881ac101f9ba19f03a5426683dcd44c54d6ae295feb66a516577d9ffed,2026-09-05 04:25:26,2026-03,BEDOK,3 ROOM,213,BEDOK NTH ST 1,01 TO 03,68.00,New Generation,1980,53 years,500000,0.06079271,17820,2026,213 BEDOK NTH ST 1 Singapore
222815,4cf04971bdc3b1124b15c5a485f9b61d7f465bdfbfc0723b6d0968b121a8c08e,2026-09-05 04:25:26,2026-03,BEDOK,3 ROOM,201,BEDOK NTH ST 1,04 TO 06,88.00,New Generation,1979,52 years 05 months,528000,0.06079271,17820,2026,201 BEDOK NTH ST 1 Singapore
222816,48c63faeadb97bdd780d31e6df1e2af42691166d9d83aeae6c41724646c6f11c,2026-09-05 04:25:26,2026-04,BEDOK,3 ROOM,420,BEDOK NTH ST 1,10 TO 12,68.00,New Generation,1979,51 years 10 months,405000,0.06079271,17820,2026,420 BEDOK NTH ST 1 Singapore
222817,8fc912ca68899eb381667ba6e10625aecdfa8ed165b3e73f025746b79a3531f6,2026-09-05 04:25:26,2026-04,BEDOK,3 ROOM,419,BEDOK NTH ST 1,01 TO 03,68.00,New Generation,1979,51 years 10 months,390000,0.06079271,17820,2026,419 BEDOK NTH ST 1 Singapore
222818,dbac7cdf44062012099b20876c1058b313fcdf9aa0d4b79832661c7bd7666c94,2026-09-05 04:25:26,2026-05,BEDOK,3 ROOM,201,BEDOK NTH ST 1,07 TO 09,88.00,New Generation,1979,52 years 03 months,589000,0.06079271,17820,2026,201 BEDOK NTH ST 1 Singapore
222819,c6d0a9b6c2dc93a5dab73db517fe75255c41950399fe59e0c2bbcbe0ae03bc28,2026-09-05 04:25:26,2026-06,BEDOK,3 ROOM,204,BEDOK NTH ST 1,04 TO 06,68.00,New Generation,1979,52 years 03 months,465000,0.06079271,17820,2026,204 BEDOK NTH ST 1 Singapore
222820,647f02c64a5ec910ebd889affb81bf0539aad970dcbd5a0e6f5a202ce927e0a9,2026-09-05 04:25:26,2026-06,BEDOK,3 ROOM,202,BEDOK NTH ST 1,04 TO 06,67.00,New Generation,1979,52 years 02 months,446000,0.06079271,17820,2026,202 BEDOK NTH ST 1 Singapore
222821,219c924d4b2615959614ca6074b97c8b599bd49287371eabc638bc64bab759c3,2026-09-05 04:25:26,2026-06,BEDOK,3 ROOM,217,BEDOK NTH ST 1,01 TO 03,68.00,New Generation,1979,52 years 05 months,448000,0.06079271,17820,2026,217 BEDOK NTH ST 1 Singapore
222822,b65856eb15961336733913a572922ab42f36cf10948a6c164b6596a10ff53dbd,2026-09-05 04:25:26,2026-06,BEDOK,3 ROOM,202,BEDOK NTH ST 1,10 TO 12,67.00,New Generation,1979,52 years 02 months,480000,0.06079271,17820,2026,202 BEDOK NTH ST 1 Singapore
222823,10d5b44f7848d52f5934406024a6fd5c85e4afb227548e2dd064e3e1a27cd3c6,2026-09-05 04:25:26,2026-08,BEDOK,3 ROOM,420,BEDOK NTH ST 1,07 TO 09,82.00,New Generation,1979,51 years 06 months,513000,0.06079271,17820,2026,420 BEDOK NTH ST 1 Singapore
222824,6fe743c77439f45c67e3358e1efd4b5492ad3dc7b0d73b077ec54b955c32b47d,2026-09-05 04:25:26,2026-08,BEDOK,3 ROOM,218,BEDOK NTH ST 1,01 TO 03,68.00,New Generation,1980,52 years 07 months,400000,0.06079271,17820,2026,218 BEDOK NTH ST 1 Singapore
222825,443970c2d3c2b93d1fd5f6143437b1ad3b11d47ecf53353adcd3bf984662909c,2026-09-05 04:25:26,2026-08,BEDOK,3 ROOM,420,BEDOK NTH ST 1,10 TO 12,68.00,New Generation,1979,51 years 05 months,395000,0.06079271,17820,2026,420 BEDOK NTH ST 1 Singapore
222826,336f28e145b63285b78512358198f7abf70c54730e82b7f7e07a319fa59569ed,2026-09-05 04:25:26,2026-08,BEDOK,3 ROOM,213,BEDOK NTH ST 1,04 TO 06,83.00,New Generation,1980,52 years 07 months,500000,0.06079271,17820,2026,213 BEDOK NTH ST 1 Singapore
222827,9d34989380132143a79e55e5cc912deb5658705fb27e39269daea6c7b0809701,2026-09-05 04:25:26,2026-01,BEDOK,3 ROOM,134,BEDOK NTH ST 2,07 TO 09,67.00,New Generation,1978,51 years 04 months,425000,0.06079271,17820,2026,134 BEDOK NTH ST 2 Singapore
222828,d478c03c2111f34f39693f8e1e222f65f25e78770d1383868dc18a1dd53d29cc,2026-09-05 04:25:26,2026-06,BEDOK,3 ROOM,127,BEDOK NTH ST 2,01 TO 03,82.00,New Generation,1978,51 years,435000,0.06079271,17820,2026,127 BEDOK NTH ST 2 Singapore
222829,11efc1f6eb421ad0f7f0b865cae247702a37f22c4f740e10500e4bb471de041e,2026-09-05 04:25:26,2026-07,BEDOK,3 ROOM,138,BEDOK NTH ST 2,07 TO 09,67.00,New Generation,1978,50 years 10 months,405000,0.06079271,17820,2026,138 BEDOK NTH ST 2 Singapore
222830,d69e68e871f38570792af94d03462f79d1c33e3ee5f0995c3853a0df7efc093a,2026-09-05 04:25:26,2026-08,BEDOK,3 ROOM,128,BEDOK NTH ST 2,04 TO 06,67.00,New Generation,1978,50 years 10 months,430000,0.06079271,17820,2026,128 BEDOK NTH ST 2 Singapore
222831,86cef1ebc3752077cfac0ae6b255044fdb222888e38d718ad79baa0902ca1f70,2026-09-05 04:25:26,2026-09,BEDOK,3 ROOM,129,BEDOK NTH ST 2,04 TO 06,67.00,New Generation,1978,50 years 09 months,370000,0.06079271,17820,2026,129 BEDOK NTH ST 2 Singapore
222832,cc1913fd6a45afa18cf95de030e0bfa79ee17c16f7d73ce5752e5027a4bd48d3,2026-09-05 04:25:26,2026-01,BEDOK,3 ROOM,504,BEDOK NTH ST 3,01 TO 03,59.00,Improved,1978,51 years 04 months,390000,0.06079271,17820,2026,504 BEDOK NTH ST 3 Singapore
222833,de4904f269a68564bf8f08c16950f91a917da88da6fc230bdf5962ecc5418ee3,2026-09-05 04:25:26,2026-01,BEDOK,3 ROOM,542,BEDOK NTH ST 3,10 TO 12,67.00,New Generation,1985,58 years 09 months,426000,0.06079271,17820,2026,542 BEDOK NTH ST 3 Singapore
222834,2f2e9ef98fb6cf6a8b1a2de4f4d4bb71a4029e6a74cd7fb1007a3535f3f6085c,2026-09-05 04:25:26,2026-01,BEDOK,3 ROOM,504,BEDOK NTH ST 3,01 TO 03,59.00,Improved,1978,51 years 04 months,348000,0.06079271,17820,2026,504 BEDOK NTH ST 3 Singapore
222835,b490c51a25619d923f22ff070d48eb19b27b6ca9ad7c30d698766e8086caf25e,2026-09-05 04:25:26,2026-01,BEDOK,3 ROOM,536,BEDOK NTH ST 3,16 TO 18,68.00,New Generation,1980,53 years 01 month,420000,0.06079271,17820,2026,536 BEDOK NTH ST 3 Singapore
222836,5d2633c74228f9bf63328e3eb93a9b791ab9beaa489b58868c0da069077d53c6,2026-09-05 04:25:26,2026-01,BEDOK,3 ROOM,530,BEDOK NTH ST 3,01 TO 03,82.00,New Generation,1979,52 years 08 months,468000,0.06079271,17820,2026,530 BEDOK NTH ST 3 Singapore
222837,7be3ab42954cb3b2d743e2f66620b32cae19f774456e427701b3bc98bcd82a29,2026-09-05 04:25:26,2026-01,BEDOK,3 ROOM,534,BEDOK NTH ST 3,07 TO 09,69.00,Improved,1986,59 years 02 months,468000,0.06079271,17820,2026,534 BEDOK NTH ST 3 Singapore
222838,0c57c7b1ed3eec7c300f6295c7b474027100f4b42d34a317aae574f474ddd713,2026-09-05 04:25:26,2026-01,BEDOK,3 ROOM,526,BEDOK NTH ST 3,10 TO 12,82.00,New Generation,1979,52 years 06 months,460000,0.06079271,17820,2026,526 BEDOK NTH ST 3 Singapore
222839,6e9f98a99f83704815246e30f6636119e73d8c29a17a663fba3a008369329ae7,2026-09-05 04:25:26,2026-01,BEDOK,3 ROOM,542,BEDOK NTH ST 3,07 TO 09,67.00,New Generation,1985,58 years 08 months,452000,0.06079271,17820,2026,542 BEDOK NTH ST 3 Singapore
222840,6db57a3b385103bca9e9ac77a31cd853f7670765ae29db14ba56517acdc06a61,2026-09-05 04:25:26,2026-02,BEDOK,3 ROOM,532,BEDOK NTH ST 3,16 TO 18,68.00,New Generation,1980,53 years,400000,0.06079271,17820,2026,532 BEDOK NTH ST 3 Singapore
222841,fd3a58db392f81cb7e01ceaa31fde21cc3d9742ee5744c89bf9fd4104126ff95,2026-09-05 04:25:26,2026-02,BEDOK,3 ROOM,540,BEDOK NTH ST 3,07 TO 09,68.00,New Generation,1980,53 years 05 months,390000,0.06079271,17820,2026,540 BEDOK NTH ST 3 Singapore
222842,5097164bbf81f3d6f219d6c95cfe72cc2497efccce268ab9311370e62b03c49c,2026-09-05 04:25:26,2026-02,BEDOK,3 ROOM,545,BEDOK NTH ST 3,01 TO 03,68.00,New Generation,1980,53 years 04 months,388000,0.06079271,17820,2026,545 BEDOK NTH ST 3 Singapore
222843,795f1415b49939e896e6fd398c1bfad55b05545d484ba9c51198234ce33473a1,2026-09-05 04:25:26,2026-02,BEDOK,3 ROOM,525,BEDOK NTH ST 3,04 TO 06,67.00,New Generation,1979,52 years 06 months,385000,0.06079271,17820,2026,525 BEDOK NTH ST 3 Singapore
222844,1d4502f01da9fdcf333aa57c2e25f978967f9b44e4c8fab6ab032303b1d0e5b6,2026-09-05 04:25:26,2026-02,BEDOK,3 ROOM,545,BEDOK NTH ST 3,01 TO 03,68.00,New Generation,1980,53 years 03 months,415000,0.06079271,17820,2026,545 BEDOK NTH ST 3 Singapore
222845,99889120ba02a5220b0f7aa54274b06b2fd5de04a1ec5ddb4d00515e33ddc59b,2026-09-05 04:25:26,2026-03,BEDOK,3 ROOM,529,BEDOK NTH ST 3,13 TO 15,68.00,New Generation,1979,52 years 06 months,400000,0.06079271,17820,2026,529 BEDOK NTH ST 3 Singapore
222846,9a51faa53c85e5173d2549bcd42c6496014a92aa4b8e2bee4b76055835fe1a43,2026-09-05 04:25:26,2026-03,BEDOK,3 ROOM,534,BEDOK NTH ST 3,01 TO 03,60.00,Improved,1986,59 years,390000,0.06079271,17820,2026,534 BEDOK NTH ST 3 Singapore
222847,3eade586ceb144d7ffe189b28f916159f42042710c60cb22b7f48f70a4cda4eb,2026-09-05 04:25:26,2026-03,BEDOK,3 ROOM,540,BEDOK NTH ST 3,07 TO 09,68.00,New Generation,1980,53 years 04 months,420000,0.06079271,17820,2026,540 BEDOK NTH ST 3 Singapore
222848,9e57f7b865a055251eac2c1f438c10dab1a33a753cb53f07fa598f8b37157db9,2026-09-05 04:25:26,2026-03,BEDOK,3 ROOM,529,BEDOK NTH ST 3,04 TO 06,68.00,New Generation,1979,52 years 06 months,400000,0.06079271,17820,2026,529 BEDOK NTH ST 3 Singapore
222849,280b72460c9d6a5d6f7bc6a808b91ee7698952332bbcfaf3fc586ac1e6bf46a6,2026-09-05 04:25:26,2026-03,BEDOK,3 ROOM,528,BEDOK NTH ST 3,04 TO 06,68.00,New Generation,1979,52 years 06 months,410000,0.06079271,17820,2026,528 BEDOK NTH ST 3 Singapore
222850,1fb6d08a85ba4d52254919b5545a17273cb3061143776442b5c558a158a2ada5,2026-09-05 04:25:26,2026-03,BEDOK,3 ROOM,503,BEDOK NTH ST 3,01 TO 03,70.00,Improved,1978,51 years 02 months,388000,0.06079271,17820,2026,503 BEDOK NTH ST 3 Singapore
222851,c77acd9857444b2d5d9c81f2588b370d5395ba405bcafba9e9f465b8e0830c68,2026-09-05 04:25:26,2026-03,BEDOK,3 ROOM,554,BEDOK NTH ST 3,01 TO 03,68.00,New Generation,1980,53 years 04 months,385000,0.06079271,17820,2026,554 BEDOK NTH ST 3 Singapore
222852,4d2b915d694b49df4b8d404e49e4a94547eb49660104ece012f07956652d2f90,2026-09-05 04:25:26,2026-03,BEDOK,3 ROOM,533,BEDOK NTH ST 3,07 TO 09,68.00,New Generation,1980,52 years 10 months,401000,0.06079271,17820,2026,533 BEDOK NTH ST 3 Singapore
222853,d48c7e4bcd0c19e247e4acc25e6ca80cc6c2c993fc50e61b6e418a1eac93b1ca,2026-09-05 04:25:26,2026-03,BEDOK,3 ROOM,501,BEDOK NTH ST 3,04 TO 06,59.00,Improved,1978,51 years 02 months,355000,0.06079271,17820,2026,501 BEDOK NTH ST 3 Singapore
222854,716485251141e709cc7f25833927ddd999f778743b6eea65cb86423a6914552b,2026-09-05 04:25:26,2026-04,BEDOK,3 ROOM,542,BEDOK NTH ST 3,04 TO 06,67.00,New Generation,1985,58 years 06 months,408888,0.06079271,17820,2026,542 BEDOK NTH ST 3 Singapore
222855,880713c877de132d9e4abb12d05a75911fe9213fe598bd88ac1e4bcbed86dbe8,2026-09-05 04:25:26,2026-04,BEDOK,3 ROOM,540,BEDOK NTH ST 3,01 TO 03,68.00,New Generation,1980,53 years 03 months,385000,0.06079271,17820,2026,540 BEDOK NTH ST 3 Singapore
222856,b41c32dde161927394a3665e09a8ac86ad568b38321e217347403dfdb6cff5d0,2026-09-05 04:25:26,2026-04,BEDOK,3 ROOM,532,BEDOK NTH ST 3,04 TO 06,68.00,New Generation,1980,52 years 10 months,378000,0.06079271,17820,2026,532 BEDOK NTH ST 3 Singapore
222857,5830608a781b8e7970a12dc96815b3c538cccfef3345f73deadd1aab3e333e9b,2026-09-05 04:25:26,2026-04,BEDOK,3 ROOM,525,BEDOK NTH ST 3,04 TO 06,67.00,New Generation,1979,52 years 04 months,405000,0.06079271,17820,2026,525 BEDOK NTH ST 3 Singapore
222858,d00f1e39f7b988ce144c05eb9c29a09b11558a814edc196d0ff07aea0ea8719a,2026-09-05 04:25:26,2026-04,BEDOK,3 ROOM,533,BEDOK NTH ST 3,10 TO 12,68.00,New Generation,1980,52 years 09 months,375000,0.06079271,17820,2026,533 BEDOK NTH ST 3 Singapore
222859,1d8c82c105f38a7e3c8db2b8270aeff110cfb8ce71cf8be108392c9056ed33b5,2026-09-05 04:25:26,2026-04,BEDOK,3 ROOM,503,BEDOK NTH ST 3,13 TO 15,59.00,Improved,1978,51 years,370000,0.06079271,17820,2026,503 BEDOK NTH ST 3 Singapore
222860,0c52a0970f511597aac1a82c799a9db9aceec4086111903176df098e9d498dc6,2026-09-05 04:25:26,2026-05,BEDOK,3 ROOM,532,BEDOK NTH ST 3,01 TO 03,68.00,New Generation,1980,52 years 09 months,382000,0.06079271,17820,2026,532 BEDOK NTH ST 3 Singapore
222861,009d63809da1a32504424d27a42dd47fe4e479db96bd231958fdd431e910525a,2026-09-05 04:25:26,2026-05,BEDOK,3 ROOM,504,BEDOK NTH ST 3,04 TO 06,59.00,Improved,1978,51 years,340000,0.06079271,17820,2026,504 BEDOK NTH ST 3 Singapore
222862,41b2da1caee862354dd71ca219e72099e497647bbf99778437e06f9918e8affe,2026-09-05 04:25:26,2026-05,BEDOK,3 ROOM,504,BEDOK NTH ST 3,13 TO 15,70.00,Improved,1978,51 years,410000,0.06079271,17820,2026,504 BEDOK NTH ST 3 Singapore
222863,5d0e644244208f6c69c48e3b96099ac4b4e6eca5a3b1b84c895457463aac733a,2026-09-05 04:25:26,2026-05,BEDOK,3 ROOM,534,BEDOK NTH ST 3,04 TO 06,60.00,Improved,1986,58 years 10 months,382000,0.06079271,17820,2026,534 BEDOK NTH ST 3 Singapore
222864,e1ef9a36971f60f40fc029819a1ca7be892ed5427a866cd4ef138e00e53832db,2026-09-05 04:25:26,2026-05,BEDOK,3 ROOM,533,BEDOK NTH ST 3,07 TO 09,68.00,New Generation,1980,52 years 09 months,418000,0.06079271,17820,2026,533 BEDOK NTH ST 3 Singapore
222865,5a69b99d0a2086d9fc24b161f24e02a75ee781d43db5cd27814ca605c4ccce29,2026-09-05 04:25:26,2026-05,BEDOK,3 ROOM,542,BEDOK NTH ST 3,01 TO 03,67.00,New Generation,1985,58 years 05 months,395000,0.06079271,17820,2026,542 BEDOK NTH ST 3 Singapore
222866,8e21d3e282c9c6f0d7e7bbf648bef07975619564e6b5fd228108e8678398bd3c,2026-09-05 04:25:26,2026-05,BEDOK,3 ROOM,545,BEDOK NTH ST 3,01 TO 03,68.00,New Generation,1980,53 years,350000,0.06079271,17820,2026,545 BEDOK NTH ST 3 Singapore
222867,6bbc60947ce970dc30788af56058f1969a5dfc0a4b9112b4f776e0b63429f162,2026-09-05 04:25:26,2026-06,BEDOK,3 ROOM,533,BEDOK NTH ST 3,04 TO 06,68.00,New Generation,1980,52 years 08 months,417888,0.06079271,17820,2026,533 BEDOK NTH ST 3 Singapore
222868,32af8f482367e5816a9fccf55209ce16bf40ae46030394901ab36be831562bc5,2026-09-05 04:25:26,2026-06,BEDOK,3 ROOM,528,BEDOK NTH ST 3,01 TO 03,68.00,New Generation,1979,52 years 03 months,391000,0.06079271,17820,2026,528 BEDOK NTH ST 3 Singapore
222869,2f97958e7edcd59689ad71fdbf01454a416fb6536d699a018d4f2d12c5d3ec55,2026-09-05 04:25:26,2026-07,BEDOK,3 ROOM,504,BEDOK NTH ST 3,04 TO 06,59.00,Improved,1978,50 years 10 months,380000,0.06079271,17820,2026,504 BEDOK NTH ST 3 Singapore
222870,a645c1501b1337e265053c6f8b6469fef664696f155f1ef2559e61ba71c12ab9,2026-09-05 04:25:26,2026-07,BEDOK,3 ROOM,504,BEDOK NTH ST 3,13 TO 15,70.00,Improved,1978,50 years 10 months,395000,0.06079271,17820,2026,504 BEDOK NTH ST 3 Singapore
222871,742adadb866a8bae29ac44159977cb995576b26cdd31ffb8b2e77ab7bc324965,2026-09-05 04:25:26,2026-07,BEDOK,3 ROOM,554,BEDOK NTH ST 3,07 TO 09,68.00,New Generation,1980,53 years,405000,0.06079271,17820,2026,554 BEDOK NTH ST 3 Singapore
222872,ea2d9e78cc1b3b00d1a1ea407b83ab2f7c2494966bdb9593f32797588f7c2298,2026-09-05 04:25:26,2026-07,BEDOK,3 ROOM,536,BEDOK NTH ST 3,04 TO 06,68.00,New Generation,1980,52 years 07 months,390000,0.06079271,17820,2026,536 BEDOK NTH ST 3 Singapore
222873,f2817f1af04a19bc4466f437cfa325aa84dc0a4be0fd4cde54ce3bf5accfe196,2026-09-05 04:25:26,2026-07,BEDOK,3 ROOM,546,BEDOK NTH ST 3,10 TO 12,68.00,New Generation,1980,52 years 11 months,435000,0.06079271,17820,2026,546 BEDOK NTH ST 3 Singapore
222874,08f4d33d48d593e084025efab4663e110b9d058d6f8fd6ed884f540fff12086a,2026-09-05 04:25:26,2026-07,BEDOK,3 ROOM,503,BEDOK NTH ST 3,10 TO 12,59.00,Improved,1978,50 years 09 months,367000,0.06079271,17820,2026,503 BEDOK NTH ST 3 Singapore
222875,2be6fedc29cfa9444c48d25e2448c8c1062f5070a040b3dbc3178351562ae1f1,2026-09-05 04:25:26,2026-07,BEDOK,3 ROOM,528,BEDOK NTH ST 3,01 TO 03,82.00,New Generation,1979,52 years 01 month,460000,0.06079271,17820,2026,528 BEDOK NTH ST 3 Singapore
222876,921300880cc6ab406a3e2edd7685d835bd8f61ece99bac9e6056e9dcf9aa5f98,2026-09-05 04:25:26,2026-08,BEDOK,3 ROOM,545,BEDOK NTH ST 3,10 TO 12,68.00,New Generation,1980,52 years 10 months,398888,0.06079271,17820,2026,545 BEDOK NTH ST 3 Singapore
222877,9ef43acb60c20d57759ee4d7cf91f700b546481c6aacd8771b4974ad196f9283,2026-09-05 04:25:26,2026-08,BEDOK,3 ROOM,554,BEDOK NTH ST 3,10 TO 12,68.00,New Generation,1980,52 years 11 months,415000,0.06079271,17820,2026,554 BEDOK NTH ST 3 Singapore
222878,26531e652266616c4c7e32d1441462058fd1a504be066e9a595efccdfdc69a62,2026-09-05 04:25:26,2026-08,BEDOK,3 ROOM,537,BEDOK NTH ST 3,04 TO 06,68.00,New Generation,1980,52 years 06 months,440000,0.06079271,17820,2026,537 BEDOK NTH ST 3 Singapore
222879,7f355ec0a6be483d7bbc0c6fde19392914699cc49b42ff1360418b95957f2590,2026-09-05 04:25:26,2026-08,BEDOK,3 ROOM,501,BEDOK NTH ST 3,04 TO 06,59.00,Improved,1978,50 years 09 months,365000,0.06079271,17820,2026,501 BEDOK NTH ST 3 Singapore
222880,efbcf80717ab24917393fd5ea6cf6baccdc818eb1baa7f9b30a5ca72402efa61,2026-09-05 04:25:26,2026-08,BEDOK,3 ROOM,525,BEDOK NTH ST 3,10 TO 12,67.00,New Generation,1979,52 years,400000,0.06079271,17820,2026,525 BEDOK NTH ST 3 Singapore
222881,ad3d8ee73130c802da4ff6cbbb8adcecfb7b32dd4deaec5b20373b8c6b11a227,2026-09-05 04:25:26,2026-08,BEDOK,3 ROOM,501,BEDOK NTH ST 3,04 TO 06,59.00,Improved,1978,50 years 09 months,330000,0.06079271,17820,2026,501 BEDOK NTH ST 3 Singapore
222882,a87e0cae75043187925074690dae8df46d27923568dffb1cef83dc020cc89344,2026-09-05 04:25:26,2026-08,BEDOK,3 ROOM,533,BEDOK NTH ST 3,04 TO 06,68.00,New Generation,1980,52 years 06 months,398000,0.06079271,17820,2026,533 BEDOK NTH ST 3 Singapore
222883,4f95889e14a8a18b2974b93e4481e3597949a4e3b7aa6532cd3679b0900464f6,2026-09-05 04:25:26,2026-09,BEDOK,3 ROOM,542,BEDOK NTH ST 3,04 TO 06,67.00,New Generation,1985,58 years 01 month,425000,0.06079271,17820,2026,542 BEDOK NTH ST 3 Singapore
222884,2250e2d28600660c96442034d8f3a459975f16331dc46cae983a60d7fb09143c,2026-09-05 04:25:26,2026-09,BEDOK,3 ROOM,526,BEDOK NTH ST 3,10 TO 12,67.00,New Generation,1979,51 years 11 months,415000,0.06079271,17820,2026,526 BEDOK NTH ST 3 Singapore
222885,f89a01113e6d8bbe92424fe0f54da28b70b06a10732525b847151e717f51e9ee,2026-09-05 04:25:26,2026-09,BEDOK,3 ROOM,542,BEDOK NTH ST 3,10 TO 12,67.00,New Generation,1985,58 years 01 month,416000,0.06079271,17820,2026,542 BEDOK NTH ST 3 Singapore
222886,dad3085d5c9fe4981117491bde4139ffff20ac503dd58c62ff2f798e9a2a5052,2026-09-05 04:25:26,2026-01,BEDOK,3 ROOM,188C,BEDOK NTH ST 4,04 TO 06,68.00,Model A,2020,93 years 01 month,610000,0.06079271,17820,2026,188C BEDOK NTH ST 4 Singapore
222887,396d0e4510c66ffadbc6a5c109ee55ea92a5eeb4c826ebaf2dc39c7ef1b5e24c,2026-09-05 04:25:26,2026-01,BEDOK,3 ROOM,84,BEDOK NTH ST 4,04 TO 06,67.00,New Generation,1978,51 years 03 months,385000,0.06079271,17820,2026,84 BEDOK NTH ST 4 Singapore
222888,487341942662adf8ffc9b71e448c5a2bb497ae736c4ad0784d57d8bfdc6d7242,2026-09-05 04:25:26,2026-06,BEDOK,3 ROOM,188C,BEDOK NTH ST 4,10 TO 12,68.00,Model A,2020,92 years 08 months,620000,0.06079271,17820,2026,188C BEDOK NTH ST 4 Singapore
222889,40e26421df6def9370038d72364dc7c7acbdf88cad65cf1694682ef15edc655b,2026-09-05 04:25:26,2026-07,BEDOK,3 ROOM,89,BEDOK NTH ST 4,01 TO 03,67.00,New Generation,1978,50 years 09 months,400888,0.06079271,17820,2026,89 BEDOK NTH ST 4 Singapore
222890,7a95d5f4e43c063c44564a4f5315eb67cd92489cdd5b133d0939f86619b651b9,2026-09-05 04:25:26,2026-07,BEDOK,3 ROOM,186B,BEDOK NTH ST 4,04 TO 06,68.00,Model A,2018,91 years 06 months,620000,0.06079271,17820,2026,186B BEDOK NTH ST 4 Singapore
222891,a1c476a1275558367aefba7cae0762172757cdbaa3facc876d548bc46209d799,2026-09-05 04:25:26,2026-08,BEDOK,3 ROOM,188C,BEDOK NTH ST 4,04 TO 06,68.00,Model A,2020,92 years 05 months,610000,0.06079271,17820,2026,188C BEDOK NTH ST 4 Singapore
222892,0bf6cc43500b321f6f95599abd6ef8b3980fbc8c9b97b63911e0da35b7294d1f,2026-09-05 04:25:26,2026-09,BEDOK,3 ROOM,188A,BEDOK NTH ST 4,13 TO 15,68.00,Model A,2018,91 years 04 months,628000,0.06079271,17820,2026,188A BEDOK NTH ST 4 Singapore
222893,7b0adb09d88713e6127981ba093a9f22c5ea686b4f16e0ef7dd2a978165a26a4,2026-09-05 04:25:26,2026-04,BEDOK,3 ROOM,748C,BEDOK RESERVOIR CRES,10 TO 12,66.00,DBSS,2014,87 years 06 months,660000,0.06079271,17820,2026,748C BEDOK RESERVOIR CRES Singapore
222894,34b3a69bf87077bd1ef209d49be418ae1e5a78619c63eba2cc2f79bfd03b27d9,2026-09-05 04:25:26,2026-04,BEDOK,3 ROOM,748B,BEDOK RESERVOIR CRES,04 TO 06,67.00,DBSS,2014,87 years 05 months,668000,0.06079271,17820,2026,748B BEDOK RESERVOIR CRES Singapore
222895,275948d820f429f08fc2462d35bccf9daf0b89ac0acefa66a8a1ba1aa04c34e2,2026-09-05 04:25:26,2026-06,BEDOK,3 ROOM,748B,BEDOK RESERVOIR CRES,04 TO 06,67.00,DBSS,2014,87 years 03 months,653000,0.06079271,17820,2026,748B BEDOK RESERVOIR CRES Singapore
222896,e7ca5770eacff5c25effbd26b63ffbe6aaaf979ac6a6c53728458e54cade642c,2026-09-05 04:25:26,2026-07,BEDOK,3 ROOM,748A,BEDOK RESERVOIR CRES,04 TO 06,66.00,DBSS,2014,87 years 02 months,652500,0.06079271,17820,2026,748A BEDOK RESERVOIR CRES Singapore
222897,d32d038c26264561eccace0ebc818aae1edcf564f20d6b469c7444f37b18d1b3,2026-09-05 04:25:26,2026-09,BEDOK,3 ROOM,748B,BEDOK RESERVOIR CRES,13 TO 15,67.00,DBSS,2014,86 years 11 months,663000,0.06079271,17820,2026,748B BEDOK RESERVOIR CRES Singapore
222898,6f03168fa771ee219aa5d7ef5d17e21bead0012567ccf2ff196befe2bfe2936e,2026-09-05 04:25:26,2026-01,BEDOK,3 ROOM,136,BEDOK RESERVOIR RD,04 TO 06,64.00,Simplified,1988,61 years 05 months,450000,0.06079271,17820,2026,136 BEDOK RESERVOIR RD Singapore
222899,5ad2072469947edef366a96a2e87bb722fd72262862a59ee1765ce9424e8339b,2026-09-05 04:25:26,2026-01,BEDOK,3 ROOM,138,BEDOK RESERVOIR RD,04 TO 06,64.00,Simplified,1986,59 years 11 months,400000,0.06079271,17820,2026,138 BEDOK RESERVOIR RD Singapore
222900,471446f84959301fe989b1230742d177b0d461cdd479b2d2f3887cc3b8d2507b,2026-09-05 04:25:26,2026-01,BEDOK,3 ROOM,108,BEDOK RESERVOIR RD,04 TO 06,67.00,New Generation,1985,58 years 08 months,425000,0.06079271,17820,2026,108 BEDOK RESERVOIR RD Singapore
222901,934d33719e6df2573b31678f709f228cad4767856445097fdc1fc8877f401f1e,2026-09-05 04:25:26,2026-01,BEDOK,3 ROOM,618,BEDOK RESERVOIR RD,07 TO 09,69.00,Improved,1986,59 years 03 months,428000,0.06079271,17820,2026,618 BEDOK RESERVOIR RD Singapore
222902,dce049be587539df818c9b2ae70e506115ccc410d14fd681f35123c37fc3dc11,2026-09-05 04:25:26,2026-01,BEDOK,3 ROOM,136,BEDOK RESERVOIR RD,07 TO 09,64.00,Simplified,1988,61 years 05 months,459000,0.06079271,17820,2026,136 BEDOK RESERVOIR RD Singapore
222903,7d941ec82cffbec4b0c94283106c369bc8ffba6943ec5525137ddfc2255ccab5,2026-09-05 04:25:26,2026-01,BEDOK,3 ROOM,121,BEDOK RESERVOIR RD,07 TO 09,67.00,New Generation,1985,58 years 07 months,451000,0.06079271,17820,2026,121 BEDOK RESERVOIR RD Singapore
222904,0944d9a8595d7bd43813b6ddacccaa1a499da68fc943206b0467cf345bf2f193,2026-09-05 04:25:26,2026-01,BEDOK,3 ROOM,614,BEDOK RESERVOIR RD,01 TO 03,67.00,New Generation,1981,54 years 06 months,395000,0.06079271,17820,2026,614 BEDOK RESERVOIR RD Singapore
222905,d401c45e7c968ebb5f2c77a7af0cb958b5410eb329e757626b4863948392f767,2026-09-05 04:25:26,2026-01,BEDOK,3 ROOM,121,BEDOK RESERVOIR RD,07 TO 09,67.00,New Generation,1985,58 years 08 months,460000,0.06079271,17820,2026,121 BEDOK RESERVOIR RD Singapore
222906,5e49aee0292781d974c5369a047a5ee4e183408d14a8725841ba1b175c1186cb,2026-09-05 04:25:26,2026-01,BEDOK,3 ROOM,103,BEDOK RESERVOIR RD,07 TO 09,67.00,New Generation,1985,58 years 05 months,448888,0.06079271,17820,2026,103 BEDOK RESERVOIR RD Singapore
222907,333687b4380afcc51bf75e0e5524ee43887301e8d908735c55408ff9aae377ab,2026-09-05 04:25:26,2026-01,BEDOK,3 ROOM,105,BEDOK RESERVOIR RD,10 TO 12,67.00,New Generation,1985,58 years 07 months,440000,0.06079271,17820,2026,105 BEDOK RESERVOIR RD Singapore
222908,cdd3a30a579576dcee30b71f6eaf60cdbd45066094446bfdf03642d7bba4254d,2026-09-05 04:25:26,2026-02,BEDOK,3 ROOM,127,BEDOK RESERVOIR RD,01 TO 03,64.00,Simplified,1986,59 years 11 months,425000,0.06079271,17820,2026,127 BEDOK RESERVOIR RD Singapore
222909,8fda333c88cb94a002827f7c70aeb26cc949fd8ccb60526e2e0e208afb5f3f4d,2026-09-05 04:25:26,2026-02,BEDOK,3 ROOM,619,BEDOK RESERVOIR RD,01 TO 03,68.00,New Generation,1981,54 years 02 months,400000,0.06079271,17820,2026,619 BEDOK RESERVOIR RD Singapore
222910,e42085c6200ffa1166d89e4c68e1d7901f0083d86eadf1a1b4e16c2b89b50d74,2026-09-05 04:25:26,2026-02,BEDOK,3 ROOM,126,BEDOK RESERVOIR RD,01 TO 03,70.00,Simplified,1987,60 years 03 months,475000,0.06079271,17820,2026,126 BEDOK RESERVOIR RD Singapore
222911,93dafa656104d01c78a16502bdd819157d033ffec75d25990b187ca032e71931,2026-09-05 04:25:26,2026-02,BEDOK,3 ROOM,616,BEDOK RESERVOIR RD,04 TO 06,68.00,New Generation,1982,55 years 04 months,420000,0.06079271,17820,2026,616 BEDOK RESERVOIR RD Singapore
222912,3fc1e65df39d50b041db311c2af6d3c82ac935638cfd8674a0cada562542d281,2026-09-05 04:25:26,2026-02,BEDOK,3 ROOM,712,BEDOK RESERVOIR RD,01 TO 03,68.00,New Generation,1981,54 years 06 months,401000,0.06079271,17820,2026,712 BEDOK RESERVOIR RD Singapore
222913,2aee4593bedbe3c2d7a878c2c945881f38a78ba21df83206c0cbf3a40fa37357,2026-09-05 04:25:26,2026-02,BEDOK,3 ROOM,108,BEDOK RESERVOIR RD,04 TO 06,67.00,New Generation,1985,58 years 06 months,400000,0.06079271,17820,2026,108 BEDOK RESERVOIR RD Singapore
222914,545a5177b133e69047ae4327af5562bf5da00b7a17467efd259913cc8dd9e143,2026-09-05 04:25:26,2026-03,BEDOK,3 ROOM,117,BEDOK RESERVOIR RD,04 TO 06,70.00,New Generation,1985,58 years 05 months,450000,0.06079271,17820,2026,117 BEDOK RESERVOIR RD Singapore
222915,cda3f8454f6883fcf9b10e4b0326b42f64188b701d007443ad917938416abe0c,2026-09-05 04:25:26,2026-03,BEDOK,3 ROOM,117,BEDOK RESERVOIR RD,10 TO 12,67.00,New Generation,1985,58 years 05 months,452888,0.06079271,17820,2026,117 BEDOK RESERVOIR RD Singapore
222916,85befe2d87850b355d1a07866800446092712dbcbf07eb635deb648cee35ec47,2026-09-05 04:25:26,2026-03,BEDOK,3 ROOM,620,BEDOK RESERVOIR RD,04 TO 06,68.00,Improved,1986,59 years 06 months,445000,0.06079271,17820,2026,620 BEDOK RESERVOIR RD Singapore
222917,b282969cf49905941421df221ded4a7706c4d9beb73d4ad62dadd86d42b26722,2026-09-05 04:25:26,2026-03,BEDOK,3 ROOM,620,BEDOK RESERVOIR RD,07 TO 09,60.00,Improved,1986,59 years 05 months,405000,0.06079271,17820,2026,620 BEDOK RESERVOIR RD Singapore
222918,b13f5874ac7868d24e602646f5b51cde0a36e5a9587e616882b30b922381b248,2026-09-05 04:25:26,2026-03,BEDOK,3 ROOM,105,BEDOK RESERVOIR RD,10 TO 12,67.00,New Generation,1985,58 years 05 months,418000,0.06079271,17820,2026,105 BEDOK RESERVOIR RD Singapore
222919,e850b73a5584ceced64c44d3b1a6349309f7358ed30900510f032ca22a7aad5d,2026-09-05 04:25:26,2026-03,BEDOK,3 ROOM,614,BEDOK RESERVOIR RD,07 TO 09,67.00,New Generation,1981,54 years 04 months,420000,0.06079271,17820,2026,614 BEDOK RESERVOIR RD Singapore
222920,16e2e4ff8f4b01d78cca35e8d460f10a177efa64342ce9f2ff48b0e0bea0e8e4,2026-09-05 04:25:26,2026-04,BEDOK,3 ROOM,150,BEDOK RESERVOIR RD,07 TO 09,63.00,Simplified,1988,61 years 04 months,456000,0.06079271,17820,2026,150 BEDOK RESERVOIR RD Singapore
222921,e55535ce0d9461332c0f952ec72903b870cb6c1e0c9f3a72f8eaf3b41d10d60a,2026-09-05 04:25:26,2026-04,BEDOK,3 ROOM,619,BEDOK RESERVOIR RD,04 TO 06,68.00,New Generation,1981,53 years 11 months,413888,0.06079271,17820,2026,619 BEDOK RESERVOIR RD Singapore
222922,e38c25ed7f5e4395b826eff3d41fe5231869bc46525a70ba5749d39ea39d62e4,2026-09-05 04:25:26,2026-05,BEDOK,3 ROOM,617,BEDOK RESERVOIR RD,04 TO 06,60.00,Improved,1986,58 years 10 months,375000,0.06079271,17820,2026,617 BEDOK RESERVOIR RD Singapore
222923,c082bea92a0d05aa0bfff9eb583081123cbae7586056ebbbbe9cd8c9f38cc939,2026-09-05 04:25:26,2026-05,BEDOK,3 ROOM,609,BEDOK RESERVOIR RD,04 TO 06,67.00,New Generation,1982,55 years 03 months,445000,0.06079271,17820,2026,609 BEDOK RESERVOIR RD Singapore
222924,3a586f134314723ddfdc8ffbf0026b62498ae90a592a43010e80e60022e5069e,2026-09-05 04:25:26,2026-06,BEDOK,3 ROOM,617,BEDOK RESERVOIR RD,04 TO 06,60.00,Improved,1986,58 years 09 months,388000,0.06079271,17820,2026,617 BEDOK RESERVOIR RD Singapore
222925,d1b49c2fd929fb97ce0a9b9b3e9ee56d71fb2c122d364517be95b9b3bee06ada,2026-09-05 04:25:26,2026-06,BEDOK,3 ROOM,139,BEDOK RESERVOIR RD,07 TO 09,64.00,Simplified,1988,60 years 11 months,454000,0.06079271,17820,2026,139 BEDOK RESERVOIR RD Singapore
222926,a314a87c708300584950d062d581bcc1d0c2ec98ab64c4ba7f975aff7a8c0645,2026-09-05 04:25:26,2026-06,BEDOK,3 ROOM,151,BEDOK RESERVOIR RD,10 TO 12,63.00,Simplified,1988,61 years 04 months,466888,0.06079271,17820,2026,151 BEDOK RESERVOIR RD Singapore
222927,138f4e0f00a61f4c5bdc20ec935c1b574c224c9457454c93da485827c87a26fa,2026-09-05 04:25:26,2026-06,BEDOK,3 ROOM,620,BEDOK RESERVOIR RD,01 TO 03,60.00,Improved,1986,59 years 03 months,395000,0.06079271,17820,2026,620 BEDOK RESERVOIR RD Singapore
222928,0b6be178be752a03f0e2ee33c10afd7a4ee673a1b101b2f04bc98b2e4ec0a144,2026-09-05 04:25:26,2026-06,BEDOK,3 ROOM,127,BEDOK RESERVOIR RD,01 TO 03,64.00,Simplified,1986,59 years 07 months,410000,0.06079271,17820,2026,127 BEDOK RESERVOIR RD Singapore
222929,0081eab5c4331626a704e9498476738c6fdad09f1a28623319e8bc406aef15ea,2026-09-05 04:25:26,2026-06,BEDOK,3 ROOM,704,BEDOK RESERVOIR RD,04 TO 06,68.00,New Generation,1981,54 years 02 months,400000,0.06079271,17820,2026,704 BEDOK RESERVOIR RD Singapore
222930,4af3aebf552a2fba92f01aaa5373db3e0040137c609587feebcb985612522857,2026-09-05 04:25:26,2026-06,BEDOK,3 ROOM,616,BEDOK RESERVOIR RD,07 TO 09,68.00,New Generation,1982,55 years,412500,0.06079271,17820,2026,616 BEDOK RESERVOIR RD Singapore
222931,24fae5ebd874bad26fd5c55862347056283511cc93ba5a3558e6af1455472f11,2026-09-05 04:25:26,2026-06,BEDOK,3 ROOM,116,BEDOK RESERVOIR RD,04 TO 06,67.00,New Generation,1986,58 years 09 months,428888,0.06079271,17820,2026,116 BEDOK RESERVOIR RD Singapore
222932,cc3b00be7009b76f9a4e4bea80031cddf5055f7f89734bafcd1a62dbcdd82357,2026-09-05 04:25:26,2026-06,BEDOK,3 ROOM,620,BEDOK RESERVOIR RD,07 TO 09,68.00,Improved,1986,59 years 02 months,433000,0.06079271,17820,2026,620 BEDOK RESERVOIR RD Singapore
222933,6a6d3d5c4be4e2746ccfaf5f876ebc0ad11f99d2fe60cbde5a9e68b0e413f200,2026-09-05 04:25:26,2026-07,BEDOK,3 ROOM,144,BEDOK RESERVOIR RD,01 TO 03,64.00,Simplified,1987,59 years 08 months,430000,0.06079271,17820,2026,144 BEDOK RESERVOIR RD Singapore
222934,f42b31b0bb1a3aaafa4aea010e7eacbd42c5f0e669729221ac5466a0f96b54cd,2026-09-05 04:25:26,2026-07,BEDOK,3 ROOM,610,BEDOK RESERVOIR RD,01 TO 03,67.00,New Generation,1982,55 years 01 month,400000,0.06079271,17820,2026,610 BEDOK RESERVOIR RD Singapore
222935,9d5f9a0f78dc99995d35dc95b1a30c707f0db473c1213d122fe1d05811e0bd28,2026-09-05 04:25:26,2026-07,BEDOK,3 ROOM,744,BEDOK RESERVOIR RD,04 TO 06,82.00,New Generation,1986,59 years 01 month,505000,0.06079271,17820,2026,744 BEDOK RESERVOIR RD Singapore
222936,76f2e6b41f3c62878c10176065cdb322df65b42039fdb46e8f1fe97c6e8ba71e,2026-09-05 04:25:26,2026-07,BEDOK,3 ROOM,704,BEDOK RESERVOIR RD,01 TO 03,82.00,New Generation,1981,54 years 01 month,470000,0.06079271,17820,2026,704 BEDOK RESERVOIR RD Singapore
222937,ce7e88519b828b392d0f69ed1f03e17e9555bf5e700b0cdefea09e264ca26c0c,2026-09-05 04:25:26,2026-07,BEDOK,3 ROOM,608,BEDOK RESERVOIR RD,10 TO 12,67.00,New Generation,1982,55 years 01 month,390000,0.06079271,17820,2026,608 BEDOK RESERVOIR RD Singapore
222938,4099891960573df510e122fa90cdc0569a7c9741af114d94db61a436a1e1db53,2026-09-05 04:25:26,2026-07,BEDOK,3 ROOM,744,BEDOK RESERVOIR RD,04 TO 06,67.00,New Generation,1986,59 years 01 month,443000,0.06079271,17820,2026,744 BEDOK RESERVOIR RD Singapore
222939,e37fff8f6f0f401912b75ce73ce95694269091c3872fbf8f8f96c8a83a75ba35,2026-09-05 04:25:26,2026-07,BEDOK,3 ROOM,150,BEDOK RESERVOIR RD,07 TO 09,63.00,Simplified,1988,61 years 01 month,475000,0.06079271,17820,2026,150 BEDOK RESERVOIR RD Singapore
222940,59aad215877495513f87220dfd65d8985fa48eedf5d75a09db54c8cec1af168d,2026-09-05 04:25:26,2026-07,BEDOK,3 ROOM,703,BEDOK RESERVOIR RD,04 TO 06,68.00,New Generation,1980,53 years 04 months,405000,0.06079271,17820,2026,703 BEDOK RESERVOIR RD Singapore
222941,2455bfd3b471ca289fadaf630554359ee466db552080ce256eae92bbac68134f,2026-09-05 04:25:26,2026-08,BEDOK,3 ROOM,606,BEDOK RESERVOIR RD,04 TO 06,67.00,New Generation,1982,54 years 10 months,420000,0.06079271,17820,2026,606 BEDOK RESERVOIR RD Singapore
222942,b546f1344eb724c2cde29f11b143552117e3c286b04c71abced5143ff5775c2e,2026-09-05 04:25:26,2026-08,BEDOK,3 ROOM,136,BEDOK RESERVOIR RD,04 TO 06,64.00,Simplified,1988,60 years 10 months,440000,0.06079271,17820,2026,136 BEDOK RESERVOIR RD Singapore
222943,075755055d299436ba24a5d84b33b80de37ef4e09d769f2ed5e419a565471857,2026-09-05 04:25:26,2026-08,BEDOK,3 ROOM,105,BEDOK RESERVOIR RD,04 TO 06,70.00,New Generation,1985,58 years 01 month,400000,0.06079271,17820,2026,105 BEDOK RESERVOIR RD Singapore
222944,ddc5462535c342132745d6e36b3fa8d80bc4005d6fc820f435e0f4c40048a7e0,2026-09-05 04:25:26,2026-08,BEDOK,3 ROOM,105,BEDOK RESERVOIR RD,07 TO 09,70.00,New Generation,1985,58 years 01 month,435000,0.06079271,17820,2026,105 BEDOK RESERVOIR RD Singapore
222945,8891bf90ead0a90eac66afa8c3827482038cce775cf3dc0a54123bda2f6a4026,2026-09-05 04:25:26,2026-08,BEDOK,3 ROOM,619,BEDOK RESERVOIR RD,01 TO 03,68.00,New Generation,1981,53 years 08 months,405000,0.06079271,17820,2026,619 BEDOK RESERVOIR RD Singapore
222946,08a00482be41e19635998928d4634effe0b68b78a6bdc690ac10358decf0be32,2026-09-05 04:25:26,2026-08,BEDOK,3 ROOM,712,BEDOK RESERVOIR RD,01 TO 03,68.00,New Generation,1981,53 years 11 months,405000,0.06079271,17820,2026,712 BEDOK RESERVOIR RD Singapore
222947,de9089b6d56029b7614ae7fdce10b4015a1511abc4d15411ddd415e64aa2ab60,2026-09-05 04:25:26,2026-08,BEDOK,3 ROOM,620,BEDOK RESERVOIR RD,04 TO 06,68.00,Improved,1986,59 years 01 month,435000,0.06079271,17820,2026,620 BEDOK RESERVOIR RD Singapore
222948,304bc62595e38aaf42ad7b4e4b3db100903879a43d97a3dd0b9364f05fab8213,2026-09-05 04:25:26,2026-08,BEDOK,3 ROOM,609,BEDOK RESERVOIR RD,04 TO 06,67.00,New Generation,1982,54 years 11 months,420000,0.06079271,17820,2026,609 BEDOK RESERVOIR RD Singapore
222949,24c8b5ebfe42d91153a081bf24a7deeb9b66de3dbe1b0655fed48d8ce1c43aad,2026-09-05 04:25:26,2026-01,BEDOK,3 ROOM,2,BEDOK STH AVE 1,10 TO 12,65.00,Improved,1976,49 years 01 month,400000,0.06079271,17820,2026,2 BEDOK STH AVE 1 Singapore
222950,a8644ecf137667da32f1a13b74ff727e6a5eede617d919b7d02e6c2173ee8e91,2026-09-05 04:25:26,2026-01,BEDOK,3 ROOM,23,BEDOK STH AVE 1,10 TO 12,73.00,New Generation,1977,50 years 04 months,485000,0.06079271,17820,2026,23 BEDOK STH AVE 1 Singapore
222951,768050f1695433bbb73404be1a19476c2f09e663377e563c7baf170c863398ba,2026-09-05 04:25:26,2026-02,BEDOK,3 ROOM,22,BEDOK STH AVE 1,10 TO 12,73.00,New Generation,1977,50 years 04 months,439000,0.06079271,17820,2026,22 BEDOK STH AVE 1 Singapore
222952,e3b2a7265fa48bcd304a98304917ce1144e08e08a227a5c62eb1ed30cb337d0f,2026-09-05 04:25:26,2026-02,BEDOK,3 ROOM,2,BEDOK STH AVE 1,13 TO 15,65.00,Improved,1976,49 years,416888,0.06079271,17820,2026,2 BEDOK STH AVE 1 Singapore
222953,5d3adf3a479c66019f5d9a5a8ac0aed8e0a4c4c5a9b44c5ae074727be7df2810,2026-09-05 04:25:26,2026-03,BEDOK,3 ROOM,2,BEDOK STH AVE 1,07 TO 09,65.00,Improved,1976,48 years 11 months,400000,0.06079271,17820,2026,2 BEDOK STH AVE 1 Singapore
222954,60862eacc002a0c6033a252eae1f6b74650338631abe91690245a0dd3d3d694a,2026-09-05 04:25:26,2026-03,BEDOK,3 ROOM,1,BEDOK STH AVE 1,07 TO 09,59.00,Improved,1976,48 years 11 months,388000,0.06079271,17820,2026,1 BEDOK STH AVE 1 Singapore
222955,72ed08a7e90f6df671e66e25bd9461fa962ba9af735fc43ecab30f9c8b6d6a6f,2026-09-05 04:25:26,2026-04,BEDOK,3 ROOM,4,BEDOK STH AVE 1,04 TO 06,73.00,Improved,1976,48 years 10 months,417500,0.06079271,17820,2026,4 BEDOK STH AVE 1 Singapore
222956,ed17ab08fd94fa949b80a71ef9c980c340ef52d4fbcc82ba22326b94b91e154a,2026-09-05 04:25:26,2026-04,BEDOK,3 ROOM,23,BEDOK STH AVE 1,04 TO 06,73.00,New Generation,1977,50 years 01 month,465000,0.06079271,17820,2026,23 BEDOK STH AVE 1 Singapore
222957,80cd7c94f12edf1f6e3e4075630f109d672eaddbd8dd7d1d0a2b5dbd3f790b35,2026-09-05 04:25:26,2026-05,BEDOK,3 ROOM,3,BEDOK STH AVE 1,04 TO 06,59.00,Improved,1976,48 years 09 months,345000,0.06079271,17820,2026,3 BEDOK STH AVE 1 Singapore
222958,4810975e48172dc2415ed122968be89c3be15baaabf2a3302e7b587146798e0b,2026-09-05 04:25:26,2026-05,BEDOK,3 ROOM,2,BEDOK STH AVE 1,04 TO 06,65.00,Improved,1976,48 years 09 months,410000,0.06079271,17820,2026,2 BEDOK STH AVE 1 Singapore
222959,b6da10ea74d8ced04a980e3c46318f014e939ab869a1136bc586eb1c4ab3bf64,2026-09-05 04:25:26,2026-05,BEDOK,3 ROOM,3,BEDOK STH AVE 1,13 TO 15,59.00,Improved,1976,48 years 09 months,390000,0.06079271,17820,2026,3 BEDOK STH AVE 1 Singapore
222960,66d5d8778ec746286d6ca4810480433a74a9b10b1ba394ab5ded8c60cc5712f4,2026-09-05 04:25:26,2026-05,BEDOK,3 ROOM,2,BEDOK STH AVE 1,04 TO 06,65.00,Improved,1976,48 years 08 months,385000,0.06079271,17820,2026,2 BEDOK STH AVE 1 Singapore
222961,c3d93e6c4444d347136dea3c8ecb72307292cc7687bc7fe42eb5dc678e8db94f,2026-09-05 04:25:26,2026-06,BEDOK,3 ROOM,4,BEDOK STH AVE 1,10 TO 12,65.00,Improved,1976,48 years 08 months,385000,0.06079271,17820,2026,4 BEDOK STH AVE 1 Singapore
222962,bba94fb8dc18ff3364274c3684f19ff4bf840635354a801f5b0f0e50e2e13071,2026-09-05 04:25:26,2026-07,BEDOK,3 ROOM,22,BEDOK STH AVE 1,07 TO 09,73.00,New Generation,1977,49 years 11 months,455000,0.06079271,17820,2026,22 BEDOK STH AVE 1 Singapore
222963,0a3305ff659577555ab9845999729ecd8804d8e3dbeb24e12b0365ad1700776b,2026-09-05 04:25:26,2026-08,BEDOK,3 ROOM,3,BEDOK STH AVE 1,04 TO 06,59.00,Improved,1976,48 years 05 months,400000,0.06079271,17820,2026,3 BEDOK STH AVE 1 Singapore
222964,03591f49a7f84a41d785c91c08833fb5b46ab0e1a889f4f3a4ec671ca93a5d03,2026-09-05 04:25:26,2026-05,BEDOK,3 ROOM,33,BEDOK STH AVE 2,10 TO 12,88.00,New Generation,1978,50 years 11 months,513000,0.06079271,17820,2026,33 BEDOK STH AVE 2 Singapore
222965,85faf10f8e38320cf834e89450fe8e136de750df998269b10dbe113586d33e4f,2026-09-05 04:25:26,2026-04,BEDOK,3 ROOM,69,BEDOK STH AVE 3,07 TO 09,67.00,New Generation,1978,50 years 10 months,400000,0.06079271,17820,2026,69 BEDOK STH AVE 3 Singapore
222966,729c7145544d5dd46fbcc2648c1762d3090415598125bbf37cba59a2a35bbb8f,2026-09-05 04:25:26,2026-06,BEDOK,3 ROOM,69,BEDOK STH AVE 3,04 TO 06,67.00,New Generation,1978,50 years 08 months,370000,0.06079271,17820,2026,69 BEDOK STH AVE 3 Singapore
222967,1fd247fb166a8ad94f188f191294fb989cdf79570372dde4687a058c968d88dd,2026-09-05 04:25:26,2026-09,BEDOK,3 ROOM,69,BEDOK STH AVE 3,01 TO 03,67.00,New Generation,1978,50 years 06 months,358000,0.06079271,17820,2026,69 BEDOK STH AVE 3 Singapore
222968,15711f5019612a139b873e68455a1d17e4c762916aa7fdbe28b40f2f82c98337,2026-09-05 04:25:26,2026-03,BEDOK,3 ROOM,18,BEDOK STH RD,13 TO 15,65.00,Improved,1976,48 years 10 months,420000,0.06079271,17820,2026,18 BEDOK STH RD Singapore
222969,136fdacaa662556448ad863257c0fe01f9d16a67411da3eea88470a56bfff43e,2026-09-05 04:25:26,2026-05,BEDOK,3 ROOM,70,BEDOK STH RD,10 TO 12,67.00,New Generation,1978,50 years 09 months,394000,0.06079271,17820,2026,70 BEDOK STH RD Singapore
222970,d9799c9d04808382758f7aa12b6ee942c3d0430ccd2af82c5a76dfd0f0f6a5a8,2026-09-05 04:25:26,2026-05,BEDOK,3 ROOM,40,BEDOK STH RD,07 TO 09,67.00,New Generation,1978,51 years 05 months,365000,0.06079271,17820,2026,40 BEDOK STH RD Singapore
222971,96f2fa9bb2bc2184bfefd9be269e9abd86b879a7d47f68875327781d2991c3ae,2026-09-05 04:25:26,2026-05,BEDOK,3 ROOM,71,BEDOK STH RD,16 TO 18,67.00,New Generation,1978,50 years 10 months,390000,0.06079271,17820,2026,71 BEDOK STH RD Singapore
222972,9eb8f0b9c35727329d6cae2469c9d2d8c7bebab60dc718a092a54d356607b687,2026-09-05 04:25:26,2026-06,BEDOK,3 ROOM,39,BEDOK STH RD,13 TO 15,82.00,New Generation,1978,51 years 04 months,480000,0.06079271,17820,2026,39 BEDOK STH RD Singapore
222973,a6bbfae7083d24e99dcdec6d6f45f83ecd18ada9b03af3ae54f8af9fa39addfe,2026-09-05 04:25:26,2026-07,BEDOK,3 ROOM,18,BEDOK STH RD,13 TO 15,65.00,Improved,1976,48 years 08 months,392000,0.06079271,17820,2026,18 BEDOK STH RD Singapore
222974,ed7dd33749466523821ca0e9cd32b155df7365e562993e1caceeda760069af37,2026-09-05 04:25:26,2026-07,BEDOK,3 ROOM,71,BEDOK STH RD,07 TO 09,67.00,New Generation,1978,50 years 07 months,408000,0.06079271,17820,2026,71 BEDOK STH RD Singapore
222975,02bb138301f88a09145055bc20228dcd3817ce3f250a65b29de5f1ec2337f0b2,2026-09-05 04:25:26,2026-07,BEDOK,3 ROOM,39,BEDOK STH RD,13 TO 15,67.00,New Generation,1978,51 years 03 months,403000,0.06079271,17820,2026,39 BEDOK STH RD Singapore
222976,8495dcb44a7a36d720eb68c3bb28cbc661b8ba46d5354950dc5d695b95372519,2026-09-05 04:25:26,2026-07,BEDOK,3 ROOM,18,BEDOK STH RD,04 TO 06,65.00,Improved,1976,48 years 07 months,381000,0.06079271,17820,2026,18 BEDOK STH RD Singapore
222977,60bad99c78924e5ee832cf3edd3d169404d53379df0997bd65f38acaa7d0c498,2026-09-05 04:25:26,2026-07,BEDOK,3 ROOM,71,BEDOK STH RD,04 TO 06,67.00,New Generation,1978,50 years 07 months,383000,0.06079271,17820,2026,71 BEDOK STH RD Singapore
222978,abcb83363042d90dda93e34c1801b3f3707bc7d1a3eab9cfc12442b7746e1ef6,2026-09-05 04:25:26,2026-07,BEDOK,3 ROOM,40,BEDOK STH RD,04 TO 06,67.00,New Generation,1978,51 years 02 months,365000,0.06079271,17820,2026,40 BEDOK STH RD Singapore
222979,fb219025fa781dd57e4b78244505541131f472aa87f7b1d9bde9076fa10f3020,2026-09-05 04:25:26,2026-07,BEDOK,3 ROOM,18,BEDOK STH RD,07 TO 09,73.00,Improved,1976,48 years 06 months,428000,0.06079271,17820,2026,18 BEDOK STH RD Singapore
222980,f1fde1a1d152ba133cd18c4bd72bb1bb3bde85ffc50746958bd5b0602e2aeeac,2026-09-05 04:25:26,2026-08,BEDOK,3 ROOM,18,BEDOK STH RD,01 TO 03,65.00,Improved,1976,48 years 06 months,365000,0.06079271,17820,2026,18 BEDOK STH RD Singapore
222981,9526cd140ca3d24a43d20f5ccc57a2e17e5bf8243d443cd6a7b2df70a2cb9dc3,2026-09-05 04:25:26,2026-02,BEDOK,3 ROOM,40,CHAI CHEE AVE,07 TO 09,65.00,Improved,1974,47 years,380000,0.06079271,17820,2026,40 CHAI CHEE AVE Singapore
222982,7e47373d10283384f84804b4c9e826f6137cad95c25a8b79dd6098ba8e1a2591,2026-09-05 04:25:26,2026-04,BEDOK,3 ROOM,40,CHAI CHEE AVE,01 TO 03,73.00,Improved,1974,46 years 09 months,410000,0.06079271,17820,2026,40 CHAI CHEE AVE Singapore
222983,11a2bfe80cc9e5c9f38024fc80fbe0ea0d2ab5ee879ea330adf54cea1134ce04,2026-09-05 04:25:26,2026-05,BEDOK,3 ROOM,32,CHAI CHEE AVE,10 TO 12,65.00,Improved,1974,46 years 09 months,385000,0.06079271,17820,2026,32 CHAI CHEE AVE Singapore
222984,1ff01041462ef6bcd6b80a89a4e1908c9bfd43bcda2759ed60c100edc0dae3cf,2026-09-05 04:25:26,2026-05,BEDOK,3 ROOM,36,CHAI CHEE AVE,01 TO 03,65.00,Improved,1974,46 years 09 months,370000,0.06079271,17820,2026,36 CHAI CHEE AVE Singapore
222985,180916ec77f447e2517159d81a4f1be2576d58c171f7d527ef16f5cabb927869,2026-09-05 04:25:26,2026-06,BEDOK,3 ROOM,32,CHAI CHEE AVE,10 TO 12,65.00,Improved,1974,46 years 08 months,374888,0.06079271,17820,2026,32 CHAI CHEE AVE Singapore
222986,264d3363ecdf64b32bb8c3a6079cba7da274fc732e445c6e9b101d7ddba32495,2026-09-05 04:25:26,2026-06,BEDOK,3 ROOM,32,CHAI CHEE AVE,04 TO 06,65.00,Improved,1974,46 years 08 months,370000,0.06079271,17820,2026,32 CHAI CHEE AVE Singapore
222987,8e54def1af7e0cae32cd6adc6e9d25a8a68e8f18dbf18f4cbe58136294c7185a,2026-09-05 04:25:26,2026-06,BEDOK,3 ROOM,40,CHAI CHEE AVE,01 TO 03,65.00,Improved,1974,46 years 08 months,365000,0.06079271,17820,2026,40 CHAI CHEE AVE Singapore
222988,8c83a2e90f9cc9293ce542543a8ca44244147dee9a880f5f9ee56303417a2baf,2026-09-05 04:25:26,2026-07,BEDOK,3 ROOM,32,CHAI CHEE AVE,01 TO 03,65.00,Improved,1974,46 years 07 months,360000,0.06079271,17820,2026,32 CHAI CHEE AVE Singapore
222989,03858f03240a960527b70b1e4dd150eba6a07381b342dda3e312fca14597afca,2026-09-05 04:25:26,2026-07,BEDOK,3 ROOM,32,CHAI CHEE AVE,13 TO 15,65.00,Improved,1974,46 years 07 months,360000,0.06079271,17820,2026,32 CHAI CHEE AVE Singapore
222990,68b47d77831bee984159d1d750d34c225507fe40ecea57a5e4d0b54832199baf,2026-09-05 04:25:26,2026-07,BEDOK,3 ROOM,37,CHAI CHEE AVE,04 TO 06,66.00,Improved,1983,55 years 11 months,412000,0.06079271,17820,2026,37 CHAI CHEE AVE Singapore
222991,a45f85d24f3e17a16c5e682c083d21e382fc85cba0b91f55e9ba2d697da62b6b,2026-09-05 04:25:26,2026-02,BEDOK,3 ROOM,58,CHAI CHEE DR,10 TO 12,76.00,Model A,1983,56 years 11 months,450000,0.06079271,17820,2026,58 CHAI CHEE DR Singapore
222992,c608dfed9c12087fc6c6b4d56a5928fce32c22cf6585765ca442f550198439f3,2026-09-05 04:25:26,2026-02,BEDOK,3 ROOM,55,CHAI CHEE DR,07 TO 09,76.00,Model A,1984,57 years 02 months,460000,0.06079271,17820,2026,55 CHAI CHEE DR Singapore
222993,3de35d7bbf97c3717b723fae16a8ab64e4630127749ca17cd3af792ef1b24f30,2026-09-05 04:25:26,2026-04,BEDOK,3 ROOM,55,CHAI CHEE DR,07 TO 09,76.00,Model A,1984,57 years,425000,0.06079271,17820,2026,55 CHAI CHEE DR Singapore
222994,ebda5c8c874a2d79b34836dcf3632f54db999c0896f4322028cba1bda2ad7981,2026-09-05 04:25:26,2026-05,BEDOK,3 ROOM,55,CHAI CHEE DR,07 TO 09,80.00,Model A,1984,57 years,425000,0.06079271,17820,2026,55 CHAI CHEE DR Singapore
222995,c78649fab1bcd8f42163ff36cc41cf4592218b9acdf163a4e1d8acccb9ec63b0,2026-09-05 04:25:26,2026-06,BEDOK,3 ROOM,58,CHAI CHEE DR,07 TO 09,80.00,Model A,1983,56 years 06 months,450000,0.06079271,17820,2026,58 CHAI CHEE DR Singapore
222996,594ce9a18161beed5ae7c6b6981310f95310b6612d830cfe9a51aafdd7bd5c20,2026-09-05 04:25:26,2026-02,BEDOK,3 ROOM,59,CHAI CHEE RD,07 TO 09,80.00,Model A,1984,57 years,450000,0.06079271,17820,2026,59 CHAI CHEE RD Singapore
222997,131117db3e5151b7fc13935ead0536e3cb3dac5b013641523da3484bde3b2caf,2026-09-05 04:25:26,2026-02,BEDOK,3 ROOM,808A,CHAI CHEE RD,04 TO 06,68.00,Model A,2016,89 years 10 months,582000,0.06079271,17820,2026,808A CHAI CHEE RD Singapore
222998,fa189817c949bd8e2b3000c1d956dc7bde1fcbdec5e70b23e223ac0dbe8ab856,2026-09-05 04:25:26,2026-03,BEDOK,3 ROOM,807A,CHAI CHEE RD,07 TO 09,68.00,Model A,2016,89 years 09 months,592000,0.06079271,17820,2026,807A CHAI CHEE RD Singapore
222999,5d83ed018a8f06a6e9b0c4266fc3cb54fd3c6771730bb3c3094f639eefffb36e,2026-09-05 04:25:26,2026-04,BEDOK,3 ROOM,20,CHAI CHEE RD,01 TO 03,65.00,Improved,1972,45 years 04 months,360000,0.06079271,17820,2026,20 CHAI CHEE RD Singapore
223000,5fb2fe115f8a768f033e8c33ebc8906b2aed854ac9912ef5348e99d341be0adc,2026-09-05 04:25:26,2026-04,BEDOK,3 ROOM,19,CHAI CHEE RD,01 TO 03,65.00,Improved,1972,45 years 04 months,385000,0.06079271,17820,2026,19 CHAI CHEE RD Singapore
223001,0ddd68c3733f40b1e6d5b31e3ddc45b98c2fa424929a7008d8d9d4455e2c87af,2026-09-05 04:25:26,2026-04,BEDOK,3 ROOM,19,CHAI CHEE RD,04 TO 06,65.00,Improved,1972,45 years 04 months,355000,0.06079271,17820,2026,19 CHAI CHEE RD Singapore
223002,b68e15fef8715720970e87dbe996a8d191d6f7a396ffbab43ca39c560a3f6a91,2026-09-05 04:25:26,2026-04,BEDOK,3 ROOM,59,CHAI CHEE RD,10 TO 12,80.00,Model A,1984,56 years 09 months,450000,0.06079271,17820,2026,59 CHAI CHEE RD Singapore
223003,745989b5b95b575bfebd9e24606a5d7ecf4a382e38802c1f40263d4b7704e1e1,2026-09-05 04:25:26,2026-05,BEDOK,3 ROOM,59,CHAI CHEE RD,01 TO 03,75.00,Model A,1984,56 years 09 months,438000,0.06079271,17820,2026,59 CHAI CHEE RD Singapore
223004,416ec8865eeed87607403a208b70bac040379118da358a732a1b42ec8e237b73,2026-09-05 04:25:26,2026-06,BEDOK,3 ROOM,59,CHAI CHEE RD,10 TO 12,75.00,Model A,1984,56 years 08 months,470000,0.06079271,17820,2026,59 CHAI CHEE RD Singapore
223005,460be238cb448de97b869b8a4b379bcc71d89309f628d697c36ca0cf29e2ba94,2026-09-05 04:25:26,2026-06,BEDOK,3 ROOM,21,CHAI CHEE RD,01 TO 03,65.00,Improved,1972,45 years 02 months,335000,0.06079271,17820,2026,21 CHAI CHEE RD Singapore
223006,0a72bd74ab636745f174861d03e674604dd0dc2aa3b2c0c9053b46c0fbd8ef7b,2026-09-05 04:25:26,2026-06,BEDOK,3 ROOM,808C,CHAI CHEE RD,10 TO 12,68.00,Model A,2016,89 years 06 months,615000,0.06079271,17820,2026,808C CHAI CHEE RD Singapore
223007,08483fc993ef0af22829b8476bd84a85eed8789b029761959604eedfa167aeb9,2026-09-05 04:25:26,2026-06,BEDOK,3 ROOM,20,CHAI CHEE RD,07 TO 09,65.00,Improved,1972,45 years 02 months,325000,0.06079271,17820,2026,20 CHAI CHEE RD Singapore
223008,e6a828759c24920e5b8f0d654c389f92d22b3d6964e2a0f8af0a3cd08810c64f,2026-09-05 04:25:26,2026-06,BEDOK,3 ROOM,808C,CHAI CHEE RD,04 TO 06,68.00,Model A,2016,89 years 06 months,620000,0.06079271,17820,2026,808C CHAI CHEE RD Singapore
223009,88b5c567eead3bd9f89ffcb8bcf3f56175253fd81370c1b36b8a44103e81c440,2026-09-05 04:25:26,2026-06,BEDOK,3 ROOM,807C,CHAI CHEE RD,07 TO 09,68.00,Model A,2016,89 years 06 months,600000,0.06079271,17820,2026,807C CHAI CHEE RD Singapore
223010,b18899466769a302c5afe518a2372686bf7f4387d797b3cc523eb2d87549f253,2026-09-05 04:25:26,2026-07,BEDOK,3 ROOM,807A,CHAI CHEE RD,01 TO 03,68.00,Model A,2016,89 years 05 months,568000,0.06079271,17820,2026,807A CHAI CHEE RD Singapore
223011,17a915434f4667a6413a861ccd1ed5f5465d57cf92105cd894939f41fb7e7238,2026-09-05 04:25:26,2026-07,BEDOK,3 ROOM,19,CHAI CHEE RD,07 TO 09,75.00,Improved,1972,45 years 01 month,380000,0.06079271,17820,2026,19 CHAI CHEE RD Singapore
223012,f0c42cdaf0b348534a01a06df14624d4f272cef0f9089cb23cd0904505a7d728,2026-09-05 04:25:26,2026-08,BEDOK,3 ROOM,20,CHAI CHEE RD,07 TO 09,65.00,Improved,1972,45 years,360000,0.06079271,17820,2026,20 CHAI CHEE RD Singapore
223013,1b84499d6520cf91b12389922117f06d81aa44fca21aee59d85c85a3c84054e2,2026-09-05 04:25:26,2026-09,BEDOK,3 ROOM,807C,CHAI CHEE RD,04 TO 06,68.00,Model A,2016,89 years 03 months,595000,0.06079271,17820,2026,807C CHAI CHEE RD Singapore
223014,de7f20e8386fe8f50a49f613cf4964710b37ccf9eaea2afe1ca15b64d6f09b91,2026-09-05 04:25:26,2026-01,BEDOK,3 ROOM,45,CHAI CHEE ST,10 TO 12,68.00,New Generation,1980,53 years 05 months,410000,0.06079271,17820,2026,45 CHAI CHEE ST Singapore
223015,85d1d6f57fe5e3ef71d4ee8b900e73c69b9f3ac888eb272cd3f4d4d13ce64b3a,2026-09-05 04:25:26,2026-01,BEDOK,3 ROOM,50,CHAI CHEE ST,10 TO 12,68.00,New Generation,1981,54 years 06 months,415000,0.06079271,17820,2026,50 CHAI CHEE ST Singapore
223016,0147822b8894c6c067e3e3247a654b532146d3d48e25bba636b252824a8f6c88,2026-09-05 04:25:26,2026-02,BEDOK,3 ROOM,41,CHAI CHEE ST,01 TO 03,67.00,New Generation,1985,58 years 07 months,430000,0.06079271,17820,2026,41 CHAI CHEE ST Singapore
223017,98ced2e2ed6373facb69eb2bd38c0ef338b885e97d09922121df1260d1545816,2026-09-05 04:25:26,2026-02,BEDOK,3 ROOM,54,CHAI CHEE ST,10 TO 12,68.00,New Generation,1981,54 years 04 months,418888,0.06079271,17820,2026,54 CHAI CHEE ST Singapore
223018,edce65cc8ebdb490bcde82272d5b965c3aad0f3da7375b7c92fb439399cbe5ab,2026-09-05 04:25:26,2026-02,BEDOK,3 ROOM,44,CHAI CHEE ST,01 TO 03,68.00,New Generation,1980,53 years 04 months,395000,0.06079271,17820,2026,44 CHAI CHEE ST Singapore
223019,f5fdb1c605d56b7052bda82ed5d1ea295260f8172fb20189cd036bc5032e1610,2026-09-05 04:25:26,2026-02,BEDOK,3 ROOM,42,CHAI CHEE ST,13 TO 15,67.00,New Generation,1985,58 years 04 months,450000,0.06079271,17820,2026,42 CHAI CHEE ST Singapore
223020,4e84af1c5293628e094169220499cdee9aa020d96fcc5302764cffa82e091a06,2026-09-05 04:25:26,2026-04,BEDOK,3 ROOM,44,CHAI CHEE ST,10 TO 12,68.00,New Generation,1980,53 years 01 month,398000,0.06079271,17820,2026,44 CHAI CHEE ST Singapore
223021,f439f9bba07bb5c44e6590ac8ebf9c79ed0145fc62d3dd2f019a19de58c7776f,2026-09-05 04:25:26,2026-05,BEDOK,3 ROOM,50,CHAI CHEE ST,10 TO 12,68.00,New Generation,1981,54 years 03 months,388888,0.06079271,17820,2026,50 CHAI CHEE ST Singapore
223022,4f4709b2bab17df8048ff2053517d6718221d7c0e16fe420bdf1b6ae568c3a55,2026-09-05 04:25:26,2026-05,BEDOK,3 ROOM,50,CHAI CHEE ST,10 TO 12,68.00,New Generation,1981,54 years 02 months,360000,0.06079271,17820,2026,50 CHAI CHEE ST Singapore
223023,b5636d2168b2c00f9518d225308574b9073710b7f7735c95a0acf90daa692f84,2026-09-05 04:25:26,2026-05,BEDOK,3 ROOM,44,CHAI CHEE ST,10 TO 12,68.00,New Generation,1980,53 years,426000,0.06079271,17820,2026,44 CHAI CHEE ST Singapore
223024,e47f9122b2bca78ccae7ad6d9153d745fde5cb9880f6730ae22690a29d25b10c,2026-09-05 04:25:26,2026-05,BEDOK,3 ROOM,41,CHAI CHEE ST,01 TO 03,82.00,New Generation,1985,58 years 02 months,470000,0.06079271,17820,2026,41 CHAI CHEE ST Singapore
223025,ee26cea6fe7642cb985aa42c4993ae07f11d3c281ba944b6d83c083655db70c5,2026-09-05 04:25:26,2026-06,BEDOK,3 ROOM,44,CHAI CHEE ST,10 TO 12,68.00,New Generation,1980,53 years,410000,0.06079271,17820,2026,44 CHAI CHEE ST Singapore
223026,9649c689e7e01e13148ab23d5daf12bc738d7c5ae674a2218a906ce45aa2ebf5,2026-09-05 04:25:26,2026-06,BEDOK,3 ROOM,44,CHAI CHEE ST,10 TO 12,68.00,New Generation,1980,52 years 11 months,390000,0.06079271,17820,2026,44 CHAI CHEE ST Singapore
223027,6471641fbfdafaee24f0c496384bc3517a0a69cf1887bd09f05f87459e1657a0,2026-09-05 04:25:26,2026-07,BEDOK,3 ROOM,50,CHAI CHEE ST,04 TO 06,68.00,New Generation,1981,54 years 01 month,393000,0.06079271,17820,2026,50 CHAI CHEE ST Singapore
223028,68df2f2446528b8534b610ac3c970639e7a3af7826341aafc9a01e1761c44e97,2026-09-05 04:25:26,2026-08,BEDOK,3 ROOM,44,CHAI CHEE ST,01 TO 03,68.00,New Generation,1980,52 years 10 months,372000,0.06079271,17820,2026,44 CHAI CHEE ST Singapore
223029,6f1daddc31c4dcb30a9802b850d91eb6577b85225d3e2e7b9f976df89897726e,2026-09-05 04:25:26,2026-08,BEDOK,3 ROOM,45,CHAI CHEE ST,04 TO 06,68.00,New Generation,1980,52 years 09 months,400000,0.06079271,17820,2026,45 CHAI CHEE ST Singapore
223030,1f0c9a0fab5664cb1a81f4823218260848f4c79b2131e63b48fa2325342665eb,2026-09-05 04:25:26,2026-01,BEDOK,3 ROOM,27,NEW UPP CHANGI RD,04 TO 06,74.00,Improved,1982,55 years 09 months,375000,0.06079271,17820,2026,27 NEW UPP CHANGI RD Singapore
223031,23ea13d17fb761788b81abc1983a95e26d1d42b5d9ed5c1d1bdf7c7a6f7f3169,2026-09-05 04:25:26,2026-01,BEDOK,3 ROOM,57,NEW UPP CHANGI RD,07 TO 09,60.00,Improved,1985,58 years 10 months,400000,0.06079271,17820,2026,57 NEW UPP CHANGI RD Singapore
223032,e17fd5a20979b81542dd62e5be4d93e64f86b96d78f1d35bcf43554fcf056416,2026-09-05 04:25:26,2026-01,BEDOK,3 ROOM,27,NEW UPP CHANGI RD,13 TO 15,74.00,Improved,1982,55 years 09 months,458000,0.06079271,17820,2026,27 NEW UPP CHANGI RD Singapore
223033,4197f9c946fe3e0323841b3ba6c524d81efc9931c4fbe9a9464442871d3e7b8e,2026-09-05 04:25:26,2026-01,BEDOK,3 ROOM,27,NEW UPP CHANGI RD,07 TO 09,74.00,Improved,1982,55 years 08 months,448000,0.06079271,17820,2026,27 NEW UPP CHANGI RD Singapore
223034,916df3310eb0c3fde94845bf5c90a2d8f3ff1fb3e61d1fa29935dab42616d3fc,2026-09-05 04:25:26,2026-01,BEDOK,3 ROOM,24,NEW UPP CHANGI RD,07 TO 09,73.00,New Generation,1978,51 years 08 months,458000,0.06079271,17820,2026,24 NEW UPP CHANGI RD Singapore
223035,f73304f978de05fa0cafa2818fa79486a72235935bc944d0c84a5c8a3b126f99,2026-09-05 04:25:26,2026-01,BEDOK,3 ROOM,30,NEW UPP CHANGI RD,10 TO 12,65.00,Improved,1977,50 years 04 months,395000,0.06079271,17820,2026,30 NEW UPP CHANGI RD Singapore
223036,1794dde6c01ad840965cd3852f57eca6121663691dc6184e4dc9ef0036bbe034,2026-09-05 04:25:26,2026-02,BEDOK,3 ROOM,27,NEW UPP CHANGI RD,07 TO 09,65.00,Improved,1982,55 years 08 months,388000,0.06079271,17820,2026,27 NEW UPP CHANGI RD Singapore
223037,3b17d7ac71217503a64257fbce4189da84513d6d0fa3f449798d727affd55eb9,2026-09-05 04:25:26,2026-03,BEDOK,3 ROOM,29,NEW UPP CHANGI RD,01 TO 03,76.00,Improved,1977,50 years 03 months,438000,0.06079271,17820,2026,29 NEW UPP CHANGI RD Singapore
223038,ec79b0647af390341b1cafe56f8bc55ec63a00658ce74eab9298d786f668eea9,2026-09-05 04:25:26,2026-03,BEDOK,3 ROOM,30,NEW UPP CHANGI RD,04 TO 06,65.00,Improved,1977,50 years 02 months,355000,0.06079271,17820,2026,30 NEW UPP CHANGI RD Singapore
223039,e87563fb47e9267de5d08e32bfdfb1001312d88297676459d0001bb56292fefa,2026-09-05 04:25:26,2026-05,BEDOK,3 ROOM,28,NEW UPP CHANGI RD,07 TO 09,65.00,Improved,1977,50 years 01 month,390000,0.06079271,17820,2026,28 NEW UPP CHANGI RD Singapore
223040,d84461eed268ede03bcfe071ba59b50c88bb21b412fe3893a5d4ca8d55d486f0,2026-09-05 04:25:26,2026-06,BEDOK,3 ROOM,57,NEW UPP CHANGI RD,01 TO 03,60.00,Improved,1985,58 years 05 months,370000,0.06079271,17820,2026,57 NEW UPP CHANGI RD Singapore
223041,9143f74889bf222b1881b9b6d0c72da0eb31b5497244d9f27c28c31f62a6aa15,2026-09-05 04:25:26,2026-06,BEDOK,3 ROOM,57,NEW UPP CHANGI RD,10 TO 12,60.00,Improved,1985,58 years 05 months,409000,0.06079271,17820,2026,57 NEW UPP CHANGI RD Singapore
223042,d810fd5b23e7f0754ab18c8037a8cb171d0d910e941af225a9c08014daa0d300,2026-09-05 04:25:26,2026-06,BEDOK,3 ROOM,27,NEW UPP CHANGI RD,07 TO 09,65.00,Improved,1982,55 years 03 months,418000,0.06079271,17820,2026,27 NEW UPP CHANGI RD Singapore
223043,c032e5643fac1e8ce6f689d954ce03723edab232eec93d6daf6c685d3de10239,2026-09-05 04:25:26,2026-08,BEDOK,3 ROOM,57,NEW UPP CHANGI RD,07 TO 09,68.00,Improved,1985,58 years 03 months,430000,0.06079271,17820,2026,57 NEW UPP CHANGI RD Singapore
223044,364ee0e1701c3c499a445399b96a8ff8371cf8c39498dbc1ab3f91d530132ab4,2026-09-05 04:25:26,2026-08,BEDOK,3 ROOM,30,NEW UPP CHANGI RD,04 TO 06,65.00,Improved,1977,49 years 09 months,380000,0.06079271,17820,2026,30 NEW UPP CHANGI RD Singapore
223045,23bcd0f2aeafce9ca72aceb4dd2ad76a00946789dc0157fcc600d0350d523829,2026-09-05 04:25:26,2026-08,BEDOK,3 ROOM,29,NEW UPP CHANGI RD,04 TO 06,65.00,Improved,1977,49 years 10 months,385000,0.06079271,17820,2026,29 NEW UPP CHANGI RD Singapore
223046,81c8977203b4a211012ce924b062aabbce8acbaa17a7adbe8294e95833eda4d5,2026-09-05 04:25:26,2026-02,BEDOK,4 ROOM,219C,BEDOK CTRL,13 TO 15,87.00,Model A,2010,83 years 04 months,940000,0.06079271,17820,2026,219C BEDOK CTRL Singapore
223047,11f6aafaf24e6b21f5e7e8a938c70d85ff05875726e27e49c4c32c72624cbf7c,2026-09-05 04:25:26,2026-02,BEDOK,4 ROOM,220C,BEDOK CTRL,13 TO 15,94.00,Model A,2010,83 years 03 months,985000,0.06079271,17820,2026,220C BEDOK CTRL Singapore
223048,baa3b4a876548538e6ff28b2a887defbfa6dd0ec1ee8e3ccd246b1b72f860dd8,2026-09-05 04:25:26,2026-04,BEDOK,4 ROOM,221B,BEDOK CTRL,04 TO 06,97.00,Model A,2010,83 years 02 months,905000,0.06079271,17820,2026,221B BEDOK CTRL Singapore
223049,d19546b306abb96572124b4496e11af1d9e2e9bc6b2b9765023467ec03d07c83,2026-09-05 04:25:26,2026-05,BEDOK,4 ROOM,219D,BEDOK CTRL,10 TO 12,94.00,Model A,2010,83 years 01 month,910000,0.06079271,17820,2026,219D BEDOK CTRL Singapore
223050,67de7843b250055f2de0dc4ad4a3e56194d2fbe41e8e4cf8ed91a64002262acf,2026-09-05 04:25:26,2026-06,BEDOK,4 ROOM,221A,BEDOK CTRL,16 TO 18,87.00,Model A,2010,83 years,910000,0.06079271,17820,2026,221A BEDOK CTRL Singapore
223051,bd049e3b774ee91d0fb238a7ac9b22493b7d87b7a69e4a8a397432ae767f3360,2026-09-05 04:25:26,2026-07,BEDOK,4 ROOM,220A,BEDOK CTRL,13 TO 15,97.00,Model A,2010,82 years 10 months,925000,0.06079271,17820,2026,220A BEDOK CTRL Singapore
223052,18abf418487e9b6f7efdce02a81cf83d97db65fd29002f8e840ef69f293090f0,2026-09-05 04:25:26,2026-08,BEDOK,4 ROOM,219D,BEDOK CTRL,13 TO 15,97.00,Model A,2010,82 years 10 months,950000,0.06079271,17820,2026,219D BEDOK CTRL Singapore
223053,fdc8a15683acccb0345ebad215cf54735391a0eba6bcefa6e368b5c6df44107f,2026-09-05 04:25:26,2026-08,BEDOK,4 ROOM,220B,BEDOK CTRL,13 TO 15,94.00,Model A,2010,82 years 10 months,970000,0.06079271,17820,2026,220B BEDOK CTRL Singapore
223054,1f8b2b03f550fdcd03aceafc3b2b759d123586483faf1d8663393891e0c6576f,2026-09-05 04:25:26,2026-01,BEDOK,4 ROOM,519,BEDOK NTH AVE 1,10 TO 12,92.00,New Generation,1979,52 years 07 months,515000,0.06079271,17820,2026,519 BEDOK NTH AVE 1 Singapore
223055,f8b675a2e16725fc031f75cc493cc5dee70e6adbd509ece7f966b30bf608f475,2026-09-05 04:25:26,2026-03,BEDOK,4 ROOM,423,BEDOK NTH AVE 1,04 TO 06,91.00,New Generation,1979,51 years 10 months,575000,0.06079271,17820,2026,423 BEDOK NTH AVE 1 Singapore
223056,60dc94422168c68114b41041ee546cfbb29ce6092a9b72b1240bb9db7d72359e,2026-09-05 04:25:26,2026-06,BEDOK,4 ROOM,424,BEDOK NTH AVE 1,01 TO 03,91.00,New Generation,1979,51 years 09 months,505000,0.06079271,17820,2026,424 BEDOK NTH AVE 1 Singapore
223057,220824d18245315c2f4ebd044d3015816161999fe815802f621dd2c7951f2954,2026-09-05 04:25:26,2026-01,BEDOK,4 ROOM,513,BEDOK NTH AVE 2,01 TO 03,92.00,New Generation,1979,52 years 07 months,470000,0.06079271,17820,2026,513 BEDOK NTH AVE 2 Singapore
223058,238d3dd572995ead5b07b94b05bb1cd7834c35d33a02ba984359ec0705883046,2026-09-05 04:25:26,2026-02,BEDOK,4 ROOM,518,BEDOK NTH AVE 2,01 TO 03,92.00,New Generation,1979,52 years 07 months,505000,0.06079271,17820,2026,518 BEDOK NTH AVE 2 Singapore
223059,e8ccb813e925ba19a7e6bb54a33dc2092dff6741e1ce49e72813ecc0e701c9bf,2026-09-05 04:25:26,2026-03,BEDOK,4 ROOM,416,BEDOK NTH AVE 2,04 TO 06,92.00,New Generation,1978,51 years 09 months,530000,0.06079271,17820,2026,416 BEDOK NTH AVE 2 Singapore
223060,b8fec782939c1543e0861af4a33c5452c2ef003b8f49efe913c7bb02cf7b7e23,2026-09-05 04:25:26,2026-07,BEDOK,4 ROOM,518,BEDOK NTH AVE 2,07 TO 09,92.00,New Generation,1979,52 years 02 months,518000,0.06079271,17820,2026,518 BEDOK NTH AVE 2 Singapore
223061,5512cf46e17a68e5f8b1963b0df7c8c1e77e128044e27482440f7c977a5de5ef,2026-09-05 04:25:26,2026-02,BEDOK,4 ROOM,508,BEDOK NTH AVE 3,07 TO 09,92.00,New Generation,1978,51 years 10 months,525000,0.06079271,17820,2026,508 BEDOK NTH AVE 3 Singapore
223062,2ee0408fb9a301cb8c06271e2bfc815f4f00bc12a6d5a712caef743e12269cd2,2026-09-05 04:25:26,2026-03,BEDOK,4 ROOM,131,BEDOK NTH AVE 3,16 TO 18,92.00,New Generation,1978,51 years 02 months,588000,0.06079271,17820,2026,131 BEDOK NTH AVE 3 Singapore
223063,fdd7f824e568b7a65a187ab1eaf3d23b722edd689c95c590b700dd46feaf92bf,2026-09-05 04:25:26,2026-03,BEDOK,4 ROOM,137,BEDOK NTH AVE 3,07 TO 09,91.00,New Generation,1979,51 years 10 months,560000,0.06079271,17820,2026,137 BEDOK NTH AVE 3 Singapore
223064,da0036ec84bad29506d1e4fb0ebd5aa17842220b084d9a2327212f9a59f05617,2026-09-05 04:25:26,2026-03,BEDOK,4 ROOM,507,BEDOK NTH AVE 3,07 TO 09,92.00,New Generation,1978,51 years 08 months,532888,0.06079271,17820,2026,507 BEDOK NTH AVE 3 Singapore
223065,833c4df832948142670c8ff7b99ddbb2d71e92ee9835082ea8a7f60cf2093117,2026-09-05 04:25:26,2026-04,BEDOK,4 ROOM,402,BEDOK NTH AVE 3,13 TO 15,92.00,New Generation,1979,52 years 03 months,555888,0.06079271,17820,2026,402 BEDOK NTH AVE 3 Singapore
223066,5fec8b9d9338cab8db7875b82fb563df8eeb7474567beb44a4d4949450f900d6,2026-09-05 04:25:26,2026-05,BEDOK,4 ROOM,507,BEDOK NTH AVE 3,01 TO 03,92.00,New Generation,1978,51 years 06 months,530000,0.06079271,17820,2026,507 BEDOK NTH AVE 3 Singapore
223067,c5691adf252db73bec2e199f3c6317eb730f7f8d0ba4badf886caab06735a422,2026-09-05 04:25:26,2026-07,BEDOK,4 ROOM,131,BEDOK NTH AVE 3,13 TO 15,92.00,New Generation,1978,50 years 09 months,550000,0.06079271,17820,2026,131 BEDOK NTH AVE 3 Singapore
223068,1ec5ad2d6a689f599ae0d6585dccc969f6bb4b5070133fd8f88c5cb2e8fc1ed6,2026-09-05 04:25:26,2026-08,BEDOK,4 ROOM,508,BEDOK NTH AVE 3,13 TO 15,92.00,New Generation,1978,51 years 04 months,510000,0.06079271,17820,2026,508 BEDOK NTH AVE 3 Singapore
223069,ebdfd779c3e0c0ac6c3c19016190837dc6ce751fca3c92f559351d7ec168951e,2026-09-05 04:25:26,2026-08,BEDOK,4 ROOM,402,BEDOK NTH AVE 3,07 TO 09,92.00,New Generation,1979,51 years 11 months,576888,0.06079271,17820,2026,402 BEDOK NTH AVE 3 Singapore
223070,58d0f9ed7fa87416993042d2a015bbf2f5595d76848a4a1b638d3fa932712ada,2026-09-05 04:25:26,2026-08,BEDOK,4 ROOM,508,BEDOK NTH AVE 3,01 TO 03,92.00,New Generation,1978,51 years 03 months,500000,0.06079271,17820,2026,508 BEDOK NTH AVE 3 Singapore
223071,efc99c79c692a09ef37ad297e97362c424c4451b091c2d274444eeff1450e03f,2026-09-05 04:25:26,2026-01,BEDOK,4 ROOM,93,BEDOK NTH AVE 4,10 TO 12,92.00,New Generation,1979,52 years 06 months,525000,0.06079271,17820,2026,93 BEDOK NTH AVE 4 Singapore
223072,2d6097e4f7ec29d457cd905233cd9cff394b746d0bdcfda2ac268aa50cffda33,2026-09-05 04:25:26,2026-01,BEDOK,4 ROOM,93,BEDOK NTH AVE 4,10 TO 12,92.00,New Generation,1979,52 years 06 months,540000,0.06079271,17820,2026,93 BEDOK NTH AVE 4 Singapore
223073,b5dff33146b5d894b8ddfb523f5a055c6abe50194bd57f712754e96aebbd8bce,2026-09-05 04:25:26,2026-03,BEDOK,4 ROOM,93,BEDOK NTH AVE 4,01 TO 03,92.00,New Generation,1979,52 years 04 months,517888,0.06079271,17820,2026,93 BEDOK NTH AVE 4 Singapore
223074,49133b5d8ff359faae90c52edc88092cddc99315cc8fe97a7f0f4d5e3720881e,2026-09-05 04:25:26,2026-04,BEDOK,4 ROOM,104,BEDOK NTH AVE 4,04 TO 06,91.00,New Generation,1977,50 years 04 months,480000,0.06079271,17820,2026,104 BEDOK NTH AVE 4 Singapore
223075,333fda0ff8208bebc711e9fc7cec31cc30ff57f35ca78b8422ba8f9b5a36425a,2026-09-05 04:25:26,2026-04,BEDOK,4 ROOM,95,BEDOK NTH AVE 4,01 TO 03,92.00,New Generation,1979,52 years 03 months,510000,0.06079271,17820,2026,95 BEDOK NTH AVE 4 Singapore
223076,59d2b62dbff362f7fdbb948a4edcff781b900da01f64fd3eaecf2c45c1eb8224,2026-09-05 04:25:26,2026-07,BEDOK,4 ROOM,103,BEDOK NTH AVE 4,07 TO 09,91.00,New Generation,1977,50 years 01 month,540000,0.06079271,17820,2026,103 BEDOK NTH AVE 4 Singapore
223077,e59c6760995a3e40087473bb6a876dca13f3b54bfd54e13eae4f3abae6e5da1c,2026-09-05 04:25:26,2026-07,BEDOK,4 ROOM,92,BEDOK NTH AVE 4,01 TO 03,94.00,New Generation,1979,52 years,500000,0.06079271,17820,2026,92 BEDOK NTH AVE 4 Singapore
223078,f0e7973228ecc68e2612b0c10c6ec534fb5b1f6481a3d3dcd492c409fdeff5a0,2026-09-05 04:25:26,2026-08,BEDOK,4 ROOM,222A,BEDOK NTH DR,10 TO 12,93.00,Model A,2022,94 years 11 months,1200000,0.06079271,17820,2026,222A BEDOK NTH DR Singapore
223079,346f65a6013d765cef9a3c1e89d64c38371daa4030b66c602cd17da0974fbc21,2026-09-05 04:25:26,2026-01,BEDOK,4 ROOM,121,BEDOK NTH RD,04 TO 06,92.00,New Generation,1978,51 years 03 months,538000,0.06079271,17820,2026,121 BEDOK NTH RD Singapore
223080,e784d10711d98353b795d56d52260bdbb882b5f361eee651565da447a984a202,2026-09-05 04:25:26,2026-01,BEDOK,4 ROOM,81,BEDOK NTH RD,07 TO 09,91.00,New Generation,1978,51 years 06 months,528000,0.06079271,17820,2026,81 BEDOK NTH RD Singapore
223081,201f6700126b59ff374ab680191e8464d9667a215bc86ce30154e34f1e4bc8ab,2026-09-05 04:25:26,2026-01,BEDOK,4 ROOM,431A,BEDOK NTH RD,13 TO 15,94.00,Model A,2021,94 years 05 months,950000,0.06079271,17820,2026,431A BEDOK NTH RD Singapore
223082,dab55c2fe9fe92f15d6d07655e6fafadf0e686a9195e46a325e7c4b93473708a,2026-09-05 04:25:26,2026-01,BEDOK,4 ROOM,429B,BEDOK NTH RD,10 TO 12,94.00,Model A,2021,94 years 05 months,928000,0.06079271,17820,2026,429B BEDOK NTH RD Singapore
223083,88e011b5608eb4260ea0c0182e66eb34bfb4a3f4f4ba5e526d3344d60bc8c6b5,2026-09-05 04:25:26,2026-01,BEDOK,4 ROOM,427,BEDOK NTH RD,07 TO 09,92.00,New Generation,1979,52 years 01 month,565000,0.06079271,17820,2026,427 BEDOK NTH RD Singapore
223084,d5f8c97dcb5b6b41d170be391085c6bf4c7d626f7bff909f0b061a0d2955445e,2026-09-05 04:25:26,2026-01,BEDOK,4 ROOM,428,BEDOK NTH RD,04 TO 06,92.00,New Generation,1979,52 years 01 month,560000,0.06079271,17820,2026,428 BEDOK NTH RD Singapore
223085,b4eb4e62527bdf61c48421b7d91897ef3cf063cec174b191d527dde48c17a283,2026-09-05 04:25:26,2026-01,BEDOK,4 ROOM,182,BEDOK NTH RD,19 TO 21,85.00,Model A,2006,79 years 01 month,785000,0.06079271,17820,2026,182 BEDOK NTH RD Singapore
223086,064fd84693e199d0a55554bff2f13e2110d5de3e5a167b72ad94b95094576825,2026-09-05 04:25:26,2026-01,BEDOK,4 ROOM,422,BEDOK NTH RD,07 TO 09,92.00,New Generation,1979,52 years 01 month,543000,0.06079271,17820,2026,422 BEDOK NTH RD Singapore
223087,0db29542b1de4082d0eddbf36951c50fdf00df4f8affaa6aaeca59fca8751d4c,2026-09-05 04:25:26,2026-01,BEDOK,4 ROOM,431A,BEDOK NTH RD,01 TO 03,94.00,Model A,2021,94 years 05 months,880000,0.06079271,17820,2026,431A BEDOK NTH RD Singapore
223088,17366dd4e1244b9bb4624d64d764cdd92d9156e35d1fa0f0b3c176be78dbbedb,2026-09-05 04:25:26,2026-01,BEDOK,4 ROOM,430A,BEDOK NTH RD,13 TO 15,94.00,Model A,2021,94 years 04 months,945000,0.06079271,17820,2026,430A BEDOK NTH RD Singapore
223089,237bfcab9c3aaeba5f471e7cacb0dffdf1c51561bbe978d3f6e278f99ad1fcdd,2026-09-05 04:25:26,2026-01,BEDOK,4 ROOM,431A,BEDOK NTH RD,10 TO 12,94.00,Model A,2021,94 years 05 months,960000,0.06079271,17820,2026,431A BEDOK NTH RD Singapore
223090,4f46f666d6f6c67c186620345f3e4447e3315e8ba06bf1ce9e300e164fec403e,2026-09-05 04:25:26,2026-01,BEDOK,4 ROOM,429B,BEDOK NTH RD,04 TO 06,94.00,Model A,2021,94 years 04 months,880000,0.06079271,17820,2026,429B BEDOK NTH RD Singapore
223091,00ecc92ef9d6ea6879b61fcb07dee1b51b1be985cb8c728e0253edb7c95dcc28,2026-09-05 04:25:26,2026-01,BEDOK,4 ROOM,79,BEDOK NTH RD,01 TO 03,91.00,New Generation,1978,51 years 05 months,502000,0.06079271,17820,2026,79 BEDOK NTH RD Singapore
223092,541c94ac4048edafb379c969db2ab3fbc73db19a905b8bd5f6aa0c7baad845d8,2026-09-05 04:25:26,2026-02,BEDOK,4 ROOM,182,BEDOK NTH RD,13 TO 15,92.00,Model A,2006,79 years 02 months,780000,0.06079271,17820,2026,182 BEDOK NTH RD Singapore
223093,a4e4b5cb1ee2cfea5767670c68c481fd313275d1ef1ebacea39b51c58665b20f,2026-09-05 04:25:26,2026-02,BEDOK,4 ROOM,428,BEDOK NTH RD,01 TO 03,92.00,New Generation,1979,52 years,520000,0.06079271,17820,2026,428 BEDOK NTH RD Singapore
223094,85824dfdd301cbde631f19627809714d8d1dc8b9890f91329da9937e9d3d1e91,2026-09-05 04:25:26,2026-02,BEDOK,4 ROOM,183,BEDOK NTH RD,10 TO 12,92.00,Model A,2005,78 years 11 months,773000,0.06079271,17820,2026,183 BEDOK NTH RD Singapore
223095,46752aad8928435f1203ec2f88db4bd1d18d59af904eae28c1267840377abd18,2026-09-05 04:25:26,2026-02,BEDOK,4 ROOM,430A,BEDOK NTH RD,16 TO 18,94.00,Model A,2021,94 years 04 months,995000,0.06079271,17820,2026,430A BEDOK NTH RD Singapore
223096,175352fdc1da81300aba23ae08e0beeb7280ff2c47d185e4505edd43df8ce6f8,2026-09-05 04:25:26,2026-02,BEDOK,4 ROOM,707,BEDOK NTH RD,10 TO 12,91.00,New Generation,1980,53 years 09 months,560000,0.06079271,17820,2026,707 BEDOK NTH RD Singapore
223097,cdae04c7ad09a66fb1af5aa30a869e323badbafb663278b366891c595bb2a5f4,2026-09-05 04:25:26,2026-03,BEDOK,4 ROOM,180,BEDOK NTH RD,01 TO 03,92.00,Model A,2006,78 years 11 months,715000,0.06079271,17820,2026,180 BEDOK NTH RD Singapore
223098,f9a3863b373b377afeae7fb144b3fb748b78fa1450e631a6ae2a1f94e4a5d99e,2026-09-05 04:25:26,2026-03,BEDOK,4 ROOM,185,BEDOK NTH RD,01 TO 03,92.00,Model A,2005,78 years 11 months,708000,0.06079271,17820,2026,185 BEDOK NTH RD Singapore
223099,92c2de70f7475a4610ed0d55cf7ab2186ac03efef776a7443125bb85599815a5,2026-09-05 04:25:26,2026-03,BEDOK,4 ROOM,427,BEDOK NTH RD,01 TO 03,92.00,New Generation,1979,51 years 11 months,490000,0.06079271,17820,2026,427 BEDOK NTH RD Singapore
223100,10546706caebaaac3fc215af229f3eae97239af9e1390396eb1d146df5969d55,2026-09-05 04:25:26,2026-03,BEDOK,4 ROOM,82,BEDOK NTH RD,10 TO 12,92.00,New Generation,1978,51 years 04 months,560000,0.06079271,17820,2026,82 BEDOK NTH RD Singapore
223101,0d831fd490dc0bde75dfe07d3e11905c18278f1e0bf627a9aa6e93dca9a29cd5,2026-09-05 04:25:26,2026-03,BEDOK,4 ROOM,183,BEDOK NTH RD,16 TO 18,85.00,Model A,2005,78 years 09 months,785000,0.06079271,17820,2026,183 BEDOK NTH RD Singapore
223102,79f0357963d499a10ab9379e97ba0ad3d54a0685d1cb19fcec4e61262fd1cea7,2026-09-05 04:25:26,2026-03,BEDOK,4 ROOM,78,BEDOK NTH RD,10 TO 12,91.00,New Generation,1978,51 years 03 months,533000,0.06079271,17820,2026,78 BEDOK NTH RD Singapore
223103,dc91de0b7a8335f50e03f1cccce90627ee852e95dbe77fd7117c0277ba381026,2026-09-05 04:25:26,2026-03,BEDOK,4 ROOM,430A,BEDOK NTH RD,10 TO 12,94.00,Model A,2021,94 years 02 months,975000,0.06079271,17820,2026,430A BEDOK NTH RD Singapore
223104,7b75f051f663c782d0fb23f8ac56e9394c7d5834225dc3df69c7ab88015d9efc,2026-09-05 04:25:26,2026-03,BEDOK,4 ROOM,181,BEDOK NTH RD,01 TO 03,92.00,Model A,2006,78 years 10 months,638000,0.06079271,17820,2026,181 BEDOK NTH RD Singapore
223105,1443b5146a9b8c21443ebde495f6ebfb24960c362e5d926053fe78412d24ad5c,2026-09-05 04:25:26,2026-03,BEDOK,4 ROOM,421,BEDOK NTH RD,07 TO 09,92.00,New Generation,1979,51 years 10 months,545800,0.06079271,17820,2026,421 BEDOK NTH RD Singapore
223106,f2a069bc3cfbf23e65e590c619bc770d78ca138fb87bb7009e9ce5d524b3094b,2026-09-05 04:25:26,2026-04,BEDOK,4 ROOM,119,BEDOK NTH RD,01 TO 03,92.00,New Generation,1978,51 years,505000,0.06079271,17820,2026,119 BEDOK NTH RD Singapore
223107,d2771e7a4aa144a3a618ffc11bdb20423aa83206c82a77898f157351ef24ea2c,2026-09-05 04:25:26,2026-04,BEDOK,4 ROOM,82,BEDOK NTH RD,04 TO 06,92.00,New Generation,1978,51 years 03 months,500000,0.06079271,17820,2026,82 BEDOK NTH RD Singapore
223108,ef45d7d96d91053eaa9811b8975336e5293892e95c6bc3667b489c1781ed6499,2026-09-05 04:25:26,2026-04,BEDOK,4 ROOM,708,BEDOK NTH RD,04 TO 06,91.00,New Generation,1980,53 years 07 months,568000,0.06079271,17820,2026,708 BEDOK NTH RD Singapore
223109,1b3060f1436bad1af3877ea4d342d522ce212d66ff67939bac78416dfb2aca9c,2026-09-05 04:25:26,2026-05,BEDOK,4 ROOM,182,BEDOK NTH RD,01 TO 03,92.00,Model A,2006,78 years 10 months,720000,0.06079271,17820,2026,182 BEDOK NTH RD Singapore
223110,9074f8294a26a80612182f148c11066d1655572c859a81900af4dd5176032b8f,2026-09-05 04:25:26,2026-05,BEDOK,4 ROOM,428,BEDOK NTH RD,01 TO 03,92.00,New Generation,1979,51 years 09 months,510000,0.06079271,17820,2026,428 BEDOK NTH RD Singapore
223111,78caab2719871b556eb4b615909875f08560b1b96509b20c970cc6337f9017b8,2026-09-05 04:25:26,2026-05,BEDOK,4 ROOM,185,BEDOK NTH RD,10 TO 12,92.00,Model A,2005,78 years 08 months,780000,0.06079271,17820,2026,185 BEDOK NTH RD Singapore
223112,5166d4dcca54317900bfae067b97890b6c6ec1170a5137c7e632dcded2b542ab,2026-09-05 04:25:26,2026-05,BEDOK,4 ROOM,79,BEDOK NTH RD,07 TO 09,91.00,New Generation,1978,51 years 01 month,472000,0.06079271,17820,2026,79 BEDOK NTH RD Singapore
223113,db1ce7d63662e8a07a24fa47bc6b053b8d2c0e730ccbb1524a6c5411f875651a,2026-09-05 04:25:26,2026-05,BEDOK,4 ROOM,107,BEDOK NTH RD,10 TO 12,91.00,New Generation,1977,50 years 02 months,550000,0.06079271,17820,2026,107 BEDOK NTH RD Singapore
223114,a500fc0ee049c5dffa8f0b0b32313d9f96932accaed43f838bc060c197d74f97,2026-09-05 04:25:26,2026-05,BEDOK,4 ROOM,428,BEDOK NTH RD,07 TO 09,92.00,New Generation,1979,51 years 08 months,565000,0.06079271,17820,2026,428 BEDOK NTH RD Singapore
223115,f3d53955cd889193dce92700c4c6e56f74fc6210d980bf30a3378d30078f9edb,2026-09-05 04:25:26,2026-05,BEDOK,4 ROOM,430A,BEDOK NTH RD,04 TO 06,94.00,Model A,2021,94 years,900000,0.06079271,17820,2026,430A BEDOK NTH RD Singapore
223116,c8cb237257180cf61788bf5f478a2346e0f0155ebec5fc21f1e8ec05a2e82e08,2026-09-05 04:25:26,2026-06,BEDOK,4 ROOM,119,BEDOK NTH RD,07 TO 09,92.00,New Generation,1978,50 years 10 months,515000,0.06079271,17820,2026,119 BEDOK NTH RD Singapore
223117,5334435f95fc7f0abd761bb223900072019c06c7c5c47d9eac402e6242e26ff6,2026-09-05 04:25:26,2026-06,BEDOK,4 ROOM,181,BEDOK NTH RD,01 TO 03,92.00,Model A,2006,78 years 08 months,720000,0.06079271,17820,2026,181 BEDOK NTH RD Singapore
223118,0a18a7c5e4dc76b9bc6d6e18b46469e41cdea4db5088a9d565371873962bfb2f,2026-09-05 04:25:26,2026-06,BEDOK,4 ROOM,708,BEDOK NTH RD,10 TO 12,91.00,New Generation,1980,53 years 06 months,575000,0.06079271,17820,2026,708 BEDOK NTH RD Singapore
223119,39fd43f36220a7153ac0836b3cf4f2438583c7848d11a7502979fb455faf87d5,2026-09-05 04:25:26,2026-06,BEDOK,4 ROOM,121,BEDOK NTH RD,10 TO 12,92.00,New Generation,1978,50 years 09 months,628000,0.06079271,17820,2026,121 BEDOK NTH RD Singapore
223120,f529e4ae698787e5dd5790cab9c8ba1bd3b5a3b9b6f4f9b8b3efcd23d60b259b,2026-09-05 04:25:26,2026-06,BEDOK,4 ROOM,427,BEDOK NTH RD,10 TO 12,92.00,New Generation,1979,51 years 07 months,570000,0.06079271,17820,2026,427 BEDOK NTH RD Singapore
223121,d14882af6bc7aefa16d28f7054ed3d07a7bf3978f44cd22be93bb255f834546e,2026-09-05 04:25:26,2026-07,BEDOK,4 ROOM,108,BEDOK NTH RD,04 TO 06,91.00,New Generation,1977,50 years 01 month,600000,0.06079271,17820,2026,108 BEDOK NTH RD Singapore
223122,d0ca46c9a5ebe54a16dc3702f69e11d1e2a8a806c5b05ea310cba0df3a01197d,2026-09-05 04:25:26,2026-07,BEDOK,4 ROOM,707,BEDOK NTH RD,07 TO 09,91.00,New Generation,1980,53 years 05 months,565000,0.06079271,17820,2026,707 BEDOK NTH RD Singapore
223123,dd58a50bfb87f928c1aaa8165385bfe32ca35b811d33ea42abd089693d5dfd7f,2026-09-05 04:25:26,2026-07,BEDOK,4 ROOM,181,BEDOK NTH RD,04 TO 06,92.00,Model A,2006,78 years 07 months,735000,0.06079271,17820,2026,181 BEDOK NTH RD Singapore
223124,cc17808ba0fdb2e7bcf679e6d307b313e19034dc646af247c0fc9c5b951853c7,2026-09-05 04:25:26,2026-07,BEDOK,4 ROOM,430A,BEDOK NTH RD,13 TO 15,94.00,Model A,2021,93 years 11 months,950000,0.06079271,17820,2026,430A BEDOK NTH RD Singapore
223125,6c0f03b2501926864923e605add3c4ea36b3ff107bbce110d25a303d1a04b689,2026-09-05 04:25:26,2026-07,BEDOK,4 ROOM,431A,BEDOK NTH RD,01 TO 03,94.00,Model A,2021,93 years 11 months,870000,0.06079271,17820,2026,431A BEDOK NTH RD Singapore
223126,046696cab155df9ac056098b8ebfa3e3f7dbe7fa972ae71feecd9e08d36acfec,2026-09-05 04:25:26,2026-07,BEDOK,4 ROOM,431A,BEDOK NTH RD,07 TO 09,94.00,Model A,2021,93 years 11 months,930000,0.06079271,17820,2026,431A BEDOK NTH RD Singapore
223127,7aceafdbe5cabbc601a6ddaffb8ee7cccec3e3f35ad19f3c1ad30e1335f11883,2026-09-05 04:25:26,2026-07,BEDOK,4 ROOM,81,BEDOK NTH RD,01 TO 03,91.00,New Generation,1978,50 years 11 months,500000,0.06079271,17820,2026,81 BEDOK NTH RD Singapore
223128,eeb38f86de4aa9a0657df0a4e51e4a0017bd2bf110f09eeecfd705a625a9855f,2026-09-05 04:25:26,2026-07,BEDOK,4 ROOM,707,BEDOK NTH RD,10 TO 12,92.00,New Generation,1980,53 years 04 months,568000,0.06079271,17820,2026,707 BEDOK NTH RD Singapore
223129,9ffff9fee9384596e5ea738d29841aeb62e65d1caf87a94509206b964c525b05,2026-09-05 04:25:26,2026-07,BEDOK,4 ROOM,78,BEDOK NTH RD,13 TO 15,91.00,New Generation,1978,50 years 11 months,560000,0.06079271,17820,2026,78 BEDOK NTH RD Singapore
223130,4142ae88581f19eb30542de60d72e2a19bf3ec030f4b898c8fb71ab8e6912fe1,2026-09-05 04:25:26,2026-08,BEDOK,4 ROOM,181,BEDOK NTH RD,07 TO 09,92.00,Model A,2006,78 years 06 months,725000,0.06079271,17820,2026,181 BEDOK NTH RD Singapore
223131,eb0cd3ac9b2ae16d649dd565562f22a47dfdb8ea2624db22071e65d0707892fd,2026-09-05 04:25:26,2026-08,BEDOK,4 ROOM,185,BEDOK NTH RD,19 TO 21,92.00,Model A,2005,78 years 05 months,808000,0.06079271,17820,2026,185 BEDOK NTH RD Singapore
223132,bf9c65c9d1a41ecd35aabd43337b2de4458d500dab8b38f07b86fc90309d301a,2026-09-05 04:25:26,2026-08,BEDOK,4 ROOM,121,BEDOK NTH RD,01 TO 03,92.00,New Generation,1978,50 years 08 months,485000,0.06079271,17820,2026,121 BEDOK NTH RD Singapore
223133,e096e1cdf02ef1e94b4fd13b92f563799bd693b6d0a91a3e2146523d3322abb6,2026-09-05 04:25:26,2026-08,BEDOK,4 ROOM,431A,BEDOK NTH RD,13 TO 15,94.00,Model A,2021,93 years 10 months,988000,0.06079271,17820,2026,431A BEDOK NTH RD Singapore
223134,69bde1df26ef64713f9d11a46cbd8b301653c2fe4482f106f48e15e70361ae4d,2026-09-05 04:25:26,2026-08,BEDOK,4 ROOM,431A,BEDOK NTH RD,10 TO 12,94.00,Model A,2021,93 years 10 months,963888,0.06079271,17820,2026,431A BEDOK NTH RD Singapore
223135,7186c4b76f9e8f0aa85cd19dfaceb0bc681b4ffee177809f01bcf642cd5cf313,2026-09-05 04:25:26,2026-08,BEDOK,4 ROOM,182,BEDOK NTH RD,19 TO 21,92.00,Model A,2006,78 years 07 months,828888,0.06079271,17820,2026,182 BEDOK NTH RD Singapore
223136,3e294cc0a87876340f3a35ba0cf4e7b08e2c39e92f61b2e1b3ba1239c5140bb4,2026-09-05 04:25:26,2026-08,BEDOK,4 ROOM,422,BEDOK NTH RD,04 TO 06,92.00,New Generation,1979,51 years 06 months,590000,0.06079271,17820,2026,422 BEDOK NTH RD Singapore
223137,97485a4f06143ed67b84b0617c58ac15bb93bdc8e055786e6198b4c8f50c54b8,2026-09-05 04:25:26,2026-08,BEDOK,4 ROOM,183,BEDOK NTH RD,16 TO 18,92.00,Model A,2005,78 years 05 months,786000,0.06079271,17820,2026,183 BEDOK NTH RD Singapore
223138,3ab41f2810c36dd6e222b04e5801e10d8bb589b93f565195acfe03f6925be849,2026-09-05 04:25:26,2026-08,BEDOK,4 ROOM,185,BEDOK NTH RD,13 TO 15,92.00,Model A,2005,78 years 05 months,810000,0.06079271,17820,2026,185 BEDOK NTH RD Singapore
223139,90c4932f6e9b215bbc4b9d3e90af4d734cd6e4436f7bb469901c029e4f843219,2026-09-05 04:25:26,2026-08,BEDOK,4 ROOM,707,BEDOK NTH RD,10 TO 12,91.00,New Generation,1980,53 years 04 months,570000,0.06079271,17820,2026,707 BEDOK NTH RD Singapore
223140,546b6a5711b514b2dad0a577dfa154d0a8e001803344f168d4c2711577d9122b,2026-09-05 04:25:26,2026-08,BEDOK,4 ROOM,706,BEDOK NTH RD,04 TO 06,91.00,New Generation,1980,53 years 03 months,525000,0.06079271,17820,2026,706 BEDOK NTH RD Singapore
223141,5d202179dd26e40ba00ef50671ec8b69eb1fddfd4b56338b7df392955571aa49,2026-09-05 04:25:26,2026-08,BEDOK,4 ROOM,183,BEDOK NTH RD,07 TO 09,92.00,Model A,2005,78 years 04 months,790000,0.06079271,17820,2026,183 BEDOK NTH RD Singapore
223142,e7b6ad8b07bb8152786d5d7c9befc4f6ace8a358dfbb7ac551ae02367c2326d4,2026-09-05 04:25:26,2026-08,BEDOK,4 ROOM,185,BEDOK NTH RD,13 TO 15,92.00,Model A,2005,78 years 04 months,812000,0.06079271,17820,2026,185 BEDOK NTH RD Singapore
223143,40b233940c8a2d2b5a40971a9ee3298838dd1ceb90c9232f9cb817527b296ca3,2026-09-05 04:25:26,2026-07,BEDOK,4 ROOM,420,BEDOK NTH ST 1,04 TO 06,92.00,New Generation,1979,51 years 06 months,510000,0.06079271,17820,2026,420 BEDOK NTH ST 1 Singapore
223144,a6c615c2d22eec96b3f27e3ececc26aaad862320b6339c30b2a0cdaec65ecaba,2026-09-05 04:25:26,2026-01,BEDOK,4 ROOM,135,BEDOK NTH ST 2,07 TO 09,92.00,New Generation,1978,51 years 05 months,548000,0.06079271,17820,2026,135 BEDOK NTH ST 2 Singapore
223145,663764d9209d1a91a72639491cf351348c45631522f83ef4f05840b80eeed946,2026-09-05 04:25:26,2026-01,BEDOK,4 ROOM,129,BEDOK NTH ST 2,04 TO 06,83.00,New Generation,1978,51 years 05 months,510000,0.06079271,17820,2026,129 BEDOK NTH ST 2 Singapore
223146,2a73e13e5911a670817eb540e2ebe647fcf66ae5a58c8634b50a6a3c7581cecd,2026-09-05 04:25:26,2026-01,BEDOK,4 ROOM,127,BEDOK NTH ST 2,07 TO 09,83.00,New Generation,1978,51 years 05 months,518000,0.06079271,17820,2026,127 BEDOK NTH ST 2 Singapore
223147,6afc697639970db29c53d0aafe199f9551caa7ef886af322ec40b95f45a68960,2026-09-05 04:25:26,2026-02,BEDOK,4 ROOM,138,BEDOK NTH ST 2,04 TO 06,92.00,New Generation,1978,51 years 03 months,528000,0.06079271,17820,2026,138 BEDOK NTH ST 2 Singapore
223148,4b21d17ee7052722a5f7fd0c942801b7089ea646a0402fee51861a2ef03c54ae,2026-09-05 04:25:26,2026-03,BEDOK,4 ROOM,127,BEDOK NTH ST 2,10 TO 12,83.00,New Generation,1978,51 years 03 months,485000,0.06079271,17820,2026,127 BEDOK NTH ST 2 Singapore
223149,c6697cd2387ec8d102ddfac62370c07fa6d4a3e27d90bd8a594d50d58e8e7397,2026-09-05 04:25:26,2026-03,BEDOK,4 ROOM,132,BEDOK NTH ST 2,04 TO 06,92.00,New Generation,1978,51 years 01 month,550000,0.06079271,17820,2026,132 BEDOK NTH ST 2 Singapore
223150,ddcf38fd62ba78ca84c86593983e2d03bdb2500653828be7ab1b120cecfd40b9,2026-09-05 04:25:26,2026-08,BEDOK,4 ROOM,134,BEDOK NTH ST 2,07 TO 09,92.00,New Generation,1978,50 years 10 months,510000,0.06079271,17820,2026,134 BEDOK NTH ST 2 Singapore
223151,23826386579eb5466c5b105890a83119f1ea83465aabd13da6bc4f0989a1694c,2026-09-05 04:25:26,2026-08,BEDOK,4 ROOM,132,BEDOK NTH ST 2,07 TO 09,92.00,New Generation,1978,50 years 08 months,547000,0.06079271,17820,2026,132 BEDOK NTH ST 2 Singapore
223152,7b7f22a99a1183bb7dc70d637dbc45706bc7f3108938b4bc5a83d18d387480d9,2026-09-05 04:25:26,2026-09,BEDOK,4 ROOM,132,BEDOK NTH ST 2,04 TO 06,92.00,New Generation,1978,50 years 08 months,500000,0.06079271,17820,2026,132 BEDOK NTH ST 2 Singapore
223153,a5a18ff463927525b0c81a1da528d7e0213a5972c74d92740791f8fb2a3d4be5,2026-09-05 04:25:26,2026-01,BEDOK,4 ROOM,525,BEDOK NTH ST 3,07 TO 09,92.00,New Generation,1979,52 years 07 months,495000,0.06079271,17820,2026,525 BEDOK NTH ST 3 Singapore
223154,d3420af763152ab9dc5f7ccfc0bf16582a8dd953275983002d96450b8ab31e9b,2026-09-05 04:25:26,2026-01,BEDOK,4 ROOM,510,BEDOK NTH ST 3,04 TO 06,90.00,New Generation,1979,52 years 09 months,538000,0.06079271,17820,2026,510 BEDOK NTH ST 3 Singapore
223155,f855627aa71dd16d944da95d8e8ea599e904674213185d0ee1a9f555c6da075f,2026-09-05 04:25:26,2026-01,BEDOK,4 ROOM,530,BEDOK NTH ST 3,01 TO 03,92.00,New Generation,1979,52 years 08 months,515000,0.06079271,17820,2026,530 BEDOK NTH ST 3 Singapore
223156,1188ad70c47e7814692338f53127d45a5cc5b63c4c35247066189ca185d1df20,2026-09-05 04:25:26,2026-01,BEDOK,4 ROOM,510,BEDOK NTH ST 3,04 TO 06,90.00,New Generation,1979,52 years 09 months,525000,0.06079271,17820,2026,510 BEDOK NTH ST 3 Singapore
223157,3ede97d05aa12511cd51c6fb8d4367516c5fb1d3dcec81eb8522e7800cd7dca5,2026-09-05 04:25:26,2026-01,BEDOK,4 ROOM,547,BEDOK NTH ST 3,10 TO 12,95.00,New Generation,1980,53 years 04 months,500000,0.06079271,17820,2026,547 BEDOK NTH ST 3 Singapore
223158,4cdeccbd4edf14dfd1930a7fa537c30e03d84963afe1188de15b76ef78edac1b,2026-09-05 04:25:26,2026-03,BEDOK,4 ROOM,547,BEDOK NTH ST 3,10 TO 12,92.00,New Generation,1980,53 years 02 months,525000,0.06079271,17820,2026,547 BEDOK NTH ST 3 Singapore
223159,ab98d768b34ab41d7eb833533d123035a373b4c6ecdb8df3976113fb7265b7ac,2026-09-05 04:25:26,2026-04,BEDOK,4 ROOM,547,BEDOK NTH ST 3,10 TO 12,92.00,New Generation,1980,53 years 01 month,540088,0.06079271,17820,2026,547 BEDOK NTH ST 3 Singapore
223160,364e0cb432d38f95983a18d13d3144e5315d436daa3b0e46a2a3c2bf513fe698,2026-09-05 04:25:26,2026-05,BEDOK,4 ROOM,546,BEDOK NTH ST 3,01 TO 03,93.00,New Generation,1980,53 years,510000,0.06079271,17820,2026,546 BEDOK NTH ST 3 Singapore
223161,a9418d3c5a4bae0a65127f49a0cc2f25d5e1d834f5da62987f3cf6753eeab3bb,2026-09-05 04:25:26,2026-06,BEDOK,4 ROOM,543,BEDOK NTH ST 3,07 TO 09,95.00,New Generation,1980,53 years 01 month,535000,0.06079271,17820,2026,543 BEDOK NTH ST 3 Singapore
223162,d2f8008f5521dcf117448a529c28da39fcc1539679b4c469671384d47596403a,2026-09-05 04:25:26,2026-06,BEDOK,4 ROOM,543,BEDOK NTH ST 3,07 TO 09,92.00,New Generation,1980,53 years 01 month,538000,0.06079271,17820,2026,543 BEDOK NTH ST 3 Singapore
223163,a4ca882d1a968b682bd7767148024945d4022006dba977a30020d398f385a795,2026-09-05 04:25:26,2026-06,BEDOK,4 ROOM,542,BEDOK NTH ST 3,01 TO 03,93.00,New Generation,1985,58 years 04 months,495000,0.06079271,17820,2026,542 BEDOK NTH ST 3 Singapore
223164,d121a0865f15d8d58fa54d4c835691f12ae74b7b62594919c019c17b61d90bc5,2026-09-05 04:25:26,2026-07,BEDOK,4 ROOM,524,BEDOK NTH ST 3,10 TO 12,92.00,New Generation,1979,52 years 01 month,530000,0.06079271,17820,2026,524 BEDOK NTH ST 3 Singapore
223165,2882d410f7fca016a0f1deff507c9eebaf20af0115d67296f98f513cab2c742b,2026-09-05 04:25:26,2026-07,BEDOK,4 ROOM,547,BEDOK NTH ST 3,07 TO 09,92.00,New Generation,1980,52 years 10 months,525000,0.06079271,17820,2026,547 BEDOK NTH ST 3 Singapore
223166,49c8d5766a68d48e9e07e6a39d4b4f6256bb5c00c53eb9fb061b50cb32bef2d6,2026-09-05 04:25:26,2026-07,BEDOK,4 ROOM,523,BEDOK NTH ST 3,04 TO 06,92.00,New Generation,1979,52 years,455000,0.06079271,17820,2026,523 BEDOK NTH ST 3 Singapore
223167,0f36a0343f89907ff91992b8497a4ed21e15aade2e9c7f10cf0d1bcdf136d524,2026-09-05 04:25:26,2026-08,BEDOK,4 ROOM,543,BEDOK NTH ST 3,01 TO 03,92.00,New Generation,1980,52 years 11 months,512388,0.06079271,17820,2026,543 BEDOK NTH ST 3 Singapore
223168,47b85b1a567f223feb0a039f18703f2a4c1724bc74a76d5c1a3a9bbca9d5d76d,2026-09-05 04:25:26,2026-09,BEDOK,4 ROOM,547,BEDOK NTH ST 3,10 TO 12,92.00,New Generation,1980,52 years 09 months,510000,0.06079271,17820,2026,547 BEDOK NTH ST 3 Singapore
223169,9ea1763c57e648a722c82f63507c685984ebd3dcc07a31a4c0ff133b15d0e4af,2026-09-05 04:25:26,2026-09,BEDOK,4 ROOM,523,BEDOK NTH ST 3,10 TO 12,92.00,New Generation,1979,51 years 11 months,490000,0.06079271,17820,2026,523 BEDOK NTH ST 3 Singapore
223170,942d1745e5960d20340cb6dfd0f5dfee498329dc7895b66f895410f9f14a62c8,2026-09-05 04:25:26,2026-09,BEDOK,4 ROOM,547,BEDOK NTH ST 3,10 TO 12,92.00,New Generation,1980,52 years 09 months,525000,0.06079271,17820,2026,547 BEDOK NTH ST 3 Singapore
223171,c67b5340707eada86c50d056af80cdcdbedee45554975468a6e759cb17191480,2026-09-05 04:25:26,2026-01,BEDOK,4 ROOM,187A,BEDOK NTH ST 4,13 TO 15,93.00,Model A,2018,92 years,888000,0.06079271,17820,2026,187A BEDOK NTH ST 4 Singapore
223172,449a56b526967c098e19d0f67e63fd19837b9eddb2e9ad4f9d705f42d1c12046,2026-09-05 04:25:26,2026-01,BEDOK,4 ROOM,187B,BEDOK NTH ST 4,04 TO 06,93.00,Model A,2018,92 years,780000,0.06079271,17820,2026,187B BEDOK NTH ST 4 Singapore
223173,fcbba94b2b2d01cf5b7addb57c421b5c845b37e116ef302076f01e6412932c54,2026-09-05 04:25:26,2026-01,BEDOK,4 ROOM,188C,BEDOK NTH ST 4,10 TO 12,93.00,Model A,2020,93 years 01 month,845000,0.06079271,17820,2026,188C BEDOK NTH ST 4 Singapore
223174,15cd9c032b703bc18e72878ed95bc7e50fa5fa14293100895d91994307e2e20c,2026-09-05 04:25:26,2026-01,BEDOK,4 ROOM,187B,BEDOK NTH ST 4,01 TO 03,93.00,Model A,2018,92 years,760000,0.06079271,17820,2026,187B BEDOK NTH ST 4 Singapore
223175,d3980b839c51909af7aacf7145654ea8080e265e8a5877d10097eb72184f4d3b,2026-09-05 04:25:26,2026-02,BEDOK,4 ROOM,187B,BEDOK NTH ST 4,16 TO 18,93.00,Model A,2018,91 years 11 months,875000,0.06079271,17820,2026,187B BEDOK NTH ST 4 Singapore
223176,4d6decbc21ba3e6bea61bdb5f051ed8cc066523a2dfc82eaea7caa11ee1f019d,2026-09-05 04:25:26,2026-02,BEDOK,4 ROOM,187B,BEDOK NTH ST 4,13 TO 15,93.00,Model A,2018,91 years 11 months,870000,0.06079271,17820,2026,187B BEDOK NTH ST 4 Singapore
223177,676db8a203c24d026d07fde65e42669577edd3475500be77ca03815f1e5e172e,2026-09-05 04:25:26,2026-02,BEDOK,4 ROOM,186A,BEDOK NTH ST 4,19 TO 21,93.00,Model A,2018,91 years 11 months,899888,0.06079271,17820,2026,186A BEDOK NTH ST 4 Singapore
223178,a4210f21a68d983ef998b8c61e0e6712351701e8cf53c3347e4d05037d92be0c,2026-09-05 04:25:26,2026-02,BEDOK,4 ROOM,186A,BEDOK NTH ST 4,07 TO 09,93.00,Model A,2018,91 years 10 months,853000,0.06079271,17820,2026,186A BEDOK NTH ST 4 Singapore
223179,2cd6d53b15e19580947369e4cbfdb0f3fb7ddcb89cbf8335d080dd34bde98356,2026-09-05 04:25:26,2026-03,BEDOK,4 ROOM,187B,BEDOK NTH ST 4,07 TO 09,93.00,Model A,2018,91 years 10 months,833000,0.06079271,17820,2026,187B BEDOK NTH ST 4 Singapore
223180,d81b29dd5c60936df7c362efd6133806f7c02c2f300c59ad84d38ee137ba3c07,2026-09-05 04:25:26,2026-03,BEDOK,4 ROOM,187A,BEDOK NTH ST 4,16 TO 18,93.00,Model A,2018,91 years 10 months,870000,0.06079271,17820,2026,187A BEDOK NTH ST 4 Singapore
223181,1f078d712352bb9c56966253d112ae0d55b8d23f25dc957a6be2470e642558fd,2026-09-05 04:25:26,2026-03,BEDOK,4 ROOM,188A,BEDOK NTH ST 4,07 TO 09,93.00,Model A,2018,91 years 09 months,842000,0.06079271,17820,2026,188A BEDOK NTH ST 4 Singapore
223182,c636b8ac9152e53397203547d16982dcb2b02be16b22d9ab2c85a868c0274293,2026-09-05 04:25:26,2026-03,BEDOK,4 ROOM,186A,BEDOK NTH ST 4,13 TO 15,93.00,Model A,2018,91 years 09 months,850000,0.06079271,17820,2026,186A BEDOK NTH ST 4 Singapore
223183,e2249536afad0acfed0114b34f78805deac55c5dcf80b62192d95bb9cbcc1acf,2026-09-05 04:25:26,2026-04,BEDOK,4 ROOM,188B,BEDOK NTH ST 4,07 TO 09,93.00,Model A,2018,91 years 09 months,850000,0.06079271,17820,2026,188B BEDOK NTH ST 4 Singapore
223184,c4fee2c060fba3299c86ed3950487d1bad18fce769dd0d9cb5970aa5e6054575,2026-09-05 04:25:26,2026-04,BEDOK,4 ROOM,188C,BEDOK NTH ST 4,10 TO 12,93.00,Model A,2020,92 years 10 months,860888,0.06079271,17820,2026,188C BEDOK NTH ST 4 Singapore
223185,7cb163f32433ee7ff1b2127d64a204eabb8cef1d96206ca4063f9f9ea2115d44,2026-09-05 04:25:26,2026-04,BEDOK,4 ROOM,188A,BEDOK NTH ST 4,13 TO 15,93.00,Model A,2018,91 years 09 months,800000,0.06079271,17820,2026,188A BEDOK NTH ST 4 Singapore
223186,6cb1079dc8edaa38b5bb33007b0d9273e309e6e810ec408ca39640dc7ee022b4,2026-09-05 04:25:26,2026-04,BEDOK,4 ROOM,187A,BEDOK NTH ST 4,07 TO 09,93.00,Model A,2018,91 years 09 months,838888,0.06079271,17820,2026,187A BEDOK NTH ST 4 Singapore
223187,88ef57753cc8be3495b791e3bb2822969199490bb6296aacad8ff720458ecf33,2026-09-05 04:25:26,2026-04,BEDOK,4 ROOM,187A,BEDOK NTH ST 4,10 TO 12,93.00,Model A,2018,91 years 08 months,860000,0.06079271,17820,2026,187A BEDOK NTH ST 4 Singapore
223188,363a8ad2af06952f2840e931e7375d6a2c053b815c120912f760067f43161d37,2026-09-05 04:25:26,2026-06,BEDOK,4 ROOM,188D,BEDOK NTH ST 4,16 TO 18,93.00,Model A,2020,92 years 07 months,885000,0.06079271,17820,2026,188D BEDOK NTH ST 4 Singapore
223189,b8c9cbf84040eaf022dc86c5b2c45e02612d27e7fa020b3c49126b0b25858df7,2026-09-05 04:25:26,2026-07,BEDOK,4 ROOM,188A,BEDOK NTH ST 4,13 TO 15,93.00,Model A,2018,91 years 06 months,860000,0.06079271,17820,2026,188A BEDOK NTH ST 4 Singapore
223190,0a1cc3d9ef30c54e69f3d800e124fa0fea80d16fdc72c5f5a8e72b448079ea9b,2026-09-05 04:25:26,2026-07,BEDOK,4 ROOM,187A,BEDOK NTH ST 4,04 TO 06,93.00,Model A,2018,91 years 05 months,838888,0.06079271,17820,2026,187A BEDOK NTH ST 4 Singapore
223191,e399affa8a72a8e2231368f5819fd88631a9a8b1b963c853fd003846aba15e57,2026-09-05 04:25:26,2026-07,BEDOK,4 ROOM,186A,BEDOK NTH ST 4,10 TO 12,93.00,Model A,2018,91 years 05 months,860000,0.06079271,17820,2026,186A BEDOK NTH ST 4 Singapore
223192,55cc4f6d0be86c4674244cab060fbba787b961abd29c1c07ad9167968afe81f5,2026-09-05 04:25:26,2026-08,BEDOK,4 ROOM,187A,BEDOK NTH ST 4,10 TO 12,93.00,Model A,2018,91 years 05 months,832888,0.06079271,17820,2026,187A BEDOK NTH ST 4 Singapore
223193,9b144c82e108edca62658ef3362f181d274799f9412a22a73e5a309e034cafe3,2026-09-05 04:25:26,2026-08,BEDOK,4 ROOM,187A,BEDOK NTH ST 4,01 TO 03,93.00,Model A,2018,91 years 04 months,750000,0.06079271,17820,2026,187A BEDOK NTH ST 4 Singapore
223194,4ee453f4a6be94d2854d381a23d0146464ad06fa6f49647d94d609849939a5df,2026-09-05 04:25:26,2026-08,BEDOK,4 ROOM,187A,BEDOK NTH ST 4,07 TO 09,93.00,Model A,2018,91 years 04 months,850000,0.06079271,17820,2026,187A BEDOK NTH ST 4 Singapore
223195,e5d531ba7267734c020fba0d24a0abb1b229ced641d53a82f7cf4228afe2f975,2026-09-05 04:25:26,2026-01,BEDOK,4 ROOM,748C,BEDOK RESERVOIR CRES,01 TO 03,87.00,DBSS,2014,87 years 08 months,800000,0.06079271,17820,2026,748C BEDOK RESERVOIR CRES Singapore
223196,bab9356f00c79f6a7b4ef864e9438a6ba716f1912f2f97e4445bd640957fd43c,2026-09-05 04:25:26,2026-01,BEDOK,4 ROOM,748B,BEDOK RESERVOIR CRES,01 TO 03,87.00,DBSS,2014,87 years 08 months,819000,0.06079271,17820,2026,748B BEDOK RESERVOIR CRES Singapore
223197,a63ede55724744930cc9adb6a2b7f685881055d283dd374bacc87961df7759c0,2026-09-05 04:25:26,2026-02,BEDOK,4 ROOM,748B,BEDOK RESERVOIR CRES,13 TO 15,87.00,DBSS,2014,87 years 07 months,978888,0.06079271,17820,2026,748B BEDOK RESERVOIR CRES Singapore
223198,40c830808340851aede7d447747fa840659d58d8c169f649f820c5c474065d11,2026-09-05 04:25:26,2026-04,BEDOK,4 ROOM,748C,BEDOK RESERVOIR CRES,13 TO 15,87.00,DBSS,2014,87 years 06 months,860000,0.06079271,17820,2026,748C BEDOK RESERVOIR CRES Singapore
223199,b9d1e7848a57ccdb33e13a6bbb58e5f7e18b9b6a2e3e790e91218ec1fedc9605,2026-09-05 04:25:26,2026-06,BEDOK,4 ROOM,747C,BEDOK RESERVOIR CRES,13 TO 15,87.00,DBSS,2014,87 years 04 months,898000,0.06079271,17820,2026,747C BEDOK RESERVOIR CRES Singapore
223200,5f0daa2f8a950c8bdf74a854e038cdef84bae29dffe555bdf08e56f8cb87efd5,2026-09-05 04:25:26,2026-06,BEDOK,4 ROOM,748A,BEDOK RESERVOIR CRES,13 TO 15,87.00,DBSS,2014,87 years 04 months,972888,0.06079271,17820,2026,748A BEDOK RESERVOIR CRES Singapore
223201,f1968ecf6e47347aed4db8bab4a80b5bfbe3ccfed9ca36aaed7cdd213af773af,2026-09-05 04:25:26,2026-08,BEDOK,4 ROOM,747B,BEDOK RESERVOIR CRES,07 TO 09,86.00,DBSS,2014,87 years 02 months,940000,0.06079271,17820,2026,747B BEDOK RESERVOIR CRES Singapore
223202,c2fd582a70c3565d04bb6fd8e00444018fabcbb627bdd8e825c5f765e0614701,2026-09-05 04:25:26,2026-01,BEDOK,4 ROOM,110,BEDOK RESERVOIR RD,04 TO 06,91.00,New Generation,1985,58 years 07 months,560000,0.06079271,17820,2026,110 BEDOK RESERVOIR RD Singapore
223203,b10a83badac88baeb2b6f4d9b664b3c7658ef478af221004960dea1e24bcf6b6,2026-09-05 04:25:26,2026-01,BEDOK,4 ROOM,626,BEDOK RESERVOIR RD,07 TO 09,92.00,New Generation,1981,54 years 03 months,565000,0.06079271,17820,2026,626 BEDOK RESERVOIR RD Singapore
223204,108c936f68647516fb8eddc4c4fae1e41b3324bd0e4c111b59d85329af1e0e2f,2026-09-05 04:25:26,2026-01,BEDOK,4 ROOM,718,BEDOK RESERVOIR RD,04 TO 06,104.00,Model A,1984,57 years 01 month,560000,0.06079271,17820,2026,718 BEDOK RESERVOIR RD Singapore
223205,94a4f67d2471f1a712a2cdbd07ce8feb52eda3177dc68a7f781e39b1cc5d6d7f,2026-09-05 04:25:26,2026-01,BEDOK,4 ROOM,113,BEDOK RESERVOIR RD,04 TO 06,96.00,New Generation,1985,58 years 06 months,585000,0.06079271,17820,2026,113 BEDOK RESERVOIR RD Singapore
223206,0489431cf66157fc021c566eeba1ed2e60f4fca012c47661b5b0a96176ff99ad,2026-09-05 04:25:26,2026-01,BEDOK,4 ROOM,147,BEDOK RESERVOIR RD,07 TO 09,84.00,Simplified,1987,60 years 02 months,538000,0.06079271,17820,2026,147 BEDOK RESERVOIR RD Singapore
223207,9904f076d925339476f0c078fc9e6098b52ff7d4a9d08164ee45200ebbc2d52b,2026-09-05 04:25:26,2026-01,BEDOK,4 ROOM,103,BEDOK RESERVOIR RD,10 TO 12,96.00,New Generation,1985,58 years 06 months,608000,0.06079271,17820,2026,103 BEDOK RESERVOIR RD Singapore
223208,118766472e51decd831297101c165331362947c30b1b37c2c788136bed63eb64,2026-09-05 04:25:26,2026-01,BEDOK,4 ROOM,623,BEDOK RESERVOIR RD,04 TO 06,91.00,New Generation,1981,54 years 02 months,578000,0.06079271,17820,2026,623 BEDOK RESERVOIR RD Singapore
223209,cfd500b68673c23a5906eba7072ced51195c999aac1be138de10bf0c230c0c9d,2026-09-05 04:25:26,2026-01,BEDOK,4 ROOM,108,BEDOK RESERVOIR RD,10 TO 12,93.00,New Generation,1985,58 years 07 months,578000,0.06079271,17820,2026,108 BEDOK RESERVOIR RD Singapore
223210,0846c95cfae9ac713a59f2dde4d711a3063c21bd2b3d57e8c29e544943f431fc,2026-09-05 04:25:26,2026-01,BEDOK,4 ROOM,613B,BEDOK RESERVOIR RD,07 TO 09,102.00,Model A,1998,71 years 01 month,770000,0.06079271,17820,2026,613B BEDOK RESERVOIR RD Singapore
223211,7344e7da1d2dc61c8d661d497fa84e4dff0222412271bc213c9a6b68420bbbcb,2026-09-05 04:25:26,2026-02,BEDOK,4 ROOM,713,BEDOK RESERVOIR RD,01 TO 03,93.00,New Generation,1981,54 years 05 months,545000,0.06079271,17820,2026,713 BEDOK RESERVOIR RD Singapore
223212,2467989fbcd170921c324b8c12f133213ecaba18999269cff1163bf7e9ac9bee,2026-09-05 04:25:26,2026-02,BEDOK,4 ROOM,110,BEDOK RESERVOIR RD,04 TO 06,92.00,New Generation,1985,58 years 05 months,550000,0.06079271,17820,2026,110 BEDOK RESERVOIR RD Singapore
223213,4ee43eca89c33cdacfa71f8f910dc44bf6d1839244776f2b49ae8076ab897dde,2026-09-05 04:25:26,2026-02,BEDOK,4 ROOM,139,BEDOK RESERVOIR RD,07 TO 09,84.00,Simplified,1988,61 years 02 months,600000,0.06079271,17820,2026,139 BEDOK RESERVOIR RD Singapore
223214,abf235a93f3e3d048c7a34f7c304accdc07c810556d67904918a1807a602feb8,2026-09-05 04:25:26,2026-02,BEDOK,4 ROOM,718,BEDOK RESERVOIR RD,10 TO 12,104.00,Model A,1984,56 years 11 months,575000,0.06079271,17820,2026,718 BEDOK RESERVOIR RD Singapore
223215,daa1f79d7ddc9598f4a421c6e358f14f1701b55c588e860a6cdc85b99ee65192,2026-09-05 04:25:26,2026-03,BEDOK,4 ROOM,110,BEDOK RESERVOIR RD,10 TO 12,93.00,New Generation,1985,58 years 05 months,565888,0.06079271,17820,2026,110 BEDOK RESERVOIR RD Singapore
223216,129b0400b5a19b0d54cbdff963be68d37ff5338cd6459a6dc31002a5ff5cff72,2026-09-05 04:25:26,2026-03,BEDOK,4 ROOM,724,BEDOK RESERVOIR RD,13 TO 15,103.00,Model A,1984,57 years 04 months,610000,0.06079271,17820,2026,724 BEDOK RESERVOIR RD Singapore
223217,8e24cce3d83befe8e1c2e6cf519c571ad07f1ef5d7930f4faa26bc2da6b1e091,2026-09-05 04:25:26,2026-03,BEDOK,4 ROOM,120,BEDOK RESERVOIR RD,04 TO 06,91.00,New Generation,1985,58 years 06 months,555000,0.06079271,17820,2026,120 BEDOK RESERVOIR RD Singapore
223218,767f4ce729ebd794b04b909dee38362efcff02fb37374bec996b81c5c962b22e,2026-09-05 04:25:26,2026-04,BEDOK,4 ROOM,621,BEDOK RESERVOIR RD,10 TO 12,98.00,New Generation,1983,55 years 10 months,588000,0.06079271,17820,2026,621 BEDOK RESERVOIR RD Singapore
223219,6c2397b3c72fbfc3cfc50848c082c2b062df4d9dce073e722e8854f54d252ca2,2026-09-05 04:25:26,2026-04,BEDOK,4 ROOM,724,BEDOK RESERVOIR RD,04 TO 06,105.00,Model A,1984,57 years 04 months,570000,0.06079271,17820,2026,724 BEDOK RESERVOIR RD Singapore
223220,28f0fd18410b697457df5045e66dd4989d6c8385cb2b9c49695a119f7c696285,2026-09-05 04:25:26,2026-04,BEDOK,4 ROOM,601,BEDOK RESERVOIR RD,10 TO 12,98.00,New Generation,1982,55 years 02 months,550000,0.06079271,17820,2026,601 BEDOK RESERVOIR RD Singapore
223221,50b7ac9a02d9aa0c114da4f4eb59ecc387e65310e0cad71d5f15329bb4b37fbe,2026-09-05 04:25:26,2026-04,BEDOK,4 ROOM,628,BEDOK RESERVOIR RD,04 TO 06,95.00,New Generation,1983,55 years 10 months,545000,0.06079271,17820,2026,628 BEDOK RESERVOIR RD Singapore
223222,2c48d976b0d8b93752fd125717ad41f9d46d0df1cffebe0e0f183708bbddebda,2026-09-05 04:25:26,2026-04,BEDOK,4 ROOM,703,BEDOK RESERVOIR RD,04 TO 06,93.00,New Generation,1980,53 years 08 months,518888,0.06079271,17820,2026,703 BEDOK RESERVOIR RD Singapore
223223,9829e19377c2513f6e372e6d45094d2beeef5dee0de3665c97aca9173f189049,2026-09-05 04:25:26,2026-04,BEDOK,4 ROOM,146,BEDOK RESERVOIR RD,10 TO 12,84.00,Simplified,1986,59 years 09 months,545000,0.06079271,17820,2026,146 BEDOK RESERVOIR RD Singapore
223224,69afc0ea3535836b33f55cdd7c6d9f5f59a2687ee861bddd8bd5774020dd508b,2026-09-05 04:25:26,2026-04,BEDOK,4 ROOM,124,BEDOK RESERVOIR RD,07 TO 09,84.00,Simplified,1987,60 years 01 month,550000,0.06079271,17820,2026,124 BEDOK RESERVOIR RD Singapore
223225,e3b52752651518ccf96d8b94be823a93eca73cb5060248fce3ed2476fb23283a,2026-09-05 04:25:26,2026-04,BEDOK,4 ROOM,724,BEDOK RESERVOIR RD,04 TO 06,105.00,Model A,1984,57 years 04 months,615000,0.06079271,17820,2026,724 BEDOK RESERVOIR RD Singapore
223226,60ee567140f35e786c73bd00eb119639cb5728f115228ee3a35d401ab993ab89,2026-09-05 04:25:26,2026-04,BEDOK,4 ROOM,122,BEDOK RESERVOIR RD,04 TO 06,103.00,Model A,1987,60 years 02 months,520000,0.06079271,17820,2026,122 BEDOK RESERVOIR RD Singapore
223227,ac5b2d8957b71ca2afcd653b68019c099cb5501d6e483471c4e88c62ae71a627,2026-09-05 04:25:26,2026-04,BEDOK,4 ROOM,146,BEDOK RESERVOIR RD,04 TO 06,84.00,Simplified,1986,59 years 08 months,545000,0.06079271,17820,2026,146 BEDOK RESERVOIR RD Singapore
223228,7485501a07fde24e7324e1c4e5975c4278f9c0254515c190763453ff65f48ff5,2026-09-05 04:25:26,2026-04,BEDOK,4 ROOM,627,BEDOK RESERVOIR RD,04 TO 06,91.00,New Generation,1981,53 years 11 months,495000,0.06079271,17820,2026,627 BEDOK RESERVOIR RD Singapore
223229,5d606a353d65e3e49c8977110e30f3837ef1aa85f4e584f49f4ad0e3e585d716,2026-09-05 04:25:26,2026-04,BEDOK,4 ROOM,627,BEDOK RESERVOIR RD,01 TO 03,91.00,New Generation,1981,53 years 11 months,570000,0.06079271,17820,2026,627 BEDOK RESERVOIR RD Singapore
223230,ea1ef25d84e9b3d202f55bd4e58049fa486ab352b0cb48ca02c5cc4a0ff70b48,2026-09-05 04:25:26,2026-05,BEDOK,4 ROOM,148,BEDOK RESERVOIR RD,13 TO 15,84.00,Simplified,1987,59 years 11 months,585000,0.06079271,17820,2026,148 BEDOK RESERVOIR RD Singapore
223231,27c1f22e416f05fccdddbc6c706aec44559342418bf1da520b3ccef0dbf6641b,2026-09-05 04:25:26,2026-05,BEDOK,4 ROOM,116,BEDOK RESERVOIR RD,07 TO 09,93.00,New Generation,1986,58 years 11 months,580000,0.06079271,17820,2026,116 BEDOK RESERVOIR RD Singapore
223232,f6a74a8165317ae12bec39b9b44bad16910a5388aaabf74a3eb71ca260ea666e,2026-09-05 04:25:26,2026-05,BEDOK,4 ROOM,149,BEDOK RESERVOIR RD,10 TO 12,84.00,Simplified,1987,60 years,565000,0.06079271,17820,2026,149 BEDOK RESERVOIR RD Singapore
223233,b66b28072e09b092681ceff2dd665dc31b1c0c37900ed8266782f25d52af727e,2026-09-05 04:25:26,2026-05,BEDOK,4 ROOM,627,BEDOK RESERVOIR RD,04 TO 06,91.00,New Generation,1981,53 years 10 months,508000,0.06079271,17820,2026,627 BEDOK RESERVOIR RD Singapore
223234,a229acdbbceed10cc93bb3c575d65f51651eae8c2e75116caeb908fa117431cb,2026-09-05 04:25:26,2026-05,BEDOK,4 ROOM,148,BEDOK RESERVOIR RD,04 TO 06,84.00,Simplified,1987,59 years 10 months,595000,0.06079271,17820,2026,148 BEDOK RESERVOIR RD Singapore
223235,e3a58f0bdd93f4c33fce321f3e6ffea84141bafd27861a25945294a502aa6bb5,2026-09-05 04:25:26,2026-05,BEDOK,4 ROOM,615,BEDOK RESERVOIR RD,07 TO 09,93.00,New Generation,1981,53 years 11 months,573000,0.06079271,17820,2026,615 BEDOK RESERVOIR RD Singapore
223236,b1fa64b89b4872955eb8f9b2fa8b85b924a4a36c39c2ff287014f0930bbaed43,2026-09-05 04:25:26,2026-06,BEDOK,4 ROOM,122,BEDOK RESERVOIR RD,10 TO 12,103.00,Model A,1987,60 years 01 month,600000,0.06079271,17820,2026,122 BEDOK RESERVOIR RD Singapore
223237,9eb5cea5dfd822660a5a21a6957414dd62d088ead4ce78ed383094af0172a291,2026-09-05 04:25:26,2026-06,BEDOK,4 ROOM,613B,BEDOK RESERVOIR RD,10 TO 12,101.00,Model A,1998,70 years 09 months,635000,0.06079271,17820,2026,613B BEDOK RESERVOIR RD Singapore
223238,92c7d9564fb08a3b8e811a17f08fd0c4b446b2e06500d788180c9a1237c09645,2026-09-05 04:25:26,2026-06,BEDOK,4 ROOM,107,BEDOK RESERVOIR RD,07 TO 09,93.00,New Generation,1985,58 years 03 months,560000,0.06079271,17820,2026,107 BEDOK RESERVOIR RD Singapore
223239,d7fa5d48c767aa96c2711f4c31e81adedf1608aa255bb11af578b56adb48a779,2026-09-05 04:25:26,2026-06,BEDOK,4 ROOM,609,BEDOK RESERVOIR RD,04 TO 06,91.00,New Generation,1982,55 years 02 months,530000,0.06079271,17820,2026,609 BEDOK RESERVOIR RD Singapore
223240,ca19aecef12764dc9b16e9d13430de694415b5ea1ee3de60075bd6853e47dc3d,2026-09-05 04:25:26,2026-06,BEDOK,4 ROOM,718,BEDOK RESERVOIR RD,10 TO 12,104.00,Model A,1984,56 years 08 months,585000,0.06079271,17820,2026,718 BEDOK RESERVOIR RD Singapore
223241,6d992431294e4260a8053ce312adedc715abfc19d8bd05bf70b37e7448139df3,2026-09-05 04:25:26,2026-06,BEDOK,4 ROOM,113,BEDOK RESERVOIR RD,01 TO 03,96.00,New Generation,1985,58 years 01 month,555000,0.06079271,17820,2026,113 BEDOK RESERVOIR RD Singapore
223242,ed7e2b4cb8ea9492ed755906c3c1aad6aaa223bc20a84e3aafbf5eb5bbb5effd,2026-09-05 04:25:26,2026-06,BEDOK,4 ROOM,149,BEDOK RESERVOIR RD,13 TO 15,84.00,Simplified,1987,60 years,565000,0.06079271,17820,2026,149 BEDOK RESERVOIR RD Singapore
223243,b4c4d56274c557ba37fca7d46cf69dd3d2a96a0c7ad577fbda9935014ad5d559,2026-09-05 04:25:26,2026-07,BEDOK,4 ROOM,723,BEDOK RESERVOIR RD,04 TO 06,111.00,Model A,1984,57 years 02 months,630000,0.06079271,17820,2026,723 BEDOK RESERVOIR RD Singapore
223244,c0f996320590c4396be769c80a0e23f7e64c3878254e091a7cb88d9604614006,2026-09-05 04:25:26,2026-07,BEDOK,4 ROOM,103,BEDOK RESERVOIR RD,04 TO 06,91.00,New Generation,1985,58 years,578000,0.06079271,17820,2026,103 BEDOK RESERVOIR RD Singapore
223245,5a4f521284bf5a62aac9baac4bc08e58171ce038bcb45a12cc0b47abbd160f09,2026-09-05 04:25:26,2026-07,BEDOK,4 ROOM,718,BEDOK RESERVOIR RD,04 TO 06,104.00,Model A,1984,56 years 07 months,570000,0.06079271,17820,2026,718 BEDOK RESERVOIR RD Singapore
223246,11deafda01602e7a19adc273acfa6b3339e73828ef55f425228920532f412633,2026-09-05 04:25:26,2026-07,BEDOK,4 ROOM,120,BEDOK RESERVOIR RD,04 TO 06,104.00,New Generation,1985,58 years 03 months,600000,0.06079271,17820,2026,120 BEDOK RESERVOIR RD Singapore
223247,09a6d49fefd1e113680ce49c6207c7bbe51190d40b96d25390e73243bf3747b8,2026-09-05 04:25:26,2026-07,BEDOK,4 ROOM,125,BEDOK RESERVOIR RD,10 TO 12,84.00,Simplified,1987,60 years 01 month,580000,0.06079271,17820,2026,125 BEDOK RESERVOIR RD Singapore
223248,34c0c20dd485be24362ddd59589179f3e6778813c2f5d58d8c6843e237371b6c,2026-09-05 04:25:26,2026-07,BEDOK,4 ROOM,107,BEDOK RESERVOIR RD,01 TO 03,91.00,New Generation,1985,58 years 02 months,556888,0.06079271,17820,2026,107 BEDOK RESERVOIR RD Singapore
223249,1b45adb399e2e4422f3f933b98ae74369ca610e2cbecc0e224cb014e35375440,2026-09-05 04:25:26,2026-07,BEDOK,4 ROOM,113,BEDOK RESERVOIR RD,04 TO 06,91.00,New Generation,1985,58 years,530000,0.06079271,17820,2026,113 BEDOK RESERVOIR RD Singapore
223250,e02e9e839b509aca1bdd28cdd7e8675ae10576ae999b9a433d8a473e9d7affb4,2026-09-05 04:25:26,2026-07,BEDOK,4 ROOM,148,BEDOK RESERVOIR RD,07 TO 09,84.00,Simplified,1987,59 years 09 months,593000,0.06079271,17820,2026,148 BEDOK RESERVOIR RD Singapore
223251,4dfce3bb8523850b5ee088e011ed19e5f327c9445821d759d2c975f01349b20f,2026-09-05 04:25:26,2026-07,BEDOK,4 ROOM,720,BEDOK RESERVOIR RD,10 TO 12,104.00,Model A,1984,56 years 07 months,615000,0.06079271,17820,2026,720 BEDOK RESERVOIR RD Singapore
223252,ac43e6d5a9832d30b35330e929a756b70bb6f5875b71f00d2c7bffbd5065d724,2026-09-05 04:25:26,2026-07,BEDOK,4 ROOM,134,BEDOK RESERVOIR RD,10 TO 12,84.00,Simplified,1987,59 years 11 months,588888,0.06079271,17820,2026,134 BEDOK RESERVOIR RD Singapore
223253,a0809876a139b0082d1f910eee53c52daf05a4af6b233bf57041b04d9d3cf054,2026-09-05 04:25:26,2026-07,BEDOK,4 ROOM,601,BEDOK RESERVOIR RD,04 TO 06,98.00,New Generation,1982,54 years 10 months,550000,0.06079271,17820,2026,601 BEDOK RESERVOIR RD Singapore
223254,bc8e7f210dd63359dab1b9cae9cca8d07759286c2d0aa1fed2bffba4296eda26,2026-09-05 04:25:26,2026-07,BEDOK,4 ROOM,628,BEDOK RESERVOIR RD,01 TO 03,95.00,New Generation,1983,55 years 07 months,540000,0.06079271,17820,2026,628 BEDOK RESERVOIR RD Singapore
223255,f1d466d5c01db3116e4f2902598803e78ea1c7d449dda5e51fa735156a119c44,2026-09-05 04:25:26,2026-08,BEDOK,4 ROOM,718,BEDOK RESERVOIR RD,04 TO 06,104.00,Model A,1984,56 years 06 months,574000,0.06079271,17820,2026,718 BEDOK RESERVOIR RD Singapore
223256,40b6bdb197c6ce242a6dfa20341c72a368f137f237588343c00722996eb339a6,2026-09-05 04:25:26,2026-08,BEDOK,4 ROOM,103,BEDOK RESERVOIR RD,10 TO 12,96.00,New Generation,1985,57 years 11 months,599000,0.06079271,17820,2026,103 BEDOK RESERVOIR RD Singapore
223257,046307fb2bb8183e549fc62d4758dd4dce15a225928c77296f4b1bd0ca21cce3,2026-09-05 04:25:26,2026-08,BEDOK,4 ROOM,122,BEDOK RESERVOIR RD,10 TO 12,103.00,Model A,1987,59 years 11 months,640000,0.06079271,17820,2026,122 BEDOK RESERVOIR RD Singapore
223258,aeea2ed27245cd1977323c2f6f5048ae7df0eeffb39ac3ad9569a2756badce1f,2026-09-05 04:25:26,2026-08,BEDOK,4 ROOM,613B,BEDOK RESERVOIR RD,01 TO 03,102.00,Model A,1998,70 years 07 months,660000,0.06079271,17820,2026,613B BEDOK RESERVOIR RD Singapore
223259,ebb95b2b8d9fe8024cc382e3b9164b8926f7dae928a64dbf5c9b8c3ef2b5add3,2026-09-05 04:25:26,2026-08,BEDOK,4 ROOM,131,BEDOK RESERVOIR RD,01 TO 03,83.00,Simplified,1987,59 years 06 months,550000,0.06079271,17820,2026,131 BEDOK RESERVOIR RD Singapore
223260,1829fd38537327edfd24310ef4de9efe532b6b9cc1b89de8dc6ae62f5bcad632,2026-09-05 04:25:26,2026-08,BEDOK,4 ROOM,718,BEDOK RESERVOIR RD,01 TO 03,104.00,Model A,1984,56 years 05 months,545000,0.06079271,17820,2026,718 BEDOK RESERVOIR RD Singapore
223261,c2094b01af370a24566d071cd7a18eeea65057f4139e9bc0e0069f143b5689c6,2026-09-05 04:25:26,2026-08,BEDOK,4 ROOM,150,BEDOK RESERVOIR RD,04 TO 06,84.00,Simplified,1988,60 years 11 months,572000,0.06079271,17820,2026,150 BEDOK RESERVOIR RD Singapore
223262,56f447d4745fba660e375594378bffc8a0eab38b58515f6bbb166429b3496249,2026-09-05 04:25:26,2026-08,BEDOK,4 ROOM,701,BEDOK RESERVOIR RD,07 TO 09,93.00,New Generation,1980,53 years 03 months,548000,0.06079271,17820,2026,701 BEDOK RESERVOIR RD Singapore
223263,73c09ae456a5c40ffc5715d7c7b344d47e98a854e872b8378298c627ccefc45f,2026-09-05 04:25:26,2026-08,BEDOK,4 ROOM,128,BEDOK RESERVOIR RD,01 TO 03,84.00,Simplified,1986,59 years 03 months,540000,0.06079271,17820,2026,128 BEDOK RESERVOIR RD Singapore
223264,3c9dd052ba1899d749b1e7729c6aa97c0dae977ff5c71aeb86ea8e34bea7c7a6,2026-09-05 04:25:26,2026-09,BEDOK,4 ROOM,622,BEDOK RESERVOIR RD,04 TO 06,91.00,New Generation,1981,53 years 08 months,545000,0.06079271,17820,2026,622 BEDOK RESERVOIR RD Singapore
223265,e1f0dd32a07b16ffa3686e4556b29fa09ffecd0d5d17145c05c282ce0d867667,2026-09-05 04:25:26,2026-09,BEDOK,4 ROOM,105,BEDOK RESERVOIR RD,07 TO 09,93.00,New Generation,1985,58 years,590000,0.06079271,17820,2026,105 BEDOK RESERVOIR RD Singapore
223266,2277f64561ed7253ff1781e088eebaa251371723eb26a42a86795afbcde59c4f,2026-09-05 04:25:26,2026-09,BEDOK,4 ROOM,151,BEDOK RESERVOIR RD,07 TO 09,88.00,Simplified,1988,61 years 01 month,625000,0.06079271,17820,2026,151 BEDOK RESERVOIR RD Singapore
223267,0fae073f5225b706ddd1f21951c43360417aa67303a486af8e62737e8eace584,2026-09-05 04:25:26,2026-09,BEDOK,4 ROOM,140,BEDOK RESERVOIR RD,10 TO 12,84.00,Simplified,1986,59 years 01 month,610000,0.06079271,17820,2026,140 BEDOK RESERVOIR RD Singapore
223268,b29e29eea813adb08e3f68ba68514c3ef52a14848fa46b9383a5098100df412a,2026-09-05 04:25:26,2026-01,BEDOK,4 ROOM,761,BEDOK RESERVOIR VIEW,04 TO 06,105.00,Premium Apartment,2000,74 years,730000,0.06079271,17820,2026,761 BEDOK RESERVOIR VIEW Singapore
223269,91ef23ad51fb23390403ea051809cf2e94778555b7aa49c7e87c1c8645f63f90,2026-09-05 04:25:26,2026-01,BEDOK,4 ROOM,766,BEDOK RESERVOIR VIEW,07 TO 09,105.00,Premium Apartment,2000,74 years,730000,0.06079271,17820,2026,766 BEDOK RESERVOIR VIEW Singapore
223270,19665edfb422dfa50536ec8951d0360005a3d12080d831a901553ddfdf8207f8,2026-09-05 04:25:26,2026-01,BEDOK,4 ROOM,763,BEDOK RESERVOIR VIEW,10 TO 12,105.00,Premium Apartment,2000,73 years 11 months,785000,0.06079271,17820,2026,763 BEDOK RESERVOIR VIEW Singapore
223271,922dd4dc3bb5a70ca90cc8734c0590eb5031086aaf3031230606dbd0d25fc638,2026-09-05 04:25:26,2026-01,BEDOK,4 ROOM,771,BEDOK RESERVOIR VIEW,13 TO 15,105.00,Premium Apartment,2000,73 years 11 months,800000,0.06079271,17820,2026,771 BEDOK RESERVOIR VIEW Singapore
223272,10de9cc0931695e8d2751f2c30c1eb382cbc13727b44a3cb570c1866abeaa04e,2026-09-05 04:25:26,2026-02,BEDOK,4 ROOM,773,BEDOK RESERVOIR VIEW,04 TO 06,107.00,Premium Apartment,2000,73 years 11 months,715000,0.06079271,17820,2026,773 BEDOK RESERVOIR VIEW Singapore
223273,6fe2544dc8ad00a120d588e57e94f833b4eeee3c10304ff081341212a697e960,2026-09-05 04:25:26,2026-02,BEDOK,4 ROOM,765,BEDOK RESERVOIR VIEW,10 TO 12,105.00,Premium Apartment,2000,73 years 11 months,772000,0.06079271,17820,2026,765 BEDOK RESERVOIR VIEW Singapore
223274,590cd27c522b66b264442632deac16b8f6ff593ea6e605a843e1761ca53ce41d,2026-09-05 04:25:26,2026-02,BEDOK,4 ROOM,769,BEDOK RESERVOIR VIEW,01 TO 03,105.00,Premium Apartment,2000,73 years 11 months,604000,0.06079271,17820,2026,769 BEDOK RESERVOIR VIEW Singapore
223275,a1a54158314248d5431a41d5d7ce5a7e9ab50a05e8d0622cfcd1195b49e82cc6,2026-09-05 04:25:26,2026-02,BEDOK,4 ROOM,766,BEDOK RESERVOIR VIEW,16 TO 18,107.00,Premium Apartment,2000,73 years 10 months,790000,0.06079271,17820,2026,766 BEDOK RESERVOIR VIEW Singapore
223276,c041d11b3d7b836ef64b32b236382265b4a6b4c62ab72f9144e35962227d94c4,2026-09-05 04:25:26,2026-03,BEDOK,4 ROOM,766,BEDOK RESERVOIR VIEW,01 TO 03,105.00,Premium Apartment,2000,73 years 10 months,681000,0.06079271,17820,2026,766 BEDOK RESERVOIR VIEW Singapore
223277,e835ff1b3828403679219e84ce5f0a7cb05a61400ce072017c82a899ce89d286,2026-09-05 04:25:26,2026-03,BEDOK,4 ROOM,774,BEDOK RESERVOIR VIEW,01 TO 03,105.00,Premium Apartment,2000,73 years 10 months,650000,0.06079271,17820,2026,774 BEDOK RESERVOIR VIEW Singapore
223278,b5805b8abf84d03361e46c0f801bc4921071541a005580c8a1684f8ba187d4b8,2026-09-05 04:25:26,2026-04,BEDOK,4 ROOM,771,BEDOK RESERVOIR VIEW,04 TO 06,105.00,Premium Apartment,2000,73 years 09 months,673777,0.06079271,17820,2026,771 BEDOK RESERVOIR VIEW Singapore
223279,47a91b7e8e21f09161b582c75dabf199c9be559b22c2a401f9c528c05e3b7021,2026-09-05 04:25:26,2026-04,BEDOK,4 ROOM,763,BEDOK RESERVOIR VIEW,01 TO 03,105.00,Premium Apartment,2000,73 years 09 months,660000,0.06079271,17820,2026,763 BEDOK RESERVOIR VIEW Singapore
223280,f9f142177f6e93b779c21387763e66b20f30e567dd4cf0cb1b2ec6245ff2a4bc,2026-09-05 04:25:26,2026-04,BEDOK,4 ROOM,766,BEDOK RESERVOIR VIEW,13 TO 15,105.00,Premium Apartment,2000,73 years 09 months,770000,0.06079271,17820,2026,766 BEDOK RESERVOIR VIEW Singapore
223281,36077d48296b7af354dcc0546eaebdaab597729a1bf1afdfa9bbdf034ea39396,2026-09-05 04:25:26,2026-04,BEDOK,4 ROOM,764,BEDOK RESERVOIR VIEW,13 TO 15,105.00,Premium Apartment,2000,73 years 09 months,815000,0.06079271,17820,2026,764 BEDOK RESERVOIR VIEW Singapore
223282,933256cfab594acdbf7414498f35b996c80b24f7b2fd1d73aee4b4f0740adbb3,2026-09-05 04:25:26,2026-04,BEDOK,4 ROOM,769,BEDOK RESERVOIR VIEW,01 TO 03,105.00,Premium Apartment,2000,73 years 08 months,650000,0.06079271,17820,2026,769 BEDOK RESERVOIR VIEW Singapore
223283,f51c59f4b99734254a966eede480033916600a1acd9d714399d1c6a04a6409de,2026-09-05 04:25:26,2026-04,BEDOK,4 ROOM,762,BEDOK RESERVOIR VIEW,10 TO 12,105.00,Premium Apartment,2000,73 years 08 months,785000,0.06079271,17820,2026,762 BEDOK RESERVOIR VIEW Singapore
223284,08bcdfdfc7df2a93c3cd800df33c3e2c54b26c603b6c7e49e9fa2ce0965aa23f,2026-09-05 04:25:26,2026-05,BEDOK,4 ROOM,768,BEDOK RESERVOIR VIEW,07 TO 09,104.00,Premium Apartment,2000,73 years 08 months,765000,0.06079271,17820,2026,768 BEDOK RESERVOIR VIEW Singapore
223285,45428a8c7206cf5cf1c4207837569a54b98944aef6bf279aa247e3adc13525c8,2026-09-05 04:25:26,2026-05,BEDOK,4 ROOM,766,BEDOK RESERVOIR VIEW,07 TO 09,105.00,Premium Apartment,2000,73 years 07 months,800000,0.06079271,17820,2026,766 BEDOK RESERVOIR VIEW Singapore
223286,42d188a531527a76d19c2daa23edb388c59aa238d343f3c26e2f5ad06785a5e1,2026-09-05 04:25:26,2026-05,BEDOK,4 ROOM,763,BEDOK RESERVOIR VIEW,10 TO 12,105.00,Premium Apartment,2000,73 years 07 months,783888,0.06079271,17820,2026,763 BEDOK RESERVOIR VIEW Singapore
223287,cdac0939892b737c88e4597d9c1985c9feae0b306283b2979cf3185874ec946d,2026-09-05 04:25:26,2026-06,BEDOK,4 ROOM,767,BEDOK RESERVOIR VIEW,16 TO 18,107.00,Premium Apartment,2000,73 years 06 months,815000,0.06079271,17820,2026,767 BEDOK RESERVOIR VIEW Singapore
223288,caa65851f4530faff372dc76ef02411ef8ecac6c5d65b942e7027f8cbe1a99b0,2026-09-05 04:25:26,2026-06,BEDOK,4 ROOM,766,BEDOK RESERVOIR VIEW,13 TO 15,105.00,Premium Apartment,2000,73 years 06 months,785000,0.06079271,17820,2026,766 BEDOK RESERVOIR VIEW Singapore
223289,9ca614eace641f1dda5c9e562caf24c12c76c618e53c89b997a2e4ccad0cd743,2026-09-05 04:25:26,2026-07,BEDOK,4 ROOM,766,BEDOK RESERVOIR VIEW,04 TO 06,105.00,Premium Apartment,2000,73 years 06 months,695000,0.06079271,17820,2026,766 BEDOK RESERVOIR VIEW Singapore
223290,5376662f07773c89193c30e4d596fc861009ea3b3cd2391438566ef940b23998,2026-09-05 04:25:26,2026-07,BEDOK,4 ROOM,764,BEDOK RESERVOIR VIEW,13 TO 15,105.00,Premium Apartment,2000,73 years 05 months,835800,0.06079271,17820,2026,764 BEDOK RESERVOIR VIEW Singapore
223291,ceabc1dc2731590b54de6e205e4885775ce0130ca4be6100d47240014d0fc2c6,2026-09-05 04:25:26,2026-07,BEDOK,4 ROOM,762,BEDOK RESERVOIR VIEW,04 TO 06,107.00,Premium Apartment,2000,73 years 05 months,765000,0.06079271,17820,2026,762 BEDOK RESERVOIR VIEW Singapore
223292,e69a6b53fddda028b53ce939944a580de9bd3560d3c932f38340ff33cb3e278e,2026-09-05 04:25:26,2026-08,BEDOK,4 ROOM,773,BEDOK RESERVOIR VIEW,07 TO 09,105.00,Premium Apartment,2000,73 years 05 months,700000,0.06079271,17820,2026,773 BEDOK RESERVOIR VIEW Singapore
223293,0eca8044dbf3362c8d2b03d1ad79d11624ac238503506ef645641f7daacb8f86,2026-09-05 04:25:26,2026-08,BEDOK,4 ROOM,765,BEDOK RESERVOIR VIEW,16 TO 18,105.00,Premium Apartment,2000,73 years 05 months,848000,0.06079271,17820,2026,765 BEDOK RESERVOIR VIEW Singapore
223294,7d994004f35b735d294bbe1fa8ef6e034b18a9993d2aa30803e3fa5d5be75754,2026-09-05 04:25:26,2026-08,BEDOK,4 ROOM,774,BEDOK RESERVOIR VIEW,16 TO 18,105.00,Premium Apartment,2000,73 years 05 months,810000,0.06079271,17820,2026,774 BEDOK RESERVOIR VIEW Singapore
223295,f45f4ece0d512f35fb4ede161b7e8a21dfac10413ffb6e2a227996e6b4920eab,2026-09-05 04:25:26,2026-08,BEDOK,4 ROOM,767,BEDOK RESERVOIR VIEW,16 TO 18,107.00,Premium Apartment,2000,73 years 05 months,800000,0.06079271,17820,2026,767 BEDOK RESERVOIR VIEW Singapore
223296,b3823ef07eb67862c93d1205282e0986efe412982dd1e0943d80b84456e10c04,2026-09-05 04:25:26,2026-08,BEDOK,4 ROOM,767,BEDOK RESERVOIR VIEW,10 TO 12,107.00,Premium Apartment,2000,73 years 05 months,720000,0.06079271,17820,2026,767 BEDOK RESERVOIR VIEW Singapore
223297,de9ded0a6581a6d45674e1b0f39ca31fde7c9ddb2ffd9ab6487ecde9651b2bc1,2026-09-05 04:25:26,2026-01,BEDOK,4 ROOM,36,BEDOK STH AVE 2,01 TO 03,84.00,Improved,1977,50 years 09 months,425000,0.06079271,17820,2026,36 BEDOK STH AVE 2 Singapore
223298,9be8d198f638720d977891aecea6e14b0c8bc0f70fe33758c307513902c6329f,2026-09-05 04:25:26,2026-04,BEDOK,4 ROOM,5,BEDOK STH AVE 2,01 TO 03,82.00,Improved,1976,48 years 10 months,520000,0.06079271,17820,2026,5 BEDOK STH AVE 2 Singapore
223299,9449bc27df0abc0bda3c6118265fb95f98d2c75b83f5634b0494a040cd5706c6,2026-09-05 04:25:26,2026-04,BEDOK,4 ROOM,8,BEDOK STH AVE 2,01 TO 03,82.00,Improved,1976,48 years 09 months,470000,0.06079271,17820,2026,8 BEDOK STH AVE 2 Singapore
223300,7b403966ce45d2ade57eb4a9f5cf3a631297f008f5934e915b00bf3178bcb697,2026-09-05 04:25:26,2026-04,BEDOK,4 ROOM,37,BEDOK STH AVE 2,01 TO 03,84.00,Improved,1977,50 years 06 months,468000,0.06079271,17820,2026,37 BEDOK STH AVE 2 Singapore
223301,cd2d9faf141b6a03f6e0ccded2f3251eaa7a51e0e20c3d86a67961cd8e39a599,2026-09-05 04:25:26,2026-05,BEDOK,4 ROOM,34,BEDOK STH AVE 2,13 TO 15,90.00,Improved,1977,50 years 05 months,450000,0.06079271,17820,2026,34 BEDOK STH AVE 2 Singapore
223302,c880b13ed6e39f63e10aa8c26bb938927f021c9fb82d3cb1a026e8febc56b611,2026-09-05 04:25:26,2026-05,BEDOK,4 ROOM,7,BEDOK STH AVE 2,13 TO 15,82.00,Improved,1976,48 years 09 months,460000,0.06079271,17820,2026,7 BEDOK STH AVE 2 Singapore
223303,a69201910c335505477db8a2738601495e5673bb58829a06c32ac46b87d2b52c,2026-09-05 04:25:26,2026-05,BEDOK,4 ROOM,34,BEDOK STH AVE 2,13 TO 15,90.00,Improved,1977,50 years 04 months,475000,0.06079271,17820,2026,34 BEDOK STH AVE 2 Singapore
223304,2857b4823730db36da5d688512f1a2112041baaec1a1c18441ea6e7cdd1a238a,2026-09-05 04:25:26,2026-05,BEDOK,4 ROOM,34,BEDOK STH AVE 2,07 TO 09,90.00,Improved,1977,50 years 04 months,490000,0.06079271,17820,2026,34 BEDOK STH AVE 2 Singapore
223305,271ab145f37417dbb2fbad57c809c3fe6f0f05555c2e58285cacc429fed848dd,2026-09-05 04:25:26,2026-06,BEDOK,4 ROOM,35,BEDOK STH AVE 2,16 TO 18,90.00,Improved,1977,50 years 04 months,510000,0.06079271,17820,2026,35 BEDOK STH AVE 2 Singapore
223306,843d528fa986b1894beda552d6a4ffd356a8f35f2bf76b48658692fa230d04e0,2026-09-05 04:25:26,2026-06,BEDOK,4 ROOM,36,BEDOK STH AVE 2,13 TO 15,84.00,Improved,1977,50 years 04 months,477000,0.06079271,17820,2026,36 BEDOK STH AVE 2 Singapore
223307,d61ab2a5415d30c1be19171a3ef29352aa78a480a36af3c2726299a93a9c3848,2026-09-05 04:25:26,2026-08,BEDOK,4 ROOM,6,BEDOK STH AVE 2,01 TO 03,82.00,Improved,1976,48 years 05 months,430000,0.06079271,17820,2026,6 BEDOK STH AVE 2 Singapore
223308,94125fc1c95e262c7466455d10dcfeb62257f2af58e9fe3a05482e92360fa22c,2026-09-05 04:25:26,2026-01,BEDOK,4 ROOM,157,BEDOK STH AVE 3,10 TO 12,83.00,Simplified,1985,58 years 03 months,630000,0.06079271,17820,2026,157 BEDOK STH AVE 3 Singapore
223309,423b82e293b7a9b0bfc4ad01c9e753dd4848e742c9acf880e2bffc119c018951,2026-09-05 04:25:26,2026-02,BEDOK,4 ROOM,159,BEDOK STH AVE 3,07 TO 09,104.00,Model A,1985,58 years 02 months,630000,0.06079271,17820,2026,159 BEDOK STH AVE 3 Singapore
223310,eb6cddb412acbad394eeb126ed71b33cdf66e6f289a51e40ae3ebe6e2404173c,2026-09-05 04:25:26,2026-04,BEDOK,4 ROOM,169,BEDOK STH AVE 3,10 TO 12,83.00,Simplified,1985,58 years,530000,0.06079271,17820,2026,169 BEDOK STH AVE 3 Singapore
223311,76c1086f5f8ec5ba5b17abd71f092c4001f7ddce0d498f8054a3fe398922f912,2026-09-05 04:25:26,2026-05,BEDOK,4 ROOM,169,BEDOK STH AVE 3,07 TO 09,104.00,Model A,1985,57 years 11 months,660000,0.06079271,17820,2026,169 BEDOK STH AVE 3 Singapore
223312,121819853aebfa0fff7674d683ff91f258d6b129dfb359d770073d9247332270,2026-09-05 04:25:26,2026-06,BEDOK,4 ROOM,166,BEDOK STH AVE 3,10 TO 12,83.00,Simplified,1985,57 years 10 months,570000,0.06079271,17820,2026,166 BEDOK STH AVE 3 Singapore
223313,0fb71641ffabea0d8678768262e98a342abbb9065bea9835f20323004e70c849,2026-09-05 04:25:26,2026-07,BEDOK,4 ROOM,159,BEDOK STH AVE 3,04 TO 06,83.00,Simplified,1985,57 years 09 months,550000,0.06079271,17820,2026,159 BEDOK STH AVE 3 Singapore
223314,77d2987f66607ddf816f69b40d18d040692f1dfcd367da3c47e3f8dfbf5b8c6b,2026-09-05 04:25:26,2026-08,BEDOK,4 ROOM,156,BEDOK STH AVE 3,04 TO 06,84.00,Simplified,1985,58 years 05 months,580000,0.06079271,17820,2026,156 BEDOK STH AVE 3 Singapore
223315,1431a86f95060d96152bbfe0cb13c2157e2f89eb417279e06af5322b32c001d4,2026-09-05 04:25:26,2026-01,BEDOK,4 ROOM,172,BEDOK STH RD,10 TO 12,84.00,Simplified,1985,59 years,549000,0.06079271,17820,2026,172 BEDOK STH RD Singapore
223316,83a1c63daa0d3f03ceba7d302afbb7afec2c77629cacfc9289af0149b9f554bc,2026-09-05 04:25:26,2026-01,BEDOK,4 ROOM,43,BEDOK STH RD,10 TO 12,84.00,Improved,1977,50 years 09 months,470000,0.06079271,17820,2026,43 BEDOK STH RD Singapore
223317,37274e6221228ffe869667e9e6c6e913e099fc99007e5c52b2c3557b399b1faf,2026-09-05 04:25:26,2026-02,BEDOK,4 ROOM,44,BEDOK STH RD,16 TO 18,84.00,Improved,1977,50 years 07 months,510000,0.06079271,17820,2026,44 BEDOK STH RD Singapore
223318,50e00f0f22dc206756971e2f6547b5f14c1ea44a6fe07cabdc2cdfc785652af9,2026-09-05 04:25:26,2026-03,BEDOK,4 ROOM,15,BEDOK STH RD,04 TO 06,88.00,Improved,1976,48 years 11 months,450000,0.06079271,17820,2026,15 BEDOK STH RD Singapore
223319,f7321a827014bdbbe3ec0d01e7b652fd529b1e02361faaa739325dc4ec0c4497,2026-09-05 04:25:26,2026-03,BEDOK,4 ROOM,171,BEDOK STH RD,07 TO 09,84.00,Simplified,1985,58 years 08 months,583000,0.06079271,17820,2026,171 BEDOK STH RD Singapore
223320,bbfc2324ab8cf71662e2e602e60cb8470b8dc2af4e96c01a6eb0dd3a61cee9ee,2026-09-05 04:25:26,2026-04,BEDOK,4 ROOM,165,BEDOK STH RD,10 TO 12,105.00,Model A,1985,57 years 11 months,688000,0.06079271,17820,2026,165 BEDOK STH RD Singapore
223321,61e6926668615583a05370208e6628c5f5f27f6ac445df096a4e5528f1e0cf6f,2026-09-05 04:25:26,2026-04,BEDOK,4 ROOM,154B,BEDOK STH RD,16 TO 18,93.00,Model A,2022,94 years 10 months,1120000,0.06079271,17820,2026,154B BEDOK STH RD Singapore
223322,543cf472c7ad3bfbdf74e5e2b8c13368c2320deb59cad9aa171567c6d64216c7,2026-09-05 04:25:26,2026-04,BEDOK,4 ROOM,154B,BEDOK STH RD,16 TO 18,93.00,Model A,2022,94 years 10 months,1170000,0.06079271,17820,2026,154B BEDOK STH RD Singapore
223323,05f08ee7b46d1f569cc7d6ad97815260c2b1a8dfc02c528482c9cab8cf650b02,2026-09-05 04:25:26,2026-04,BEDOK,4 ROOM,165,BEDOK STH RD,10 TO 12,83.00,Simplified,1985,57 years 10 months,552000,0.06079271,17820,2026,165 BEDOK STH RD Singapore
223324,ba8cb2f78b0eba672194f1e28b35f779a206ba06441f737b91ae5a2979b7b246,2026-09-05 04:25:26,2026-04,BEDOK,4 ROOM,171,BEDOK STH RD,04 TO 06,84.00,Simplified,1985,58 years 07 months,530000,0.06079271,17820,2026,171 BEDOK STH RD Singapore
223325,101b83a8e90f028675abf8321c4e8387c56c94d5299f02a9a2013edf0067dfa2,2026-09-05 04:25:26,2026-04,BEDOK,4 ROOM,163,BEDOK STH RD,07 TO 09,105.00,Model A,1985,58 years 02 months,668000,0.06079271,17820,2026,163 BEDOK STH RD Singapore
223326,9c2f175dec9235cf412928a399ce6b0b79e43e13bf185502b4a40b0025d85948,2026-09-05 04:25:26,2026-05,BEDOK,4 ROOM,154B,BEDOK STH RD,13 TO 15,93.00,Model A,2022,94 years 09 months,1058000,0.06079271,17820,2026,154B BEDOK STH RD Singapore
223327,33a61d05bc5254e3a7486b61c9921900e526f6e70c5d6379c351b47efc17824e,2026-09-05 04:25:26,2026-05,BEDOK,4 ROOM,153C,BEDOK STH RD,10 TO 12,93.00,Model A,2022,95 years,968000,0.06079271,17820,2026,153C BEDOK STH RD Singapore
223328,fec16e3ec0a7d950a4af793a0696ed6aec995b9c2d1afd946c743891f2f5319b,2026-09-05 04:25:26,2026-05,BEDOK,4 ROOM,154A,BEDOK STH RD,13 TO 15,93.00,Model A,2022,94 years 09 months,940000,0.06079271,17820,2026,154A BEDOK STH RD Singapore
223329,c13e6905c02e8863b8cb3422330f04c477afd40ccf683439a0dfd587158aa210,2026-09-05 04:25:26,2026-05,BEDOK,4 ROOM,153B,BEDOK STH RD,13 TO 15,93.00,Model A,2022,95 years,1088000,0.06079271,17820,2026,153B BEDOK STH RD Singapore
223330,2a6e9a743bd8df88226b7c37ccd48f435f6a4343b1d4afcb82ad7be01e34f352,2026-09-05 04:25:26,2026-05,BEDOK,4 ROOM,154B,BEDOK STH RD,13 TO 15,93.00,Model A,2022,94 years 08 months,1150000,0.06079271,17820,2026,154B BEDOK STH RD Singapore
223331,c597683469763ceb59db48d4d8ce5e023d880e03de917dc6605b6af951043b66,2026-09-05 04:25:26,2026-05,BEDOK,4 ROOM,153C,BEDOK STH RD,10 TO 12,93.00,Model A,2022,94 years 11 months,980000,0.06079271,17820,2026,153C BEDOK STH RD Singapore
223332,b119e7e2ad27ee8dafe6eeaf9404911c0be98e652cc0aaf66774cac23e4993c2,2026-09-05 04:25:26,2026-05,BEDOK,4 ROOM,154A,BEDOK STH RD,07 TO 09,93.00,Model A,2022,94 years 09 months,940000,0.06079271,17820,2026,154A BEDOK STH RD Singapore
223333,14422936de26e9e0a284de211fa8a30103aa708ac035fcd1d580a28126f26098,2026-09-05 04:25:26,2026-05,BEDOK,4 ROOM,165,BEDOK STH RD,07 TO 09,83.00,Simplified,1985,57 years 09 months,560000,0.06079271,17820,2026,165 BEDOK STH RD Singapore
223334,e491aa44fec797a1c11293babb1107ab2a6951d9c3a78af54ced1e3954e89afd,2026-09-05 04:25:26,2026-05,BEDOK,4 ROOM,153B,BEDOK STH RD,13 TO 15,93.00,Model A,2022,94 years 11 months,940000,0.06079271,17820,2026,153B BEDOK STH RD Singapore
223335,2a31c473a3616a50b0d9b44362b54face3342a6017da468a4077c4e7c7becc9a,2026-09-05 04:25:26,2026-05,BEDOK,4 ROOM,154A,BEDOK STH RD,13 TO 15,93.00,Model A,2022,94 years 08 months,1090000,0.06079271,17820,2026,154A BEDOK STH RD Singapore
223336,db0b732b42bb7da186a8a22e78413b7489d180b6e8d62efdde96226ec51e7214,2026-09-05 04:25:26,2026-06,BEDOK,4 ROOM,44,BEDOK STH RD,04 TO 06,84.00,Improved,1977,50 years 04 months,473000,0.06079271,17820,2026,44 BEDOK STH RD Singapore
223337,7f5828c31e3ab5a52ea70391c08f0fe85d1341cf7b8c97736b835f17d16c64ec,2026-09-05 04:25:26,2026-06,BEDOK,4 ROOM,153C,BEDOK STH RD,16 TO 18,93.00,Model A,2022,94 years 10 months,1000000,0.06079271,17820,2026,153C BEDOK STH RD Singapore
223338,af2ad3f439c64687f6e8ed47aadb6830af55a9988ae0cc59a9f2367453520551,2026-09-05 04:25:26,2026-06,BEDOK,4 ROOM,43,BEDOK STH RD,04 TO 06,84.00,Improved,1977,50 years 04 months,455000,0.06079271,17820,2026,43 BEDOK STH RD Singapore
223339,3195c421477fc93d30d2901cce63c6bd36a66351b1a77ee0b80db3d56bf955b0,2026-09-05 04:25:26,2026-06,BEDOK,4 ROOM,154A,BEDOK STH RD,13 TO 15,93.00,Model A,2022,94 years 08 months,1075000,0.06079271,17820,2026,154A BEDOK STH RD Singapore
223340,839869301585304c6817a68c0bc359802381c34c935db093d07cee32fcc68110,2026-09-05 04:25:26,2026-06,BEDOK,4 ROOM,153C,BEDOK STH RD,16 TO 18,93.00,Model A,2022,94 years 11 months,1128888,0.06079271,17820,2026,153C BEDOK STH RD Singapore
223341,c6b15442f19993adcfe6b8cb734e0b0627f7135c96414f9e37ac37fb707b92a8,2026-09-05 04:25:26,2026-06,BEDOK,4 ROOM,154A,BEDOK STH RD,01 TO 03,93.00,Model A,2022,94 years 07 months,913000,0.06079271,17820,2026,154A BEDOK STH RD Singapore
223342,e5a9338c8758a8b3bdc8347412b7d3a2d1000b20b213030008b04a917c424dd8,2026-09-05 04:25:26,2026-06,BEDOK,4 ROOM,154B,BEDOK STH RD,13 TO 15,93.00,Model A,2022,94 years 07 months,1138888,0.06079271,17820,2026,154B BEDOK STH RD Singapore
223343,54877aa772aefe0e9d066fe6bdedf293aa4a335ebb89dbfab6e9470dc35703f7,2026-09-05 04:25:26,2026-07,BEDOK,4 ROOM,153B,BEDOK STH RD,04 TO 06,93.00,Model A,2022,94 years 10 months,900000,0.06079271,17820,2026,153B BEDOK STH RD Singapore
223344,868c6e5d192967dbe67a8ba78def2aab29873e0b7e7c6c05cd7f54781ffe9235,2026-09-05 04:25:26,2026-07,BEDOK,4 ROOM,154A,BEDOK STH RD,13 TO 15,93.00,Model A,2022,94 years 07 months,920000,0.06079271,17820,2026,154A BEDOK STH RD Singapore
223345,2b523a59183df57c1205cd734f77a800465ff1654d9ed5b8fe9ad5d28ba95c47,2026-09-05 04:25:26,2026-07,BEDOK,4 ROOM,153B,BEDOK STH RD,07 TO 09,93.00,Model A,2022,94 years 10 months,1000000,0.06079271,17820,2026,153B BEDOK STH RD Singapore
223346,f8e16ddad4288662f94c3ca8d10d288929f78da998fa110200e02c027f297846,2026-09-05 04:25:26,2026-07,BEDOK,4 ROOM,154A,BEDOK STH RD,13 TO 15,93.00,Model A,2022,94 years 07 months,980888,0.06079271,17820,2026,154A BEDOK STH RD Singapore
223347,fc3a9365d04362356e67e86c3ea472bfd98286023eb81354fa45321751a5f72d,2026-09-05 04:25:26,2026-07,BEDOK,4 ROOM,153C,BEDOK STH RD,13 TO 15,93.00,Model A,2022,94 years 10 months,1100000,0.06079271,17820,2026,153C BEDOK STH RD Singapore
223348,34853c677e2c95ba6489c99ce096958a068b42a62b8ffba907c1c6aca8f16a00,2026-09-05 04:25:26,2026-07,BEDOK,4 ROOM,153C,BEDOK STH RD,10 TO 12,93.00,Model A,2022,94 years 10 months,975000,0.06079271,17820,2026,153C BEDOK STH RD Singapore
223349,e43a7c46da3724facdf3ce545bbc648f3240eabb951c57ed58374151f9a0cdc5,2026-09-05 04:25:26,2026-07,BEDOK,4 ROOM,154B,BEDOK STH RD,16 TO 18,93.00,Model A,2022,94 years 06 months,1190000,0.06079271,17820,2026,154B BEDOK STH RD Singapore
223350,03cb75e75a1f247089ec6c82c6e8bad091e6f801b533d7b6de7df1bcd9a19b66,2026-09-05 04:25:26,2026-07,BEDOK,4 ROOM,153C,BEDOK STH RD,07 TO 09,93.00,Model A,2022,94 years 09 months,940000,0.06079271,17820,2026,153C BEDOK STH RD Singapore
223351,37cfca88a1b9d80416d06b1a80800c9e8bf07992cff349c92ed2cc06df368b6a,2026-09-05 04:25:26,2026-07,BEDOK,4 ROOM,41,BEDOK STH RD,13 TO 15,84.00,Improved,1977,50 years 02 months,520000,0.06079271,17820,2026,41 BEDOK STH RD Singapore
223352,c09338807efaa19ba122d7041d8c04129853eb306bac124d5c8b9b31a873aa4f,2026-09-05 04:25:26,2026-07,BEDOK,4 ROOM,154B,BEDOK STH RD,07 TO 09,93.00,Model A,2022,94 years 06 months,948000,0.06079271,17820,2026,154B BEDOK STH RD Singapore
223353,d359cbf45ac59f42c4236de3c29033dcf94acab3ea5b058b6519bd36e22b16b6,2026-09-05 04:25:26,2026-07,BEDOK,4 ROOM,153B,BEDOK STH RD,01 TO 03,93.00,Model A,2022,94 years 09 months,955000,0.06079271,17820,2026,153B BEDOK STH RD Singapore
223354,27d3a2cea4e75df91c1ea50239ac19bfe28d758e5a1f31d27e6d8f2344ff3933,2026-09-05 04:25:26,2026-08,BEDOK,4 ROOM,154B,BEDOK STH RD,13 TO 15,93.00,Model A,2022,94 years 06 months,1020000,0.06079271,17820,2026,154B BEDOK STH RD Singapore
223355,d85161ece8c079e4db962981f70a1f7f198d0c71af348767e1791464c88eee00,2026-09-05 04:25:26,2026-08,BEDOK,4 ROOM,153B,BEDOK STH RD,04 TO 06,93.00,Model A,2022,94 years 09 months,928000,0.06079271,17820,2026,153B BEDOK STH RD Singapore
223356,7235b7962ea529b6e52b3a1c5ea405c18cd219d9a493ca5710fdf44b2c5cd2aa,2026-09-05 04:25:26,2026-08,BEDOK,4 ROOM,153B,BEDOK STH RD,04 TO 06,93.00,Model A,2022,94 years 09 months,915000,0.06079271,17820,2026,153B BEDOK STH RD Singapore
223357,5df61b4153e2c19ed637b0e19e768c8fe280ef4b99d00264b518f727abc87898,2026-09-05 04:25:26,2026-08,BEDOK,4 ROOM,154A,BEDOK STH RD,16 TO 18,93.00,Model A,2022,94 years 06 months,1080000,0.06079271,17820,2026,154A BEDOK STH RD Singapore
223358,e70a023099bb857a79ee14f41d48f9ae5f62a03f8e461fa2138fba36a05d59a1,2026-09-05 04:25:26,2026-08,BEDOK,4 ROOM,153A,BEDOK STH RD,13 TO 15,93.00,Model A,2022,94 years 08 months,1180000,0.06079271,17820,2026,153A BEDOK STH RD Singapore
223359,1cc831d5c010ec5184707ebe482120160124c7cabf215ede31c379e971b1132b,2026-09-05 04:25:26,2026-08,BEDOK,4 ROOM,153C,BEDOK STH RD,04 TO 06,93.00,Model A,2022,94 years 08 months,930000,0.06079271,17820,2026,153C BEDOK STH RD Singapore
223360,82a7d4317f5fbad4e13d6882c69f17c63a47fd897d4639efe8669a50c7b7c5b5,2026-09-05 04:25:26,2026-08,BEDOK,4 ROOM,44,BEDOK STH RD,13 TO 15,84.00,Improved,1977,50 years 01 month,508268,0.06079271,17820,2026,44 BEDOK STH RD Singapore
223361,3c497bbdb077865b0387ffcfc91fae86eb60a498e778b0ed88011897875befdb,2026-09-05 04:25:26,2026-08,BEDOK,4 ROOM,154B,BEDOK STH RD,10 TO 12,93.00,Model A,2022,94 years 05 months,1188000,0.06079271,17820,2026,154B BEDOK STH RD Singapore
223362,9405217df3840d08a4909cea9f132f7f0e8fe7b4d57ffd7889f6eea8874e75bf,2026-09-05 04:25:26,2026-08,BEDOK,4 ROOM,153C,BEDOK STH RD,10 TO 12,93.00,Model A,2022,94 years 08 months,1010000,0.06079271,17820,2026,153C BEDOK STH RD Singapore
223363,9b41a68614b45f6a1c8c2fa34c7c5d33cfcf3cbedacc61d54488b212e797bb82,2026-09-05 04:25:26,2026-08,BEDOK,4 ROOM,154B,BEDOK STH RD,04 TO 06,93.00,Model A,2022,94 years 05 months,930000,0.06079271,17820,2026,154B BEDOK STH RD Singapore
223364,d250bda5a6f29565819cf394581cf218bc05a4fcc8933c87a4c9dab682cf560a,2026-09-05 04:25:26,2026-09,BEDOK,4 ROOM,152C,BEDOK STH RD,07 TO 09,93.00,Model A,2022,94 years 08 months,935000,0.06079271,17820,2026,152C BEDOK STH RD Singapore
223365,02e200849bdb3d3e3bb00e9d78c393af25f4c420471e27f33e7d60198307f97f,2026-09-05 04:25:26,2026-09,BEDOK,4 ROOM,153C,BEDOK STH RD,07 TO 09,93.00,Model A,2022,94 years 08 months,970000,0.06079271,17820,2026,153C BEDOK STH RD Singapore
223366,8ac25334b4569f1e2fbb12f8404a0306c0c57a38bb92eb5eee4bb362316785de,2026-09-05 04:25:26,2026-09,BEDOK,4 ROOM,153A,BEDOK STH RD,04 TO 06,93.00,Model A,2022,94 years 08 months,990000,0.06079271,17820,2026,153A BEDOK STH RD Singapore
223367,85d32d47e33a540975d2f325414bc47df2f271dfdd44fdbeb307a7889da2c989,2026-09-05 04:25:26,2026-09,BEDOK,4 ROOM,153C,BEDOK STH RD,13 TO 15,93.00,Model A,2022,94 years 08 months,1080888,0.06079271,17820,2026,153C BEDOK STH RD Singapore
223368,b065a79fa0f29b0863211b68e337c090057014924c64ba69836b09209e6f555d,2026-09-05 04:25:26,2026-09,BEDOK,4 ROOM,154B,BEDOK STH RD,13 TO 15,93.00,Model A,2022,94 years 05 months,1030000,0.06079271,17820,2026,154B BEDOK STH RD Singapore
223369,209dd66827237b541d75e5dfe6da99a65180f149a41d22534a5880afb7fde0c3,2026-09-05 04:25:26,2026-08,BEDOK,4 ROOM,35,CHAI CHEE AVE,04 TO 06,82.00,Improved,1975,47 years 06 months,433000,0.06079271,17820,2026,35 CHAI CHEE AVE Singapore
223370,76c9f9ef79648054efdad43584503b83f75a01305bec10174ec560c2624d7142,2026-09-05 04:25:26,2026-01,BEDOK,4 ROOM,56,CHAI CHEE DR,07 TO 09,91.00,New Generation,1983,56 years 01 month,535000,0.06079271,17820,2026,56 CHAI CHEE DR Singapore
223371,3dfe20f377e990d1d3d15b53222d6c0104a7f2dd95c8df2d86fc2f7ef596be9a,2026-09-05 04:25:26,2026-03,BEDOK,4 ROOM,55,CHAI CHEE DR,04 TO 06,104.00,Model A,1984,57 years 02 months,525000,0.06079271,17820,2026,55 CHAI CHEE DR Singapore
223372,ffbbbb7a6705cf52b20a0a0f78a33e013f30ee5f00b234a31e507e7465da9633,2026-09-05 04:25:26,2026-08,BEDOK,4 ROOM,57,CHAI CHEE DR,01 TO 03,105.00,Model A,1982,55 years 03 months,510888,0.06079271,17820,2026,57 CHAI CHEE DR Singapore
223373,ddec79e8bfa535450d7080d24f1aad7e49416593d822dac2acb3ac8d76aed0cb,2026-09-05 04:25:26,2026-09,BEDOK,4 ROOM,55,CHAI CHEE DR,01 TO 03,105.00,Model A,1984,56 years 08 months,525000,0.06079271,17820,2026,55 CHAI CHEE DR Singapore
223374,7093f5eaa6c1f4294bec8309474c856e517538f305b7c36ec1d0804a09c078ce,2026-09-05 04:25:26,2026-01,BEDOK,4 ROOM,808A,CHAI CHEE RD,13 TO 15,93.00,Model A,2016,89 years 11 months,810000,0.06079271,17820,2026,808A CHAI CHEE RD Singapore
223375,6f503f759caabe59cfc98381a136e7560da096b337e3b20ebef56c372a4bf2bf,2026-09-05 04:25:26,2026-02,BEDOK,4 ROOM,807B,CHAI CHEE RD,10 TO 12,93.00,Model A,2016,89 years 10 months,826500,0.06079271,17820,2026,807B CHAI CHEE RD Singapore
223376,edbbbbd39912d5c97e1f45f33c3be5fbbd6052849c8f5c9e0a8304770ab62537,2026-09-05 04:25:26,2026-02,BEDOK,4 ROOM,808A,CHAI CHEE RD,10 TO 12,93.00,Model A,2016,89 years 10 months,835000,0.06079271,17820,2026,808A CHAI CHEE RD Singapore
223377,cf586a16ba723297c45f1d457c8c0dc17ea6d9890a5e0b85dcb8798bf1f35abd,2026-09-05 04:25:26,2026-02,BEDOK,4 ROOM,807C,CHAI CHEE RD,10 TO 12,93.00,Model A,2016,89 years 10 months,812000,0.06079271,17820,2026,807C CHAI CHEE RD Singapore
223378,0baf6ef03ef4c0ba2a169ecd07e35b5f086f2188278e5c3b7e1e252b10f8e3e9,2026-09-05 04:25:26,2026-03,BEDOK,4 ROOM,26,CHAI CHEE RD,07 TO 09,104.00,Model A,1993,66 years 02 months,683000,0.06079271,17820,2026,26 CHAI CHEE RD Singapore
223379,27206502b16d0c03b937ac6493c8ab5f318b7ddfcf895c27344f95164d1b3ee5,2026-09-05 04:25:26,2026-03,BEDOK,4 ROOM,25,CHAI CHEE RD,01 TO 03,104.00,Model A,1993,66 years 02 months,688888,0.06079271,17820,2026,25 CHAI CHEE RD Singapore
223380,a798cea7b09d11a0f2601a9ddc3a760223dfbaaefdb90d56f62a8d631698ee4f,2026-09-05 04:25:26,2026-05,BEDOK,4 ROOM,10,CHAI CHEE RD,10 TO 12,90.00,Model A,2001,73 years 09 months,678000,0.06079271,17820,2026,10 CHAI CHEE RD Singapore
223381,99af960d997afd22f5e3f7f42c8c64ffa502d011135017708ce39d5298acd9f1,2026-09-05 04:25:26,2026-06,BEDOK,4 ROOM,808A,CHAI CHEE RD,01 TO 03,93.00,Model A,2016,89 years 06 months,755000,0.06079271,17820,2026,808A CHAI CHEE RD Singapore
223382,d0e5c415ce95773d6cd9539d57c8c27f0c53f853a669b78a22ce5bfaf7d011e8,2026-09-05 04:25:26,2026-06,BEDOK,4 ROOM,807A,CHAI CHEE RD,04 TO 06,93.00,Model A,2016,89 years 05 months,740000,0.06079271,17820,2026,807A CHAI CHEE RD Singapore
223383,2ae891548d264e24c4d573a066e5f06464098890ace2f85044eb419cde6ec77f,2026-09-05 04:25:26,2026-07,BEDOK,4 ROOM,59,CHAI CHEE RD,01 TO 03,105.00,Model A,1984,56 years 07 months,515000,0.06079271,17820,2026,59 CHAI CHEE RD Singapore
223384,ecf9e570385f0def9905c88c98467f18cc31d9d6a21ab3a6517705b982405f99,2026-09-05 04:25:26,2026-07,BEDOK,4 ROOM,808C,CHAI CHEE RD,07 TO 09,93.00,Model A,2016,89 years 05 months,830000,0.06079271,17820,2026,808C CHAI CHEE RD Singapore
223385,2e77d079e67632cf9a1100bf27a690bf43ddca09ed043bbe301db9803301f83e,2026-09-05 04:25:26,2026-07,BEDOK,4 ROOM,808B,CHAI CHEE RD,10 TO 12,93.00,Model A,2016,89 years 04 months,788000,0.06079271,17820,2026,808B CHAI CHEE RD Singapore
223386,d2c964f543be78b889d5e40af221d0f35f405a8bce3c419bc25a015e6b7e98d6,2026-09-05 04:25:26,2026-08,BEDOK,4 ROOM,807A,CHAI CHEE RD,13 TO 15,93.00,Model A,2016,89 years 04 months,825000,0.06079271,17820,2026,807A CHAI CHEE RD Singapore
223387,4a9c7303d20709a86a840f75c391e96af1f6f21ab7512b260c9c6918ad7e0648,2026-09-05 04:25:26,2026-08,BEDOK,4 ROOM,807C,CHAI CHEE RD,10 TO 12,93.00,Model A,2016,89 years 04 months,820000,0.06079271,17820,2026,807C CHAI CHEE RD Singapore
223388,f484f0589a155b3a008a3b76490adc16dbef84239ad7cc4e0031ac3fed06a831,2026-09-05 04:25:26,2026-08,BEDOK,4 ROOM,61,CHAI CHEE RD,10 TO 12,91.00,New Generation,1982,55 years 02 months,525000,0.06079271,17820,2026,61 CHAI CHEE RD Singapore
223389,fc79a36717d2abcfd8fce74465effdbe76a16fb378ff08d40b7ec264f8b64ce2,2026-09-05 04:25:26,2026-08,BEDOK,4 ROOM,808A,CHAI CHEE RD,07 TO 09,93.00,Model A,2016,89 years 04 months,805000,0.06079271,17820,2026,808A CHAI CHEE RD Singapore
223390,8bed99609ffcbe042691c95bc6f549f95a73a953809a3df36457cdc3d7cacda1,2026-09-05 04:25:26,2026-08,BEDOK,4 ROOM,808A,CHAI CHEE RD,10 TO 12,93.00,Model A,2016,89 years 03 months,832000,0.06079271,17820,2026,808A CHAI CHEE RD Singapore
223391,e4430e254f80a6b5cfb64c607e3da16b4867c340c20023b01ab91615118fd9bf,2026-09-05 04:25:26,2026-08,BEDOK,4 ROOM,808A,CHAI CHEE RD,13 TO 15,93.00,Model A,2016,89 years 03 months,821000,0.06079271,17820,2026,808A CHAI CHEE RD Singapore
223392,02e1a9039f9fb8633c197fc97f31443f53e94e489863b18c456eb4c07dd7bb2b,2026-09-05 04:25:26,2026-05,BEDOK,4 ROOM,50,CHAI CHEE ST,04 TO 06,91.00,New Generation,1981,54 years 03 months,500088,0.06079271,17820,2026,50 CHAI CHEE ST Singapore
223393,e85e3904902efab04406215a5930da4834e8378d0cd6df2ecb1c6a05966a7e13,2026-09-05 04:25:26,2026-05,BEDOK,4 ROOM,43,CHAI CHEE ST,07 TO 09,92.00,New Generation,1980,53 years,505000,0.06079271,17820,2026,43 CHAI CHEE ST Singapore
223394,fef3c143e234e608cc4dab2659e0f44e967144edf25d9b59075bab0ecd7777ce,2026-09-05 04:25:26,2026-07,BEDOK,4 ROOM,43,CHAI CHEE ST,04 TO 06,93.00,New Generation,1980,52 years 11 months,475000,0.06079271,17820,2026,43 CHAI CHEE ST Singapore
223395,05206dbcabb7cae6a8095ccca36ce77c1721f4173018a0b3ea7b1935d25e2a27,2026-09-05 04:25:26,2026-02,BEDOK,4 ROOM,667,JLN DAMAI,01 TO 03,108.00,Model A,1996,69 years 10 months,675000,0.06079271,17820,2026,667 JLN DAMAI Singapore
223396,d5d567a5a3c1db90176f2a12cf850b2779cb2f6ac2703608d962d1b29d235fe0,2026-09-05 04:25:26,2026-03,BEDOK,4 ROOM,666,JLN DAMAI,04 TO 06,104.00,Model A,1996,69 years 09 months,728000,0.06079271,17820,2026,666 JLN DAMAI Singapore
223397,67c718f0a77a95cbf7497fdbb2127c9d948f57c26ffc5ae3c9f4fd785474cc4b,2026-09-05 04:25:26,2026-08,BEDOK,4 ROOM,668,JLN DAMAI,01 TO 03,108.00,Model A,1996,69 years 04 months,700000,0.06079271,17820,2026,668 JLN DAMAI Singapore
223398,01e0de1adb5c0637150fb4191a0c396973ad7644741b42ddba32c0358eece9fa,2026-09-05 04:25:26,2026-08,BEDOK,4 ROOM,672,JLN DAMAI,01 TO 03,108.00,Model A,1996,69 years,700000,0.06079271,17820,2026,672 JLN DAMAI Singapore
223399,abdafb6b74266640aaf76200be6c462a202182e35f6157c5061c8ab648c3d9d0,2026-09-05 04:25:26,2026-01,BEDOK,4 ROOM,660,JLN TENAGA,04 TO 06,107.00,Model A,1997,70 years,700000,0.06079271,17820,2026,660 JLN TENAGA Singapore
223400,48d47a27200b5af55cbdfe4d002f6f8fe95b752b1abe5ebdbfaf74d116c7a925,2026-09-05 04:25:26,2026-05,BEDOK,4 ROOM,654,JLN TENAGA,07 TO 09,108.00,Model A,1996,69 years 07 months,728000,0.06079271,17820,2026,654 JLN TENAGA Singapore
223401,039fd0f31b59ed69fa65f8db7fd6f06f64bb4d2deceea3aff537b8cf82b9a3c1,2026-09-05 04:25:26,2026-05,BEDOK,4 ROOM,651,JLN TENAGA,04 TO 06,106.00,Model A,1996,69 years 06 months,688000,0.06079271,17820,2026,651 JLN TENAGA Singapore
223402,c3513c08f928e4c4475cebada287d1ab32e9e8be46b72e6033c42b75896569c4,2026-09-05 04:25:26,2026-05,BEDOK,4 ROOM,651,JLN TENAGA,04 TO 06,108.00,Model A,1996,69 years 05 months,715000,0.06079271,17820,2026,651 JLN TENAGA Singapore
223403,add8606d76b3164df1e17fde724fb456b72990cce8b66759309e8c98296642ba,2026-09-05 04:25:26,2026-07,BEDOK,4 ROOM,659,JLN TENAGA,04 TO 06,105.00,Model A,1996,69 years 03 months,699999,0.06079271,17820,2026,659 JLN TENAGA Singapore
223404,22d5ea9142f5ac1b83f9affa7ee3d888ab9ff7f53c32fab95d7021a4ae41c3fd,2026-09-05 04:25:26,2026-07,BEDOK,4 ROOM,654,JLN TENAGA,01 TO 03,108.00,Model A,1996,69 years 04 months,700000,0.06079271,17820,2026,654 JLN TENAGA Singapore
223405,f45411e8e3a43e9191ef66716c8e57e93eae0f9891085b70e1cc16aaa479498e,2026-09-05 04:25:26,2026-09,BEDOK,4 ROOM,647,JLN TENAGA,01 TO 03,104.00,Model A,1993,65 years 09 months,648000,0.06079271,17820,2026,647 JLN TENAGA Singapore
223406,6091e165a57080af82e22bede68d0e64fca4c04ce19ca4a7bd17a28d61f1b81f,2026-09-05 04:25:26,2026-01,BEDOK,4 ROOM,114,LENGKONG TIGA,01 TO 03,104.00,Model A,1989,62 years 01 month,825000,0.06079271,17820,2026,114 LENGKONG TIGA Singapore
223407,c1a2086d087d64f64436fb9c906040009c5a00c686342212869f87b7f91c1884,2026-09-05 04:25:26,2026-01,BEDOK,4 ROOM,112,LENGKONG TIGA,04 TO 06,104.00,Model A,1989,62 years 04 months,822000,0.06079271,17820,2026,112 LENGKONG TIGA Singapore
223408,50595af7881b9a4752ef615b7d4e729fec99c14ce83cebe19a3eb1ec0bf51735,2026-09-05 04:25:26,2026-01,BEDOK,4 ROOM,111,LENGKONG TIGA,01 TO 03,104.00,Model A,1989,62 years 01 month,710000,0.06079271,17820,2026,111 LENGKONG TIGA Singapore
223409,1393ef35a86242b4bb2e1d5a36984277679b4e88b05e1033a6b05ff64df98cc0,2026-09-05 04:25:26,2026-06,BEDOK,4 ROOM,111,LENGKONG TIGA,04 TO 06,104.00,Model A,1989,61 years 08 months,740000,0.06079271,17820,2026,111 LENGKONG TIGA Singapore
223410,2fa244a626232df910a8eafb9b26e79e3916ff0c6a94e8686bdd73a5db4d0936,2026-09-05 04:25:26,2026-06,BEDOK,4 ROOM,102,LENGKONG TIGA,07 TO 09,104.00,Model A,1989,62 years 01 month,780000,0.06079271,17820,2026,102 LENGKONG TIGA Singapore
223411,43d23f22a0b662b896d748e496944159ec2afdf4623fcb163b0f76657818c06d,2026-09-05 04:25:26,2026-08,BEDOK,4 ROOM,114,LENGKONG TIGA,01 TO 03,104.00,Model A,1989,61 years 06 months,752000,0.06079271,17820,2026,114 LENGKONG TIGA Singapore
223412,656c4c0aef0037f7ff87caf5fe909455341b7ec27fa00969036ba92fa271bd28,2026-09-05 04:25:26,2026-01,BEDOK,4 ROOM,51,NEW UPP CHANGI RD,04 TO 06,84.00,Improved,1977,50 years 09 months,480000,0.06079271,17820,2026,51 NEW UPP CHANGI RD Singapore
223413,03de304683359eac31f11ba7aae03bda4f5860bc0b2b8531f1bf14b4bb7a2e79,2026-09-05 04:25:26,2026-01,BEDOK,4 ROOM,62,NEW UPP CHANGI RD,10 TO 12,92.00,New Generation,1978,51 years 05 months,570000,0.06079271,17820,2026,62 NEW UPP CHANGI RD Singapore
223414,43868b1218996a649f25c410c6fb7d62f9c13071da674abf17d8f977470d1f82,2026-09-05 04:25:26,2026-02,BEDOK,4 ROOM,63,NEW UPP CHANGI RD,07 TO 09,92.00,New Generation,1978,51 years 04 months,550000,0.06079271,17820,2026,63 NEW UPP CHANGI RD Singapore
223415,bb7d94f193e0c83b8f4d27e003b1b06b11090ac2df291ddc87448ba08735a5a9,2026-09-05 04:25:26,2026-02,BEDOK,4 ROOM,65,NEW UPP CHANGI RD,10 TO 12,92.00,New Generation,1978,51 years 03 months,520000,0.06079271,17820,2026,65 NEW UPP CHANGI RD Singapore
223416,2dadd670e6b1882bc9d5f0152f841b3062ca8664accab1286586f145c36a243c,2026-09-05 04:25:26,2026-04,BEDOK,4 ROOM,53,NEW UPP CHANGI RD,04 TO 06,84.00,Improved,1977,50 years 06 months,475000,0.06079271,17820,2026,53 NEW UPP CHANGI RD Singapore
223417,3bbf0a291d328bee6b4981fb1fafc0934f2989a6510cdb9db123fd3c5e1314ac,2026-09-05 04:25:26,2026-04,BEDOK,4 ROOM,63,NEW UPP CHANGI RD,10 TO 12,92.00,New Generation,1978,51 years 01 month,538000,0.06079271,17820,2026,63 NEW UPP CHANGI RD Singapore
223418,5953c3a6f9fbc69f3d838ab4d2bedf74b8dba9e3ef1e7b47f92b3335cdf40c3c,2026-09-05 04:25:26,2026-06,BEDOK,4 ROOM,51,NEW UPP CHANGI RD,07 TO 09,84.00,Improved,1977,50 years 04 months,418000,0.06079271,17820,2026,51 NEW UPP CHANGI RD Singapore
223419,330c8fa99d6c19bfe66ec964fab32f0d108b14425a825918c5a7f5b1d4a4fc30,2026-09-05 04:25:26,2026-06,BEDOK,4 ROOM,65,NEW UPP CHANGI RD,07 TO 09,92.00,New Generation,1978,51 years,485000,0.06079271,17820,2026,65 NEW UPP CHANGI RD Singapore
223420,52f488288173b84e4cf413d2a8bb96d6573d34e2a874c6910d3708bafdfdaf7e,2026-09-05 04:25:26,2026-06,BEDOK,4 ROOM,53,NEW UPP CHANGI RD,07 TO 09,84.00,Improved,1977,50 years 04 months,455000,0.06079271,17820,2026,53 NEW UPP CHANGI RD Singapore
223421,9c8180a727da7f16d2d984d923d154e2d68ac1f8f45e6e9460c18c3a297977de,2026-09-05 04:25:26,2026-07,BEDOK,4 ROOM,52,NEW UPP CHANGI RD,10 TO 12,84.00,Improved,1977,50 years 03 months,475000,0.06079271,17820,2026,52 NEW UPP CHANGI RD Singapore
223422,af1c2cf5d801f76dffe347a2cf0bba3cc80e10d1af9bfeb79d7b0cc22635faea,2026-09-05 04:25:26,2026-07,BEDOK,4 ROOM,52,NEW UPP CHANGI RD,07 TO 09,84.00,Improved,1977,50 years 03 months,450000,0.06079271,17820,2026,52 NEW UPP CHANGI RD Singapore
223423,c8d1909cddbd18d8ac8ab18d016e277fbb95511059ff50b44be9bfb49bb3f696,2026-09-05 04:25:26,2026-08,BEDOK,4 ROOM,51,NEW UPP CHANGI RD,04 TO 06,84.00,Improved,1977,50 years 02 months,462000,0.06079271,17820,2026,51 NEW UPP CHANGI RD Singapore
223424,bd58bb254dee773f7aad65a62708e956d9c1a7a538961767a31b7561cf8586b1,2026-09-05 04:25:26,2026-08,BEDOK,4 ROOM,51,NEW UPP CHANGI RD,07 TO 09,84.00,Improved,1977,50 years 02 months,420000,0.06079271,17820,2026,51 NEW UPP CHANGI RD Singapore
223425,00d4facb3d56139c6c802bf6688d06892ead80cb4b8ce650e6a1492281580b91,2026-09-05 04:25:26,2026-08,BEDOK,4 ROOM,52,NEW UPP CHANGI RD,13 TO 15,84.00,Improved,1977,50 years 02 months,456888,0.06079271,17820,2026,52 NEW UPP CHANGI RD Singapore
223426,d069c39cb69dea85d8b3dc02b295df192d4d29c7ce5d08864ddf4d2eca363a9b,2026-09-05 04:25:26,2026-08,BEDOK,4 ROOM,51,NEW UPP CHANGI RD,10 TO 12,84.00,Improved,1977,50 years 01 month,488000,0.06079271,17820,2026,51 NEW UPP CHANGI RD Singapore
223427,65768fd8a440b8b42250530618baf8c5e549214b807565a95255b95664010e36,2026-09-05 04:25:26,2026-08,BEDOK,4 ROOM,52,NEW UPP CHANGI RD,13 TO 15,84.00,Improved,1977,50 years 01 month,492000,0.06079271,17820,2026,52 NEW UPP CHANGI RD Singapore
223428,41dc9952d16881ab70f4c42bddfccf86e05cb82e2c23ec0c3901cc348099d50c,2026-09-05 04:25:26,2026-07,BEDOK,5 ROOM,553,BEDOK NTH AVE 1,10 TO 12,121.00,Improved,1980,53 years,623000,0.06079271,17820,2026,553 BEDOK NTH AVE 1 Singapore
223429,141a3e118b99140427c37ece78c69f47a38ee4ee91992e0d606be764bfe941b2,2026-09-05 04:25:26,2026-08,BEDOK,5 ROOM,552,BEDOK NTH AVE 1,10 TO 12,121.00,Improved,1980,52 years 11 months,645000,0.06079271,17820,2026,552 BEDOK NTH AVE 1 Singapore
223430,0d40ddb20e51ab126aaaadcd3d45994c51e220b96bea5f1e2dbf735d6df0afd9,2026-09-05 04:25:26,2026-08,BEDOK,5 ROOM,553,BEDOK NTH AVE 1,01 TO 03,121.00,Improved,1980,52 years 10 months,650000,0.06079271,17820,2026,553 BEDOK NTH AVE 1 Singapore
223431,639b97c7aad6a175de8d38fdb7f54940ce698027bd2fd87411cd1e2359dcb77e,2026-09-05 04:25:26,2026-01,BEDOK,5 ROOM,414,BEDOK NTH AVE 2,04 TO 06,119.00,Improved,1978,51 years 11 months,685000,0.06079271,17820,2026,414 BEDOK NTH AVE 2 Singapore
223432,e1c1d75fb7c351b6219f34f3af5a704d7135318dc5729bcad8f61863da33bfe5,2026-09-05 04:25:26,2026-02,BEDOK,5 ROOM,417,BEDOK NTH AVE 2,19 TO 21,119.00,Improved,1978,51 years 09 months,950000,0.06079271,17820,2026,417 BEDOK NTH AVE 2 Singapore
223433,9dc17ae9a8ec02e4355d7e7fc5bbcd1287e23e2c5baa44846b15f1ca2570c639,2026-09-05 04:25:26,2026-03,BEDOK,5 ROOM,413,BEDOK NTH AVE 2,10 TO 12,119.00,Improved,1979,52 years 03 months,718000,0.06079271,17820,2026,413 BEDOK NTH AVE 2 Singapore
223434,ca3f6b67ec4ffc217c2df5cf9875fb42c6f7964acc3d6b0c6fc37eb6c2e70313,2026-09-05 04:25:26,2026-04,BEDOK,5 ROOM,415,BEDOK NTH AVE 2,10 TO 12,123.00,Improved,1978,51 years 08 months,680000,0.06079271,17820,2026,415 BEDOK NTH AVE 2 Singapore
223435,cb17385276876de931fe98b89569faf15c585b2f1ae93892b324fced3dd64ac5,2026-09-05 04:25:26,2026-04,BEDOK,5 ROOM,516,BEDOK NTH AVE 2,22 TO 24,119.00,Improved,1979,52 years 05 months,740000,0.06079271,17820,2026,516 BEDOK NTH AVE 2 Singapore
223436,3d071b1763e2a07a9665239b7301d71134ec3127b208820bd4cfef77fc704cf1,2026-09-05 04:25:26,2026-05,BEDOK,5 ROOM,409,BEDOK NTH AVE 2,01 TO 03,136.00,Adjoined flat,1980,53 years,860000,0.06079271,17820,2026,409 BEDOK NTH AVE 2 Singapore
223437,ae6a98239c9e75d552366c1b5e2ef8ef889ebd962d4ab9abb29888026afcd8d7,2026-09-05 04:25:26,2026-05,BEDOK,5 ROOM,516,BEDOK NTH AVE 2,07 TO 09,119.00,Improved,1979,52 years 03 months,653000,0.06079271,17820,2026,516 BEDOK NTH AVE 2 Singapore
223438,a547a2ecfca9e9bd07862cfcb59653bc7b60b8a31b4e43e0e1d448ecad2392f6,2026-09-05 04:25:26,2026-07,BEDOK,5 ROOM,417,BEDOK NTH AVE 2,04 TO 06,119.00,Improved,1978,51 years 05 months,720000,0.06079271,17820,2026,417 BEDOK NTH AVE 2 Singapore
223439,09befd6a611de3a40c237de6b42062a62679acaf07b775988b2afcbfe50eacde,2026-09-05 04:25:26,2026-08,BEDOK,5 ROOM,516,BEDOK NTH AVE 2,07 TO 09,119.00,Improved,1979,52 years 01 month,688000,0.06079271,17820,2026,516 BEDOK NTH AVE 2 Singapore
223440,f76f4fcd1a36a0d17ea857b741a449a79db7f3d0e75c600ca2e6c2ef6e207874,2026-09-05 04:25:26,2026-09,BEDOK,5 ROOM,414,BEDOK NTH AVE 2,13 TO 15,119.00,Improved,1978,51 years 03 months,716000,0.06079271,17820,2026,414 BEDOK NTH AVE 2 Singapore
223441,0c6868ffe326db48c5408cc23e74aa732bfbb890871449a27ef863bddd8e5f5d,2026-09-05 04:25:26,2026-02,BEDOK,5 ROOM,505,BEDOK NTH AVE 3,16 TO 18,119.00,Improved,1978,51 years 11 months,738000,0.06079271,17820,2026,505 BEDOK NTH AVE 3 Singapore
223442,28d13d5b2c6d7fff10b616526af95d68fe18245f848afea67da253f7545412dc,2026-09-05 04:25:26,2026-02,BEDOK,5 ROOM,137,BEDOK NTH AVE 3,01 TO 03,117.00,Standard,1979,52 years,660000,0.06079271,17820,2026,137 BEDOK NTH AVE 3 Singapore
223443,12f4f30d7efe91d8c82efb34d185c848364a8ad7f01db3eeb57386ecdbd807e7,2026-09-05 04:25:26,2026-03,BEDOK,5 ROOM,505,BEDOK NTH AVE 3,13 TO 15,119.00,Improved,1978,51 years 09 months,675000,0.06079271,17820,2026,505 BEDOK NTH AVE 3 Singapore
223444,d0f4259b10112acd44ee02618fbdc29cea5e36314e3660b2c1fd3fb96c9ca0a1,2026-09-05 04:25:26,2026-04,BEDOK,5 ROOM,139,BEDOK NTH AVE 3,07 TO 09,117.00,Standard,1979,51 years 09 months,675000,0.06079271,17820,2026,139 BEDOK NTH AVE 3 Singapore
223445,5e576fcb0581ab11c1f03f8fd0d7a3702128a46e36230afe6266c809f1e0483a,2026-09-05 04:25:26,2026-07,BEDOK,5 ROOM,506,BEDOK NTH AVE 3,01 TO 03,119.00,Improved,1978,51 years 05 months,630000,0.06079271,17820,2026,506 BEDOK NTH AVE 3 Singapore
223446,626359a44abb6e4d89237b073512b79a3273c183a1536c8c58d33cf3e2cd0b69,2026-09-05 04:25:26,2026-07,BEDOK,5 ROOM,506,BEDOK NTH AVE 3,16 TO 18,119.00,Improved,1978,51 years 05 months,730000,0.06079271,17820,2026,506 BEDOK NTH AVE 3 Singapore
223447,a7a1bbacbbad524c06dde703e53edc88be2b233b39b5ea16e286dec7fa3d7717,2026-09-05 04:25:26,2026-01,BEDOK,5 ROOM,97,BEDOK NTH AVE 4,16 TO 18,123.00,Standard,1978,51 years 11 months,707000,0.06079271,17820,2026,97 BEDOK NTH AVE 4 Singapore
223448,0ed1752aed029c9e4f73aaf0543c168631baa63b75974e681ad9dc42e1d367da,2026-09-05 04:25:26,2026-02,BEDOK,5 ROOM,94E,BEDOK NTH AVE 4,16 TO 18,127.00,Improved,1993,66 years 04 months,895000,0.06079271,17820,2026,94E BEDOK NTH AVE 4 Singapore
223449,57c87078a67194fd99430bc31220f9ac1f6e8527612c6912ac1d277c9a545dda,2026-09-05 04:25:26,2026-03,BEDOK,5 ROOM,97,BEDOK NTH AVE 4,04 TO 06,123.00,Standard,1978,51 years 09 months,648000,0.06079271,17820,2026,97 BEDOK NTH AVE 4 Singapore
223450,13c5585bcd77a47337e26653896ea750344f7fa525bb7ea651192f38bfc52308,2026-09-05 04:25:26,2026-04,BEDOK,5 ROOM,98,BEDOK NTH AVE 4,07 TO 09,120.00,Standard,1978,51 years 08 months,630000,0.06079271,17820,2026,98 BEDOK NTH AVE 4 Singapore
223451,4dddbc6487395b1a67034660ae2596ed94eaac5643929f663dc4014d3ed970f3,2026-09-05 04:25:26,2026-07,BEDOK,5 ROOM,96,BEDOK NTH AVE 4,04 TO 06,123.00,Standard,1978,51 years 05 months,650000,0.06079271,17820,2026,96 BEDOK NTH AVE 4 Singapore
223452,cda0abb80e96e56de9e76ba92ac98e352346bc2d687e2ef3ad18d53fdbec94c3,2026-09-05 04:25:26,2026-08,BEDOK,5 ROOM,96,BEDOK NTH AVE 4,13 TO 15,123.00,Standard,1978,51 years 04 months,675000,0.06079271,17820,2026,96 BEDOK NTH AVE 4 Singapore
223453,1f5a7a353aef0b40332119a2615d3e4a6ac3095950a2456d7912f16531fd6545,2026-09-05 04:25:26,2026-08,BEDOK,5 ROOM,96,BEDOK NTH AVE 4,22 TO 24,125.00,Standard,1978,51 years 03 months,702500,0.06079271,17820,2026,96 BEDOK NTH AVE 4 Singapore
223454,a3cc1612708f82a17a077b42c814a7f5785a583e0fd0a6c2fcfc78c4ff860eb0,2026-09-05 04:25:26,2026-04,BEDOK,5 ROOM,181,BEDOK NTH RD,13 TO 15,110.00,Improved,2006,78 years 10 months,888000,0.06079271,17820,2026,181 BEDOK NTH RD Singapore
223455,f0d3f1b9eefb4c0d8fbaa582cb6b612cd4573a17e95dde6032f43461fd804a37,2026-09-05 04:25:26,2026-05,BEDOK,5 ROOM,112,BEDOK NTH RD,01 TO 03,117.00,Standard,1978,51 years 02 months,550000,0.06079271,17820,2026,112 BEDOK NTH RD Singapore
223456,e1f404e2f1b5995efcfd082eea3c8fd518c1d31974b4ded1c6bce0e980e675d4,2026-09-05 04:25:26,2026-05,BEDOK,5 ROOM,112,BEDOK NTH RD,04 TO 06,117.00,Standard,1978,51 years 01 month,660000,0.06079271,17820,2026,112 BEDOK NTH RD Singapore
223457,46c62f1d4c6bd2b199fbaf794f0916442b76ab0f9a10b0798a0dd884aa5dc46c,2026-09-05 04:25:26,2026-07,BEDOK,5 ROOM,112,BEDOK NTH RD,10 TO 12,117.00,Standard,1978,51 years,675000,0.06079271,17820,2026,112 BEDOK NTH RD Singapore
223458,79ffe011506cc461f8036007c30ee188b513806d2da131390d28f5f8565009f3,2026-09-05 04:25:26,2026-08,BEDOK,5 ROOM,181,BEDOK NTH RD,07 TO 09,110.00,Improved,2006,78 years 05 months,880000,0.06079271,17820,2026,181 BEDOK NTH RD Singapore
223459,5ba9f549307ee25f649bb58a315c5a1db23e1c5a4c1d174293152d39c81947ee,2026-09-05 04:25:26,2026-01,BEDOK,5 ROOM,120,BEDOK NTH ST 2,01 TO 03,117.00,Standard,1978,51 years 02 months,638000,0.06079271,17820,2026,120 BEDOK NTH ST 2 Singapore
223460,5d42ad1e2e133e9d4e511b978b3356ed2c97232cd3f7ba52fb9f0ea237c7ff91,2026-09-05 04:25:26,2026-02,BEDOK,5 ROOM,120,BEDOK NTH ST 2,16 TO 18,117.00,Standard,1978,51 years 02 months,650000,0.06079271,17820,2026,120 BEDOK NTH ST 2 Singapore
223461,0b5502ecd3b957c936030e2adce582f1f1df983f8981a97bde9e6eb9834a2030,2026-09-05 04:25:26,2026-07,BEDOK,5 ROOM,140,BEDOK NTH ST 2,10 TO 12,120.00,Improved,1998,70 years 11 months,958888,0.06079271,17820,2026,140 BEDOK NTH ST 2 Singapore
223462,40538c0e6f30c90557e317689ec4a3427a22f3ffcfe77e2987b1ece5e39b129c,2026-09-05 04:25:26,2026-07,BEDOK,5 ROOM,545,BEDOK NTH ST 3,04 TO 06,136.00,Adjoined flat,1980,52 years 10 months,770000,0.06079271,17820,2026,545 BEDOK NTH ST 3 Singapore
223463,da47ccc446a72f0bad92a771c8cbc62309aaec3c9b21204e869904313d463aa2,2026-09-05 04:25:26,2026-06,BEDOK,5 ROOM,187A,BEDOK NTH ST 4,16 TO 18,113.00,Improved,2018,91 years 07 months,1110000,0.06079271,17820,2026,187A BEDOK NTH ST 4 Singapore
223464,ff8ce25d045fd3e2cf55480078a7118c84e80c9a10fc0ddf3085ef115d54192c,2026-09-05 04:25:26,2026-07,BEDOK,5 ROOM,90,BEDOK NTH ST 4,01 TO 03,117.00,Standard,1978,50 years 11 months,600000,0.06079271,17820,2026,90 BEDOK NTH ST 4 Singapore
223465,67f331ff5dfd7acb795bec361a56f8d371449fa959e1603efa95265ba17affe3,2026-09-05 04:25:26,2026-01,BEDOK,5 ROOM,748A,BEDOK RESERVOIR CRES,04 TO 06,105.00,DBSS,2014,87 years 09 months,998000,0.06079271,17820,2026,748A BEDOK RESERVOIR CRES Singapore
223466,a36d95835938c8e28475c688a1cfcb085eb21cd0e45e64471d3e785a2b8df8bd,2026-09-05 04:25:26,2026-02,BEDOK,5 ROOM,747A,BEDOK RESERVOIR CRES,07 TO 09,105.00,DBSS,2014,87 years 07 months,1090000,0.06079271,17820,2026,747A BEDOK RESERVOIR CRES Singapore
223467,47cf1a17eb6fbec0d1ae77ab10008db419db228c3113abf9810f4df61ae19e6d,2026-09-05 04:25:26,2026-05,BEDOK,5 ROOM,747B,BEDOK RESERVOIR CRES,07 TO 09,105.00,DBSS,2014,87 years 04 months,1060000,0.06079271,17820,2026,747B BEDOK RESERVOIR CRES Singapore
223468,936755446f66b67fcb2d54739f43a02dbeee6556a9e5e716b0763f0ff37c9638,2026-09-05 04:25:26,2026-05,BEDOK,5 ROOM,748B,BEDOK RESERVOIR CRES,01 TO 03,105.00,DBSS,2014,87 years 04 months,1060000,0.06079271,17820,2026,748B BEDOK RESERVOIR CRES Singapore
223469,d58698c6aef2cf7644596cd0e23fb76f0425b718870aec336c8fb8acb161a818,2026-09-05 04:25:26,2026-08,BEDOK,5 ROOM,747C,BEDOK RESERVOIR CRES,07 TO 09,105.00,DBSS,2014,86 years 11 months,1200000,0.06079271,17820,2026,747C BEDOK RESERVOIR CRES Singapore
223470,f052b017cf5dd909f44424c18d9cd2478bf63577b36a56d2c353c0b41c4596b4,2026-09-05 04:25:26,2026-01,BEDOK,5 ROOM,710,BEDOK RESERVOIR RD,01 TO 03,125.00,Improved,1980,53 years 11 months,655000,0.06079271,17820,2026,710 BEDOK RESERVOIR RD Singapore
223471,4ab94aad0c9bc87e3fb257ca7d57dabffbc77e94d9269cfaedf68586b2b8bc2e,2026-09-05 04:25:26,2026-02,BEDOK,5 ROOM,611,BEDOK RESERVOIR RD,04 TO 06,121.00,Improved,1993,66 years 04 months,668000,0.06079271,17820,2026,611 BEDOK RESERVOIR RD Singapore
223472,b22884db32b394a594f960ba49991bd7b82a8dc54cc6deca915866e8a1d6c2b3,2026-09-05 04:25:26,2026-02,BEDOK,5 ROOM,723,BEDOK RESERVOIR RD,04 TO 06,139.00,Model A-Maisonette,1984,57 years 07 months,800000,0.06079271,17820,2026,723 BEDOK RESERVOIR RD Singapore
223473,b05a338be62badc9f68bd00253b60cb1a5e1d64d381d39f9baee3748aac528be,2026-09-05 04:25:26,2026-02,BEDOK,5 ROOM,141,BEDOK RESERVOIR RD,10 TO 12,122.00,Improved,1986,59 years 10 months,660000,0.06079271,17820,2026,141 BEDOK RESERVOIR RD Singapore
223474,564ab779462c458598aeb62cf0585ac027c9df9bdb3dbc1149423335663ab349,2026-09-05 04:25:26,2026-03,BEDOK,5 ROOM,621,BEDOK RESERVOIR RD,04 TO 06,121.00,Improved,1983,55 years 11 months,710000,0.06079271,17820,2026,621 BEDOK RESERVOIR RD Singapore
223475,242b8833425ddc0baf3cfd11c63db5886664179095bb269501f6da00cb687d24,2026-09-05 04:25:26,2026-04,BEDOK,5 ROOM,710,BEDOK RESERVOIR RD,10 TO 12,121.00,Improved,1980,53 years 08 months,740000,0.06079271,17820,2026,710 BEDOK RESERVOIR RD Singapore
223476,d702a4077e5ed7c75016ce84d28c4756199c6f24adb2a650a0acddfc7213bcd1,2026-09-05 04:25:26,2026-04,BEDOK,5 ROOM,712,BEDOK RESERVOIR RD,07 TO 09,136.00,Adjoined flat,1981,54 years 04 months,830000,0.06079271,17820,2026,712 BEDOK RESERVOIR RD Singapore
223477,5a86dd165c3b0ba297cf7ea541f6580912a7d79a190cd97380ea4bf1e70e0776,2026-09-05 04:25:26,2026-05,BEDOK,5 ROOM,112,BEDOK RESERVOIR RD,07 TO 09,121.00,Improved,1985,58 years 03 months,682000,0.06079271,17820,2026,112 BEDOK RESERVOIR RD Singapore
223478,71892cb2e9511a8e82a0ed776bb938de7bb7f9002773f8f033286a7228500ef5,2026-09-05 04:25:26,2026-06,BEDOK,5 ROOM,723,BEDOK RESERVOIR RD,10 TO 12,139.00,Model A-Maisonette,1984,57 years 03 months,960000,0.06079271,17820,2026,723 BEDOK RESERVOIR RD Singapore
223479,84d8f76e35fde681db5d4d0a2111989af01726ede80f38ee6eee43dac6109efe,2026-09-05 04:25:26,2026-06,BEDOK,5 ROOM,717,BEDOK RESERVOIR RD,10 TO 12,140.00,Model A-Maisonette,1984,56 years 07 months,925000,0.06079271,17820,2026,717 BEDOK RESERVOIR RD Singapore
223480,b7995351559158cb8d5911847efa39c36b157e083c7996802f0376b62b1a6ec2,2026-09-05 04:25:26,2026-07,BEDOK,5 ROOM,629,BEDOK RESERVOIR RD,10 TO 12,139.00,Model A,1993,65 years 11 months,945000,0.06079271,17820,2026,629 BEDOK RESERVOIR RD Singapore
223481,68d88bece1ad634896ed2058bbb6fcd35c2f8a430e54fa7e3a1e55706e3d04d1,2026-09-05 04:25:26,2026-07,BEDOK,5 ROOM,602,BEDOK RESERVOIR RD,04 TO 06,121.00,Improved,1982,54 years 10 months,610000,0.06079271,17820,2026,602 BEDOK RESERVOIR RD Singapore
223482,cef901563808c3b581fb9dd906eec7b980cb9f4e2053aee3e90793359ea2a859,2026-09-05 04:25:26,2026-07,BEDOK,5 ROOM,715,BEDOK RESERVOIR RD,07 TO 09,121.00,Improved,1980,53 years 04 months,695000,0.06079271,17820,2026,715 BEDOK RESERVOIR RD Singapore
223483,e32e63d07828f822db5c43de3d456e22fab40f441bb2c96d12a57910b8784111,2026-09-05 04:25:26,2026-07,BEDOK,5 ROOM,714,BEDOK RESERVOIR RD,07 TO 09,121.00,Improved,1980,53 years 04 months,690888,0.06079271,17820,2026,714 BEDOK RESERVOIR RD Singapore
223484,24357d51b3ecd1c148b883c466966c371e32037b5e08557cbc2a777352928659,2026-09-05 04:25:26,2026-07,BEDOK,5 ROOM,715,BEDOK RESERVOIR RD,01 TO 03,121.00,Improved,1980,53 years 04 months,655000,0.06079271,17820,2026,715 BEDOK RESERVOIR RD Singapore
223485,d8380997c0e8be9227c9c752a7d193630a4feb01c5ad21fa1ff18a7dbb1802c8,2026-09-05 04:25:26,2026-07,BEDOK,5 ROOM,613,BEDOK RESERVOIR RD,01 TO 03,121.00,Improved,1981,53 years 09 months,625000,0.06079271,17820,2026,613 BEDOK RESERVOIR RD Singapore
223486,9a872b4f5da00a420fe846e9c9380337d3829e9125e61a6e158ded19fd77b395,2026-09-05 04:25:26,2026-07,BEDOK,5 ROOM,611,BEDOK RESERVOIR RD,07 TO 09,123.00,Improved,1993,65 years 10 months,710000,0.06079271,17820,2026,611 BEDOK RESERVOIR RD Singapore
223487,2bf02e9a2dab4c2aa82de328d2f7690be7b4b432329e209572cbef83e8a03f48,2026-09-05 04:25:26,2026-08,BEDOK,5 ROOM,605,BEDOK RESERVOIR RD,04 TO 06,121.00,Improved,1982,54 years 10 months,638000,0.06079271,17820,2026,605 BEDOK RESERVOIR RD Singapore
223488,9464fb66fb34dff1ff1105144c5b77ec7bf88da7f478d9081b1e077832ed73bc,2026-09-05 04:25:26,2026-08,BEDOK,5 ROOM,142,BEDOK RESERVOIR RD,07 TO 09,122.00,Improved,1986,59 years 04 months,750000,0.06079271,17820,2026,142 BEDOK RESERVOIR RD Singapore
223489,3927aebe66092ddcf03acebf0ff71521dfc0141b8890d0c7a67925bd33244af6,2026-09-05 04:25:26,2026-08,BEDOK,5 ROOM,621,BEDOK RESERVOIR RD,07 TO 09,121.00,Improved,1983,55 years 06 months,680000,0.06079271,17820,2026,621 BEDOK RESERVOIR RD Singapore
223490,36e5030e9685569c1958b7fdd314fe46692667c2eefb1ae3a84bacdc0b9f8184,2026-09-05 04:25:26,2026-08,BEDOK,5 ROOM,711,BEDOK RESERVOIR RD,01 TO 03,121.00,Improved,1980,53 years 03 months,600000,0.06079271,17820,2026,711 BEDOK RESERVOIR RD Singapore
223491,b3cc2b55bfcea7f38dadf3c7d978e06a45e67b417a6485aeaf3a801359a8b635,2026-09-05 04:25:26,2026-08,BEDOK,5 ROOM,601,BEDOK RESERVOIR RD,01 TO 03,121.00,Improved,1982,54 years 09 months,600000,0.06079271,17820,2026,601 BEDOK RESERVOIR RD Singapore
223492,20015a3e769f7aa4aa732cc0a3403e8f67c8dec9c10ebba239ecefb3353ab91a,2026-09-05 04:25:26,2026-09,BEDOK,5 ROOM,613B,BEDOK RESERVOIR RD,07 TO 09,121.00,Improved,1998,70 years 06 months,866888,0.06079271,17820,2026,613B BEDOK RESERVOIR RD Singapore
223493,c84c2c58528e173e64abc706b4fb7114afc78e0c20968d00a1321e3da7cc53a8,2026-09-05 04:25:26,2026-09,BEDOK,5 ROOM,601,BEDOK RESERVOIR RD,10 TO 12,121.00,Improved,1982,54 years 09 months,635000,0.06079271,17820,2026,601 BEDOK RESERVOIR RD Singapore
223494,5f9c28f9892b426c7b5c3044c5daec0451745ef666b3acd85d259e7e5cdc9552,2026-09-05 04:25:26,2026-09,BEDOK,5 ROOM,720,BEDOK RESERVOIR RD,07 TO 09,132.00,Model A,1984,56 years 05 months,820000,0.06079271,17820,2026,720 BEDOK RESERVOIR RD Singapore
223495,8f275c28654956a066398b95b94f699101b9f2004f947e91a125143fc21d7ebd,2026-09-05 04:25:26,2026-01,BEDOK,5 ROOM,771,BEDOK RESERVOIR VIEW,16 TO 18,117.00,Premium Apartment,2000,74 years,830000,0.06079271,17820,2026,771 BEDOK RESERVOIR VIEW Singapore
223496,7c73630c78cd1966f81da9a7687f4b0ba767830da821219c84c84a1a320c013f,2026-09-05 04:25:26,2026-02,BEDOK,5 ROOM,771,BEDOK RESERVOIR VIEW,04 TO 06,115.00,Premium Apartment,2000,73 years 11 months,738000,0.06079271,17820,2026,771 BEDOK RESERVOIR VIEW Singapore
223497,a64bce4e00f4c9d72cbd8a5ffa0cab86cc665cc73d06bf61dbc16a571891842d,2026-09-05 04:25:26,2026-02,BEDOK,5 ROOM,769,BEDOK RESERVOIR VIEW,01 TO 03,115.00,Premium Apartment,2000,73 years 11 months,750000,0.06079271,17820,2026,769 BEDOK RESERVOIR VIEW Singapore
223498,79febabacbe2b4b32d52818d6bfa226e4d5c410e44561eb151f2aa7836ecd536,2026-09-05 04:25:26,2026-03,BEDOK,5 ROOM,770,BEDOK RESERVOIR VIEW,10 TO 12,115.00,Premium Apartment,2000,73 years 10 months,770000,0.06079271,17820,2026,770 BEDOK RESERVOIR VIEW Singapore
223499,c77c0a5cc19a9be7bb70f831912eb7f49ed1c16bf4f79ef14c3b1373da62f407,2026-09-05 04:25:26,2026-03,BEDOK,5 ROOM,771,BEDOK RESERVOIR VIEW,10 TO 12,115.00,Premium Apartment,2000,73 years 10 months,795000,0.06079271,17820,2026,771 BEDOK RESERVOIR VIEW Singapore
223500,22e98354e776f4c6cc3eca10194f8707968304566454fa36fddc1d9f55930a5d,2026-09-05 04:25:26,2026-03,BEDOK,5 ROOM,773,BEDOK RESERVOIR VIEW,16 TO 18,115.00,Premium Apartment,2000,73 years 10 months,846888,0.06079271,17820,2026,773 BEDOK RESERVOIR VIEW Singapore
223501,1a379436d681b6fe522afa713fef3e4f3870186b2f70eab2a622c7ecb5a81c1b,2026-09-05 04:25:26,2026-03,BEDOK,5 ROOM,762,BEDOK RESERVOIR VIEW,13 TO 15,115.00,Premium Apartment,2000,73 years 10 months,863000,0.06079271,17820,2026,762 BEDOK RESERVOIR VIEW Singapore
223502,0224d6d40aed01ed00f76060a9dcbaef31bb05bac2e588b54f1126fa17e465d7,2026-09-05 04:25:26,2026-04,BEDOK,5 ROOM,763,BEDOK RESERVOIR VIEW,01 TO 03,115.00,Premium Apartment,2000,73 years 09 months,800000,0.06079271,17820,2026,763 BEDOK RESERVOIR VIEW Singapore
223503,0a144fd58b62c2c9fcf89f0da7b251e92124fef1fd6a0fbfe768a92fc184bc56,2026-09-05 04:25:26,2026-04,BEDOK,5 ROOM,773,BEDOK RESERVOIR VIEW,07 TO 09,115.00,Premium Apartment,2000,73 years 08 months,780000,0.06079271,17820,2026,773 BEDOK RESERVOIR VIEW Singapore
223504,568e6e8622db7a458575da3ac7aae2d2e7c284f1e0166551b27d63ee09630beb,2026-09-05 04:25:26,2026-05,BEDOK,5 ROOM,767,BEDOK RESERVOIR VIEW,01 TO 03,115.00,Premium Apartment,2000,73 years 08 months,790000,0.06079271,17820,2026,767 BEDOK RESERVOIR VIEW Singapore
223505,f794255784dbc28389afef0ee9e57439d62ff11e62e2e0d22a64d867aaab4e39,2026-09-05 04:25:26,2026-05,BEDOK,5 ROOM,772,BEDOK RESERVOIR VIEW,01 TO 03,115.00,Premium Apartment,2000,73 years 08 months,700000,0.06079271,17820,2026,772 BEDOK RESERVOIR VIEW Singapore
223506,42d889e085907f58bc642936d3dbfb7696b7e2954d80b8b66e5ba0d652e658ec,2026-09-05 04:25:26,2026-05,BEDOK,5 ROOM,767,BEDOK RESERVOIR VIEW,04 TO 06,115.00,Premium Apartment,2000,73 years 07 months,769000,0.06079271,17820,2026,767 BEDOK RESERVOIR VIEW Singapore
223507,4192b76885f48f955c97d250c9e50fe8e5eba723c6cd9f41e485b3b42807ffdf,2026-09-05 04:25:26,2026-06,BEDOK,5 ROOM,765,BEDOK RESERVOIR VIEW,04 TO 06,115.00,Premium Apartment,2000,73 years 07 months,808000,0.06079271,17820,2026,765 BEDOK RESERVOIR VIEW Singapore
223508,51c7aa947ead47bbf9dcd264886f9c02615ad69cd8f16b38b0d36c03692c04c0,2026-09-05 04:25:26,2026-07,BEDOK,5 ROOM,773,BEDOK RESERVOIR VIEW,16 TO 18,117.00,Premium Apartment,2000,73 years 06 months,875000,0.06079271,17820,2026,773 BEDOK RESERVOIR VIEW Singapore
223509,399c99385fd5f5d61dafc1c73468099e1e172402df766865705cc5a14008dc98,2026-09-05 04:25:26,2026-07,BEDOK,5 ROOM,761,BEDOK RESERVOIR VIEW,16 TO 18,117.00,Premium Apartment,2000,73 years 06 months,840000,0.06079271,17820,2026,761 BEDOK RESERVOIR VIEW Singapore
223510,eaf674fe80044a81a8cb33c16574a9b71345a8e8c6ffd9b327825f6bb2628473,2026-09-05 04:25:26,2026-07,BEDOK,5 ROOM,762,BEDOK RESERVOIR VIEW,07 TO 09,115.00,Premium Apartment,2000,73 years 05 months,820000,0.06079271,17820,2026,762 BEDOK RESERVOIR VIEW Singapore
223511,e94303136fb4035601b799f6b28ddcc6764cf43c1b04c3d06c57d75f25e2cf56,2026-09-05 04:25:26,2026-08,BEDOK,5 ROOM,766,BEDOK RESERVOIR VIEW,01 TO 03,115.00,Premium Apartment,2000,73 years 05 months,740000,0.06079271,17820,2026,766 BEDOK RESERVOIR VIEW Singapore
223512,3d94de11cae661f60193a954a182095722de0815c64058f79392b63c1dc39494,2026-09-05 04:25:26,2026-08,BEDOK,5 ROOM,765,BEDOK RESERVOIR VIEW,16 TO 18,115.00,Premium Apartment,2000,73 years 05 months,881888,0.06079271,17820,2026,765 BEDOK RESERVOIR VIEW Singapore
223513,e89044576f7fda5e368f29f8c7cab8d3eec69112f25dee85e6291ec928a2e10e,2026-09-05 04:25:26,2026-08,BEDOK,5 ROOM,769,BEDOK RESERVOIR VIEW,13 TO 15,115.00,Premium Apartment,2000,73 years 04 months,830000,0.06079271,17820,2026,769 BEDOK RESERVOIR VIEW Singapore
223514,128ce02cbfed24bc3229f9b25afb9f43b8a99df5f58df767aeee2fd70cfd00c6,2026-09-05 04:25:26,2026-08,BEDOK,5 ROOM,771,BEDOK RESERVOIR VIEW,13 TO 15,115.00,Premium Apartment,2000,73 years 04 months,815000,0.06079271,17820,2026,771 BEDOK RESERVOIR VIEW Singapore
223515,01f72432c07671524dc83ddcd433d13b73a39c10799ef831349f5b1d54a30a61,2026-09-05 04:25:26,2026-08,BEDOK,5 ROOM,770,BEDOK RESERVOIR VIEW,07 TO 09,115.00,Premium Apartment,2000,73 years 04 months,815000,0.06079271,17820,2026,770 BEDOK RESERVOIR VIEW Singapore
223516,b7c7834c0c68f7fa5502684f7a072f5f077ecd8e67c45ee44beaa769752708fc,2026-09-05 04:25:26,2026-01,BEDOK,5 ROOM,14,BEDOK STH AVE 2,10 TO 12,133.00,Model A,1995,69 years,1025000,0.06079271,17820,2026,14 BEDOK STH AVE 2 Singapore
223517,aecf211ccc26c87e20af218cf4ac96cd13e8233f03feaf20c8d7fdc0e970c658,2026-09-05 04:25:26,2026-03,BEDOK,5 ROOM,9,BEDOK STH AVE 2,16 TO 18,133.00,Model A,1993,66 years 03 months,1050000,0.06079271,17820,2026,9 BEDOK STH AVE 2 Singapore
223518,4ded74ba2d1b7929428671417990261a64f1004b464673dd5ad54f957d592aad,2026-09-05 04:25:26,2026-03,BEDOK,5 ROOM,31,BEDOK STH AVE 2,01 TO 03,115.00,Standard,1978,51 years,636888,0.06079271,17820,2026,31 BEDOK STH AVE 2 Singapore
223519,8751c0e122bfd90e9373e1b98b4ab04db78dbec05395d422888e8dc43a369b9f,2026-09-05 04:25:26,2026-05,BEDOK,5 ROOM,14,BEDOK STH AVE 2,04 TO 06,124.00,Improved,1995,68 years 08 months,888000,0.06079271,17820,2026,14 BEDOK STH AVE 2 Singapore
223520,30619711417509626382d348adebb0e154b6c650c1a7ddc107e8ad95f9fcb4f2,2026-09-05 04:25:26,2026-08,BEDOK,5 ROOM,31,BEDOK STH AVE 2,19 TO 21,118.00,Standard,1978,50 years 07 months,850000,0.06079271,17820,2026,31 BEDOK STH AVE 2 Singapore
223521,4f5b647d7342f1ad2b8b8331f6775a10031249ecc2b7a178236b7d585f69f2b4,2026-09-05 04:25:26,2026-09,BEDOK,5 ROOM,32,BEDOK STH AVE 2,13 TO 15,118.00,Standard,1978,50 years 07 months,755000,0.06079271,17820,2026,32 BEDOK STH AVE 2 Singapore
223522,ce0eb2f1124938236944b8a654117ab32328d27a98cbeefeb792da0a35ebb58b,2026-09-05 04:25:26,2026-01,BEDOK,5 ROOM,67,BEDOK STH AVE 3,16 TO 18,123.00,Standard,1977,50 years 10 months,905000,0.06079271,17820,2026,67 BEDOK STH AVE 3 Singapore
223523,df562b27ee252f4728d1e561fc31ef90a06159fa17dda9e42147b0a2a25c7561,2026-09-05 04:25:26,2026-01,BEDOK,5 ROOM,66,BEDOK STH AVE 3,04 TO 06,123.00,Standard,1977,50 years 10 months,820888,0.06079271,17820,2026,66 BEDOK STH AVE 3 Singapore
223524,ac2a727db2a482f9ef1c5f4bcf2304bd3cdfe7fcbaf8e01048f9250831561e3b,2026-09-05 04:25:26,2026-04,BEDOK,5 ROOM,68,BEDOK STH AVE 3,16 TO 18,125.00,Standard,1977,50 years 07 months,825000,0.06079271,17820,2026,68 BEDOK STH AVE 3 Singapore
223525,913c5be08249ac5e0ca813177600429f71f950651b7f619148a24cbb6cd86246,2026-09-05 04:25:26,2026-04,BEDOK,5 ROOM,68,BEDOK STH AVE 3,04 TO 06,123.00,Standard,1977,50 years 07 months,710000,0.06079271,17820,2026,68 BEDOK STH AVE 3 Singapore
223526,07cd05cae6b54bf280e2261466e746ddc092a604f4cba5f0de44e6cbdd5662fe,2026-09-05 04:25:26,2026-01,BEDOK,5 ROOM,172,BEDOK STH RD,04 TO 06,122.00,Improved,1985,58 years 11 months,808000,0.06079271,17820,2026,172 BEDOK STH RD Singapore
223527,fb02d4a135047f07462d1f7f80ec7f7db86d2e4fc2ecdbd0a6d186fd0defab7d,2026-09-05 04:25:26,2026-01,BEDOK,5 ROOM,20,BEDOK STH RD,10 TO 12,117.00,Standard,1976,49 years,748888,0.06079271,17820,2026,20 BEDOK STH RD Singapore
223528,978e2939e19cf5e305a1f810b4ca2143dea8322672f939535c6e01d4457ba61b,2026-09-05 04:25:26,2026-04,BEDOK,5 ROOM,20,BEDOK STH RD,13 TO 15,114.00,Standard,1976,48 years 10 months,738000,0.06079271,17820,2026,20 BEDOK STH RD Singapore
223529,70f584b4ceda63a21e4798c0945dc1aa168eb7f4670fa5a4baabd5bbb2500b31,2026-09-05 04:25:26,2026-04,BEDOK,5 ROOM,20,BEDOK STH RD,04 TO 06,117.00,Standard,1976,48 years 10 months,715888,0.06079271,17820,2026,20 BEDOK STH RD Singapore
223530,c0f29078603218f7f992f6279c4270ab7c4064a4844eec305a80e36039a39330,2026-09-05 04:25:26,2026-05,BEDOK,5 ROOM,153B,BEDOK STH RD,16 TO 18,113.00,Improved,2022,95 years,1400000,0.06079271,17820,2026,153B BEDOK STH RD Singapore
223531,32aa89d74f1c00b94a3d46cbd53ec009c52b57f8bd00fb70e1924eed55488ce1,2026-09-05 04:25:26,2026-05,BEDOK,5 ROOM,153C,BEDOK STH RD,04 TO 06,113.00,Improved,2022,94 years 11 months,1380000,0.06079271,17820,2026,153C BEDOK STH RD Singapore
223532,00c1dbc2b95fe40f58e4ac84db5556df8ce5c727a8aac78a115ec6d37a954f3c,2026-09-05 04:25:26,2026-06,BEDOK,5 ROOM,153C,BEDOK STH RD,07 TO 09,113.00,Improved,2022,94 years 10 months,1370000,0.06079271,17820,2026,153C BEDOK STH RD Singapore
223533,dd4224476b1291829dda0106887aedc3716677735318cb576f1b2bee5af4824b,2026-09-05 04:25:26,2026-07,BEDOK,5 ROOM,153C,BEDOK STH RD,04 TO 06,113.00,Improved,2022,94 years 10 months,1280000,0.06079271,17820,2026,153C BEDOK STH RD Singapore
223534,c7d614fa2008a43d6fa85231c59373ee425934ca10ce3a13eba2bf39e3a2949f,2026-09-05 04:25:26,2026-07,BEDOK,5 ROOM,21,BEDOK STH RD,13 TO 15,117.00,Standard,1976,48 years 07 months,748000,0.06079271,17820,2026,21 BEDOK STH RD Singapore
223535,7a8b8dadc622288918852eabc3bc46459a8bf2002918f81c0a3efd30e8c72110,2026-09-05 04:25:26,2026-07,BEDOK,5 ROOM,164,BEDOK STH RD,01 TO 03,122.00,Improved,1986,58 years 07 months,750000,0.06079271,17820,2026,164 BEDOK STH RD Singapore
223536,47b5896f225b8faa8fdfb2c28b87ce940bfbe1bd2eed40dbb66a59930b0c4ee8,2026-09-05 04:25:26,2026-08,BEDOK,5 ROOM,153B,BEDOK STH RD,16 TO 18,113.00,Improved,2022,94 years 08 months,1450000,0.06079271,17820,2026,153B BEDOK STH RD Singapore
223537,76da41060935dc632ad026a73877b33e046fcb3cbb2878c57360e2a160741776,2026-09-05 04:25:26,2026-09,BEDOK,5 ROOM,152C,BEDOK STH RD,10 TO 12,113.00,Improved,2022,94 years 08 months,1458888,0.06079271,17820,2026,152C BEDOK STH RD Singapore
223538,20b8bca3be4b618c1ebb387c150770de05a1f545ed258eb91090523522550670,2026-09-05 04:25:26,2026-08,BEDOK,5 ROOM,33,CHAI CHEE AVE,22 TO 24,117.00,Standard,1975,47 years 06 months,795000,0.06079271,17820,2026,33 CHAI CHEE AVE Singapore
223539,54013ffeca80ef6683585a96902010f2eaf9ae05dad2eb177b1ecfb7ead44238,2026-09-05 04:25:26,2026-01,BEDOK,5 ROOM,805,CHAI CHEE RD,10 TO 12,128.00,Improved,1993,66 years 04 months,886000,0.06079271,17820,2026,805 CHAI CHEE RD Singapore
223540,db45f71f42585892d8c07525a53e328a8145d77be7047af82ee8405925d3c2ec,2026-09-05 04:25:26,2026-02,BEDOK,5 ROOM,26,CHAI CHEE RD,07 TO 09,128.00,Improved,1993,66 years 04 months,880000,0.06079271,17820,2026,26 CHAI CHEE RD Singapore
223541,54a41f6af5400a4225569605caf72073f5ae917d679b6cfa8df71819ee1a02a2,2026-09-05 04:25:26,2026-02,BEDOK,5 ROOM,63,CHAI CHEE RD,07 TO 09,133.00,Model A,1984,57 years 03 months,755000,0.06079271,17820,2026,63 CHAI CHEE RD Singapore
223542,f3727f01f0dc86f35f1f4a85b5bae345c11ef575f62305e2426aad8199429b03,2026-09-05 04:25:26,2026-03,BEDOK,5 ROOM,2,CHAI CHEE RD,07 TO 09,133.00,Model A,1983,56 years 08 months,739000,0.06079271,17820,2026,2 CHAI CHEE RD Singapore
223543,43305aacd6f562582f4fec1d22619317c4e3c32b6805ddc28ff8c0f77447ceef,2026-09-05 04:25:26,2026-03,BEDOK,5 ROOM,11,CHAI CHEE RD,01 TO 03,120.00,Improved,2001,74 years,862000,0.06079271,17820,2026,11 CHAI CHEE RD Singapore
223544,0ddc7413b1aaa5b30341369dc343fcbd0e62d90b43d8ed7652ddb2eadcb15994,2026-09-05 04:25:26,2026-05,BEDOK,5 ROOM,63,CHAI CHEE RD,07 TO 09,133.00,Model A,1984,57 years,730000,0.06079271,17820,2026,63 CHAI CHEE RD Singapore
223545,24c2ce4b8d78ed69ab951d15a0b3a8b524944f610d49d238a79c6ec3f702354d,2026-09-05 04:25:26,2026-05,BEDOK,5 ROOM,26,CHAI CHEE RD,04 TO 06,122.00,Improved,1993,65 years 11 months,850000,0.06079271,17820,2026,26 CHAI CHEE RD Singapore
223546,df03f3b125699707fe91098fd328774756fad5f60f92dd747a9b9f19675ea591,2026-09-05 04:25:26,2026-06,BEDOK,5 ROOM,804,CHAI CHEE RD,04 TO 06,126.00,Improved,1993,66 years,850000,0.06079271,17820,2026,804 CHAI CHEE RD Singapore
223547,9319a8bb3e5adbc62bf5cd1ce36937b197f5e83e7c9880ac5db5c7f72af8413c,2026-09-05 04:25:26,2026-07,BEDOK,5 ROOM,63,CHAI CHEE RD,04 TO 06,133.00,Model A,1984,56 years 10 months,690000,0.06079271,17820,2026,63 CHAI CHEE RD Singapore
223548,83b67102cd50de470f236858e79df8be12dc9c247b519cf8cb97e3b8588c6317,2026-09-05 04:25:26,2026-08,BEDOK,5 ROOM,807C,CHAI CHEE RD,04 TO 06,113.00,Improved,2016,89 years 04 months,990000,0.06079271,17820,2026,807C CHAI CHEE RD Singapore
223549,bf12a046f6050d7ae487426fd2f5a2de181b1973c853a00dbd81064a99e65d53,2026-09-05 04:25:26,2026-03,BEDOK,5 ROOM,53,CHAI CHEE ST,10 TO 12,121.00,Improved,1981,54 years 04 months,660000,0.06079271,17820,2026,53 CHAI CHEE ST Singapore
223550,e96383bd0f8f68876b317fe817058ff7994100a1232f4e0f3a5b9a94c3ec5875,2026-09-05 04:25:26,2026-05,BEDOK,5 ROOM,52,CHAI CHEE ST,13 TO 15,121.00,Improved,1981,54 years 02 months,695000,0.06079271,17820,2026,52 CHAI CHEE ST Singapore
223551,4c64fb7983d7039644760ca92494165214e87c122ff49aa4069c67cae2808905,2026-09-05 04:25:26,2026-07,BEDOK,5 ROOM,53,CHAI CHEE ST,07 TO 09,121.00,Improved,1981,53 years 11 months,626000,0.06079271,17820,2026,53 CHAI CHEE ST Singapore
223552,c60ab569b59eecb07f592fc112fdeca244aedd95c3a07671fa5aaa89ab4f9b6e,2026-09-05 04:25:26,2026-08,BEDOK,5 ROOM,45,CHAI CHEE ST,01 TO 03,136.00,Adjoined flat,1980,52 years 09 months,770000,0.06079271,17820,2026,45 CHAI CHEE ST Singapore
223553,415c00c8115a9a826676ae38dd11d26cbb2b2fce58271de6b3afc592a5dfb226,2026-09-05 04:25:26,2026-01,BEDOK,5 ROOM,667,JLN DAMAI,07 TO 09,127.00,Improved,1996,69 years 11 months,850000,0.06079271,17820,2026,667 JLN DAMAI Singapore
223554,5ebfdc752e6649e22e04fd69ff1cef8ea63b8ea074d8aa2e4ecc95afecc39be2,2026-09-05 04:25:26,2026-03,BEDOK,5 ROOM,672,JLN DAMAI,07 TO 09,133.00,Model A,1996,69 years 05 months,870000,0.06079271,17820,2026,672 JLN DAMAI Singapore
223555,b2bd0acd6ba60e45f17e8981b8b73a6bbcb95dab095370c7d69d0ad4a0964d2a,2026-09-05 04:25:26,2026-06,BEDOK,5 ROOM,666,JLN DAMAI,13 TO 15,125.00,Improved,1996,69 years 06 months,910000,0.06079271,17820,2026,666 JLN DAMAI Singapore
223556,9ac0419c1cab6db13be910642d50722e49b771015eb0b58a1059043c700982f1,2026-09-05 04:25:26,2026-01,BEDOK,5 ROOM,648,JLN TENAGA,16 TO 18,123.00,Improved,1993,66 years 05 months,858000,0.06079271,17820,2026,648 JLN TENAGA Singapore
223557,a6ba498b643fa1128fd7423eeb2119a977cf1b18de8c2cdffd07e549a8ee03f7,2026-09-05 04:25:26,2026-01,BEDOK,5 ROOM,653,JLN TENAGA,10 TO 12,125.00,Improved,1996,69 years 10 months,855000,0.06079271,17820,2026,653 JLN TENAGA Singapore
223558,dd6ec53b86516af043424f369bbad7758a4bb6aa28808de469cfdb1a888244c2,2026-09-05 04:25:26,2026-02,BEDOK,5 ROOM,655,JLN TENAGA,04 TO 06,133.00,Model A,1996,69 years 10 months,880000,0.06079271,17820,2026,655 JLN TENAGA Singapore
223559,95d9318f7b32c725c44345d98b0ca5f1c9ee446c60330c3254d731c2d0e04790,2026-09-05 04:25:26,2026-02,BEDOK,5 ROOM,658,JLN TENAGA,04 TO 06,125.00,Improved,1996,69 years 09 months,823000,0.06079271,17820,2026,658 JLN TENAGA Singapore
223560,9122ba4e7e4ea19db7b198a27235e8eb50022eb7c856f21befeb242d88d5358a,2026-09-05 04:25:26,2026-02,BEDOK,5 ROOM,645,JLN TENAGA,07 TO 09,126.00,Improved,1993,66 years 07 months,873000,0.06079271,17820,2026,645 JLN TENAGA Singapore
223561,3e0f6025599ece4bd0001d506e31daee3ada6689448d10cbcdd1e14c8d1bf561,2026-09-05 04:25:26,2026-02,BEDOK,5 ROOM,660,JLN TENAGA,01 TO 03,121.00,Improved,1997,69 years 11 months,810000,0.06079271,17820,2026,660 JLN TENAGA Singapore
223562,c1a41943d13f73171c4a07fa010f4048b5ebea74b1a7d0338cd323e79a000601,2026-09-05 04:25:26,2026-02,BEDOK,5 ROOM,658,JLN TENAGA,13 TO 15,127.00,Improved,1996,69 years 08 months,915000,0.06079271,17820,2026,658 JLN TENAGA Singapore
223563,7ae1a12a3e091b676d8b87564048de8fc7f43fe1372b9faf0d960435d298ece0,2026-09-05 04:25:26,2026-03,BEDOK,5 ROOM,649,JLN TENAGA,16 TO 18,123.00,Improved,1993,66 years 02 months,893888,0.06079271,17820,2026,649 JLN TENAGA Singapore
223564,018d3afc8ffe86f02c91c070d2fe793a8837ac48b9780e9d96370374c49ae3e8,2026-09-05 04:25:26,2026-04,BEDOK,5 ROOM,646,JLN TENAGA,04 TO 06,124.00,Improved,1993,66 years 02 months,857000,0.06079271,17820,2026,646 JLN TENAGA Singapore
223565,1e7a45fed28bfce86e3ed6ffde7b1116d8f9417720868e5c9bf58bceb48f1870,2026-09-05 04:25:26,2026-07,BEDOK,5 ROOM,651,JLN TENAGA,07 TO 09,126.00,Improved,1996,69 years 04 months,865000,0.06079271,17820,2026,651 JLN TENAGA Singapore
223566,38eb2ffa3f576556af36cce87d47f5e740482c7d7e3bfd6cc177bdb91c9938bf,2026-09-05 04:25:26,2026-07,BEDOK,5 ROOM,656,JLN TENAGA,07 TO 09,125.00,Improved,1996,69 years 05 months,851888,0.06079271,17820,2026,656 JLN TENAGA Singapore
223567,4b8d760ae161cc89f7f2f1bddf58dbf7db3e88fb2b2be7258c5ef6173885aae7,2026-09-05 04:25:26,2026-07,BEDOK,5 ROOM,652,JLN TENAGA,07 TO 09,125.00,Improved,1996,69 years 04 months,853888,0.06079271,17820,2026,652 JLN TENAGA Singapore
223568,40a7288d0314702e7696319899bc7c3013461d42773495c89f82c45b98f22611,2026-09-05 04:25:26,2026-07,BEDOK,5 ROOM,647,JLN TENAGA,04 TO 06,123.00,Improved,1993,65 years 10 months,788000,0.06079271,17820,2026,647 JLN TENAGA Singapore
223569,bf90941ff746970ac2f0a0927c6a36fd450c17cede88b5ee1dc78987685bf06a,2026-09-05 04:25:26,2026-08,BEDOK,5 ROOM,659,JLN TENAGA,04 TO 06,125.00,Improved,1996,69 years 03 months,860000,0.06079271,17820,2026,659 JLN TENAGA Singapore
223570,644976e08fea3d93ea3b3a88f83417899878a8c8f0e31746e73c10582c50d188,2026-09-05 04:25:26,2026-09,BEDOK,5 ROOM,658,JLN TENAGA,04 TO 06,126.00,Improved,1996,69 years 02 months,838000,0.06079271,17820,2026,658 JLN TENAGA Singapore
223571,d23ff3f0072982688dfdf5fbca51eb34328711dd9485beb3da5908a9c9950b96,2026-09-05 04:25:26,2026-03,BEDOK,5 ROOM,102,LENGKONG TIGA,07 TO 09,129.00,Improved,1989,62 years 05 months,980000,0.06079271,17820,2026,102 LENGKONG TIGA Singapore
223572,00040965e9dc4ba313f2c52158a45936997d44dc9f3c47d7bfbd2031102c1e22,2026-09-05 04:25:26,2026-04,BEDOK,5 ROOM,103,LENGKONG TIGA,07 TO 09,121.00,Improved,1989,61 years 09 months,1058000,0.06079271,17820,2026,103 LENGKONG TIGA Singapore
223573,900c89b2b83f7e3f8bbf1b5bc69dec64be7e21a878b4d50a40169185fa299708,2026-09-05 04:25:26,2026-05,BEDOK,5 ROOM,103,LENGKONG TIGA,13 TO 15,130.00,Improved,1989,61 years 08 months,1168000,0.06079271,17820,2026,103 LENGKONG TIGA Singapore
223574,e091b491aeb6bd0ea0867f94ac0361b78c0c470d4e0a0f45c86cba85563e7ae2,2026-09-05 04:25:26,2026-06,BEDOK,5 ROOM,113,LENGKONG TIGA,01 TO 03,123.00,Improved,1989,61 years 07 months,870000,0.06079271,17820,2026,113 LENGKONG TIGA Singapore
223575,2e06f92b82a8119149eb26674097a73065c7efd10dba2cb70ae69f478c22354e,2026-09-05 04:25:26,2026-06,BEDOK,5 ROOM,102,LENGKONG TIGA,07 TO 09,121.00,Improved,1989,62 years 01 month,1000000,0.06079271,17820,2026,102 LENGKONG TIGA Singapore
223576,35d0b9366aa2a9971aa1f1372b67d0ff7dbff5dca0690e7a7337ed0e5b9b4528,2026-09-05 04:25:26,2026-07,BEDOK,5 ROOM,110,LENGKONG TIGA,04 TO 06,121.00,Improved,1989,61 years 06 months,980000,0.06079271,17820,2026,110 LENGKONG TIGA Singapore
223577,5adc715b469893f1f48d568f9be929413911f0ca6c7f86c34af5edd334624e39,2026-09-05 04:25:26,2026-08,BEDOK,5 ROOM,114,LENGKONG TIGA,10 TO 12,120.00,Improved,1989,61 years 06 months,1090000,0.06079271,17820,2026,114 LENGKONG TIGA Singapore
223578,07d569a66791ddb3be1defcc5bce49f0683faee22c18c9916f47eda516b81dd3,2026-09-05 04:25:26,2026-03,BEDOK,5 ROOM,54,NEW UPP CHANGI RD,01 TO 03,115.00,Standard,1977,50 years 04 months,615000,0.06079271,17820,2026,54 NEW UPP CHANGI RD Singapore
223579,b1f1c0814f643db2170beb4b6527533fcc69161756534b68ad5f886fb548e475,2026-09-05 04:25:26,2026-05,BEDOK,5 ROOM,54,NEW UPP CHANGI RD,19 TO 21,118.00,Standard,1977,50 years 02 months,720000,0.06079271,17820,2026,54 NEW UPP CHANGI RD Singapore
223580,b7c22986d7df0b4a560a5ced109a8a687b5269e8983dae137a811d3e2073b28e,2026-09-05 04:25:26,2026-07,BEDOK,5 ROOM,60,NEW UPP CHANGI RD,13 TO 15,118.00,Standard,1977,50 years 01 month,710000,0.06079271,17820,2026,60 NEW UPP CHANGI RD Singapore
223581,9e057a4d8603a9bf90a9fd3477d70a1f08db544edbd13022438cab943ae875e3,2026-09-05 04:25:26,2026-08,BEDOK,5 ROOM,54,NEW UPP CHANGI RD,19 TO 21,120.00,Standard,1977,49 years 11 months,720000,0.06079271,17820,2026,54 NEW UPP CHANGI RD Singapore
223582,9794caff2f595c91cc002b59fd51bb9b555eca5a2d0b67da59d870139f839906,2026-09-05 04:25:26,2026-09,BEDOK,5 ROOM,61,NEW UPP CHANGI RD,13 TO 15,118.00,Standard,1977,49 years 11 months,750000,0.06079271,17820,2026,61 NEW UPP CHANGI RD Singapore
223583,ed767210ae2f5d74b20f8fc48494b3733f978ffc5b8a198d1ee74efe1c6c7d06,2026-09-05 04:25:26,2026-03,BEDOK,EXECUTIVE,94C,BEDOK NTH AVE 4,01 TO 03,143.00,Apartment,1993,66 years 02 months,961000,0.06079271,17820,2026,94C BEDOK NTH AVE 4 Singapore
223584,bcf48f2dd5c0ff5492110a14799addb4261baf59394061b0c4b855f4f8190533,2026-09-05 04:25:26,2026-04,BEDOK,EXECUTIVE,94B,BEDOK NTH AVE 4,10 TO 12,143.00,Apartment,1993,66 years 01 month,1030000,0.06079271,17820,2026,94B BEDOK NTH AVE 4 Singapore
223585,96024f6e2557a1302c915ce037f94d0c4727e7350f797f26f5fc6776dbd50297,2026-09-05 04:25:26,2026-07,BEDOK,EXECUTIVE,94B,BEDOK NTH AVE 4,04 TO 06,141.00,Apartment,1993,65 years 10 months,930000,0.06079271,17820,2026,94B BEDOK NTH AVE 4 Singapore
223586,ca9b5f35c660b0b7241c7c41926e6854d1bd4ec8ded64b4fd435aa12d5cd11fd,2026-09-05 04:25:26,2026-09,BEDOK,EXECUTIVE,109,BEDOK NTH RD,10 TO 12,163.00,Adjoined flat,1977,49 years 11 months,1050000,0.06079271,17820,2026,109 BEDOK NTH RD Singapore
223587,39d74a8b602f7d06ab09f43f0ad4cd110cd4341be913bb678cf494650d6834e1,2026-09-05 04:25:26,2026-07,BEDOK,EXECUTIVE,135,BEDOK NTH ST 2,10 TO 12,149.00,Adjoined flat,1978,50 years 10 months,918888,0.06079271,17820,2026,135 BEDOK NTH ST 2 Singapore
223588,94bb8480f62eaf9dd3c4c8895a369e32decb016f6efcf9a1f503a9e08d898972,2026-09-05 04:25:26,2026-01,BEDOK,EXECUTIVE,644,BEDOK RESERVOIR RD,13 TO 15,142.00,Apartment,1993,66 years 04 months,1000000,0.06079271,17820,2026,644 BEDOK RESERVOIR RD Singapore
223589,635eebad198b3c40e70acfa565aa8a00d48cf42575bde946ecd4de91813d8d2d,2026-09-05 04:25:26,2026-02,BEDOK,EXECUTIVE,115,BEDOK RESERVOIR RD,04 TO 06,150.00,Maisonette,1985,58 years 09 months,990000,0.06079271,17820,2026,115 BEDOK RESERVOIR RD Singapore
223590,c62d8b726c3ba95b2bc7725251bc9953b3080658a9b0fbb61c8200a8cbfce93f,2026-09-05 04:25:26,2026-03,BEDOK,EXECUTIVE,635,BEDOK RESERVOIR RD,13 TO 15,142.00,Apartment,1993,66 years 03 months,1060000,0.06079271,17820,2026,635 BEDOK RESERVOIR RD Singapore
223591,624f91622a4aad8d945581b28d7cfcd20182031d54fad4b9a1aa5317aa26d747,2026-09-05 04:25:26,2026-03,BEDOK,EXECUTIVE,137,BEDOK RESERVOIR RD,10 TO 12,143.00,Maisonette,1987,59 years 11 months,965000,0.06079271,17820,2026,137 BEDOK RESERVOIR RD Singapore
223592,74873e699fe26085b62043b5b5fb3d91ee9b18c64e916ab6951f6dd36241dac9,2026-09-05 04:25:26,2026-04,BEDOK,EXECUTIVE,643,BEDOK RESERVOIR RD,07 TO 09,145.00,Apartment,1993,66 years 01 month,975000,0.06079271,17820,2026,643 BEDOK RESERVOIR RD Singapore
223593,bb1e5136d0f6000268cd9292589b35ab21930e9e3f81ac4cf42d732ac4327f11,2026-09-05 04:25:26,2026-04,BEDOK,EXECUTIVE,137,BEDOK RESERVOIR RD,10 TO 12,151.00,Maisonette,1987,59 years 09 months,1088888,0.06079271,17820,2026,137 BEDOK RESERVOIR RD Singapore
223594,4bf7a89d6f518511215b119965a6f1e55bbe807f6a82f914b281834babc9ed7d,2026-09-05 04:25:26,2026-05,BEDOK,EXECUTIVE,634,BEDOK RESERVOIR RD,04 TO 06,143.00,Apartment,1993,65 years 11 months,1058000,0.06079271,17820,2026,634 BEDOK RESERVOIR RD Singapore
223595,ec2db7785654bab6aa1f8b8ae4c62ec4398edfb4e80db8d75a3afc6efb1c092e,2026-09-05 04:25:26,2026-05,BEDOK,EXECUTIVE,137,BEDOK RESERVOIR RD,01 TO 03,143.00,Maisonette,1987,59 years 09 months,915000,0.06079271,17820,2026,137 BEDOK RESERVOIR RD Singapore
223596,e74978124ea2d5b2d9091dc41a22b2d2187c0044452583771a64561d7b9f206b,2026-09-05 04:25:26,2026-05,BEDOK,EXECUTIVE,145,BEDOK RESERVOIR RD,04 TO 06,143.00,Maisonette,1987,59 years 10 months,938000,0.06079271,17820,2026,145 BEDOK RESERVOIR RD Singapore
223597,ccb352a9c89e95e91fcf98cc598ed7af65ef0cf1139bc89b1db22718885817b0,2026-09-05 04:25:26,2026-05,BEDOK,EXECUTIVE,640,BEDOK RESERVOIR RD,07 TO 09,144.00,Apartment,1993,66 years 08 months,985000,0.06079271,17820,2026,640 BEDOK RESERVOIR RD Singapore
223598,093969131276f005d9846ade2086003455e6d1cdd49ed82e780de888720d86a6,2026-09-05 04:25:26,2026-06,BEDOK,EXECUTIVE,716,BEDOK RESERVOIR RD,01 TO 03,143.00,Apartment,1984,56 years 08 months,942000,0.06079271,17820,2026,716 BEDOK RESERVOIR RD Singapore
223599,48197e22ab8ddbe46cfb54b5700f50c110ff319e45fd787cc86551db91c097e6,2026-09-05 04:25:26,2026-06,BEDOK,EXECUTIVE,642,BEDOK RESERVOIR RD,07 TO 09,144.00,Apartment,1993,66 years 07 months,970000,0.06079271,17820,2026,642 BEDOK RESERVOIR RD Singapore
223600,9089f9f69e224557a9b1ac0a7a13bf1b14b7838c3a2f8ca7357217be74fe4c2f,2026-09-05 04:25:26,2026-07,BEDOK,EXECUTIVE,721,BEDOK RESERVOIR RD,04 TO 06,148.00,Maisonette,1984,56 years 07 months,920000,0.06079271,17820,2026,721 BEDOK RESERVOIR RD Singapore
223601,1d7758fe3321fd73766aaa5c68094b8f34a62bb50d381519fc31424bb2ca32e7,2026-09-05 04:25:26,2026-07,BEDOK,EXECUTIVE,633,BEDOK RESERVOIR RD,07 TO 09,142.00,Apartment,1993,65 years 10 months,945000,0.06079271,17820,2026,633 BEDOK RESERVOIR RD Singapore
223602,63c34b3aae032cee8c0425b3ace71f15b492266fdda2404f257154c9577f6045,2026-09-05 04:25:26,2026-07,BEDOK,EXECUTIVE,716,BEDOK RESERVOIR RD,10 TO 12,148.00,Maisonette,1984,56 years 06 months,1188888,0.06079271,17820,2026,716 BEDOK RESERVOIR RD Singapore
223603,9f2b4910d9393b9f68d3b649512cfd34d191b05c3c930a0af82908110c79738b,2026-09-05 04:25:26,2026-07,BEDOK,EXECUTIVE,634,BEDOK RESERVOIR RD,16 TO 18,144.00,Apartment,1993,65 years 10 months,1068000,0.06079271,17820,2026,634 BEDOK RESERVOIR RD Singapore
223604,05641b47ac1c77dc72bfc1f73d51969fa703b3102b9c3190da77f1d8e3a832e1,2026-09-05 04:25:26,2026-08,BEDOK,EXECUTIVE,634,BEDOK RESERVOIR RD,16 TO 18,145.00,Apartment,1993,65 years 10 months,1075000,0.06079271,17820,2026,634 BEDOK RESERVOIR RD Singapore
223605,5e5e459d9b393d4e1bd9c12acc3980db1dea98423370664f5bf7c1bde081a6a1,2026-09-05 04:25:26,2026-08,BEDOK,EXECUTIVE,629,BEDOK RESERVOIR RD,04 TO 06,173.00,Apartment,1993,65 years 10 months,1029000,0.06079271,17820,2026,629 BEDOK RESERVOIR RD Singapore
223606,88dd0ba658196c103313037bf70b8a136e4cd862c4b939ba815b6acff43700a6,2026-09-05 04:25:26,2026-08,BEDOK,EXECUTIVE,716,BEDOK RESERVOIR RD,04 TO 06,148.00,Maisonette,1984,56 years 06 months,965000,0.06079271,17820,2026,716 BEDOK RESERVOIR RD Singapore
223607,9234529524931b35c63862f77be9566c72b83a3c624c3e9bbfcbd4351506121d,2026-09-05 04:25:26,2026-09,BEDOK,EXECUTIVE,115,BEDOK RESERVOIR RD,07 TO 09,156.00,Maisonette,1985,58 years 02 months,975000,0.06079271,17820,2026,115 BEDOK RESERVOIR RD Singapore
223608,a610a2f25c80355a2f9a1eae1534f55ce9f61f8e8b270f229cab8e1b44aee09e,2026-09-05 04:25:26,2026-09,BEDOK,EXECUTIVE,716,BEDOK RESERVOIR RD,13 TO 15,151.00,Apartment,1984,56 years 05 months,1030000,0.06079271,17820,2026,716 BEDOK RESERVOIR RD Singapore
223609,163e680aa9efd25ee447ad8172919ef8de5a9334b8bfc188be8b71de6dfb74d2,2026-09-05 04:25:26,2026-04,BEDOK,EXECUTIVE,10B,BEDOK STH AVE 2,07 TO 09,141.00,Apartment,1995,68 years 09 months,1080000,0.06079271,17820,2026,10B BEDOK STH AVE 2 Singapore
223610,d55259da89143d3592cdd953134908d9cda167aca148354a4d69576384e444c3,2026-09-05 04:25:26,2026-06,BEDOK,EXECUTIVE,10B,BEDOK STH AVE 2,19 TO 21,145.00,Apartment,1995,68 years 06 months,1200000,0.06079271,17820,2026,10B BEDOK STH AVE 2 Singapore
223611,0276d3e8aa180aacfdee75cb369f8278ce3740acb662dbe3f588a0768dc7361d,2026-09-05 04:25:26,2026-07,BEDOK,EXECUTIVE,10E,BEDOK STH AVE 2,07 TO 09,144.00,Apartment,1993,65 years 11 months,1138000,0.06079271,17820,2026,10E BEDOK STH AVE 2 Singapore
223612,7a83f78c351f142f849908ba283d90113218399183de73c5c7ed6e31bb8be43b,2026-09-05 04:25:26,2026-01,BEDOK,EXECUTIVE,167,BEDOK STH AVE 3,10 TO 12,146.00,Maisonette,1986,59 years 03 months,1100000,0.06079271,17820,2026,167 BEDOK STH AVE 3 Singapore
223613,fe433cdb09eb5f89de50ff485ccb74bedbd9fad4bd17c275c1bdbef900634c7b,2026-09-05 04:25:26,2026-01,BEDOK,EXECUTIVE,160,BEDOK STH AVE 3,10 TO 12,146.00,Maisonette,1986,59 years 04 months,1100000,0.06079271,17820,2026,160 BEDOK STH AVE 3 Singapore
223614,7928a989937edee08e0e62c9c7a2ee45097945199ebc84168d0675e9caacb32b,2026-09-05 04:25:26,2026-03,BEDOK,EXECUTIVE,167,BEDOK STH AVE 3,04 TO 06,146.00,Maisonette,1986,59 years 02 months,1035000,0.06079271,17820,2026,167 BEDOK STH AVE 3 Singapore
223615,a6bd47651ad3c797b652caa130d8bc3dadf72a7dc51b2b489feec85094cc52fd,2026-09-05 04:25:26,2026-07,BEDOK,EXECUTIVE,167,BEDOK STH AVE 3,04 TO 06,146.00,Maisonette,1986,58 years 10 months,1150000,0.06079271,17820,2026,167 BEDOK STH AVE 3 Singapore
223616,c1cad70ee3c600040a267ee535ead30d0c55aa8fcc963217882635d32635c4d1,2026-09-05 04:25:26,2026-08,BEDOK,EXECUTIVE,160,BEDOK STH AVE 3,04 TO 06,146.00,Maisonette,1986,58 years 09 months,1058888,0.06079271,17820,2026,160 BEDOK STH AVE 3 Singapore
223617,6136af18a4c442a68fdd036f64e5d5016a3767f036abf6784ca2c3c696657e18,2026-09-05 04:25:26,2026-05,BEDOK,EXECUTIVE,29A,CHAI CHEE AVE,07 TO 09,146.00,Maisonette,1996,69 years 06 months,1088000,0.06079271,17820,2026,29A CHAI CHEE AVE Singapore
223618,7d1c3b92b34396ef53b0fb0b4cbbcbae9542a28d9331cf174ea79e20788611e8,2026-09-05 04:25:26,2026-08,BEDOK,EXECUTIVE,29A,CHAI CHEE AVE,13 TO 15,145.00,Apartment,1996,69 years 03 months,1218000,0.06079271,17820,2026,29A CHAI CHEE AVE Singapore
223619,7dce94c0cf55b02fd74c4294a4c932d06edfc8790916a6d5ce53369c0abd4090,2026-09-05 04:25:26,2026-02,BEDOK,EXECUTIVE,661,JLN DAMAI,01 TO 03,145.00,Apartment,1996,69 years 11 months,958000,0.06079271,17820,2026,661 JLN DAMAI Singapore
223620,af42a3ecc1bf67d88b5d9d601612c19d1dccd8d67e4584caa1b8a9207ced9a0f,2026-09-05 04:25:26,2026-06,BEDOK,EXECUTIVE,665,JLN DAMAI,04 TO 06,146.00,Maisonette,1996,69 years 04 months,1060000,0.06079271,17820,2026,665 JLN DAMAI Singapore
223621,631f2dc529121780a52a60e711eba1d0ec1525d263a8b45e93e365485152d47f,2026-09-05 04:25:26,2026-05,BEDOK,EXECUTIVE,108,LENGKONG TIGA,04 TO 06,154.00,Maisonette,1989,61 years 09 months,1200000,0.06079271,17820,2026,108 LENGKONG TIGA Singapore
223622,dff63ed08b269c9d38eca9eb79ef20ae27552b529bb6272fc3199b3b2e318dd3,2026-09-05 04:25:26,2026-07,BEDOK,EXECUTIVE,108,LENGKONG TIGA,07 TO 09,150.00,Maisonette,1989,61 years 08 months,1220000,0.06079271,17820,2026,108 LENGKONG TIGA Singapore
235236,d1678a229b08fa8a418c61940d4eb31ba57e3f30a4979eadba4a200491ada902,2026-09-05 04:25:26,2026-03,TAMPINES,2 ROOM,499A,TAMPINES AVE 9,10 TO 12,46.00,Model A,2014,87 years 01 month,422888,0.06079271,17820,2026,499A TAMPINES AVE 9 Singapore
235237,fb90e682e54e81d244330d540aa6adcd6c330c0aba507eef34519a3c66ece82b,2026-09-05 04:25:26,2026-03,TAMPINES,2 ROOM,499A,TAMPINES AVE 9,10 TO 12,46.00,Model A,2014,87 years 01 month,405000,0.06079271,17820,2026,499A TAMPINES AVE 9 Singapore
235238,af0109dbebbecbd9d8027ad5e1d1bfeda9c76b880abfb7e6a49048cb00f425b9,2026-09-05 04:25:26,2026-06,TAMPINES,2 ROOM,499B,TAMPINES AVE 9,01 TO 03,46.00,Model A,2014,86 years 10 months,390000,0.06079271,17820,2026,499B TAMPINES AVE 9 Singapore
235239,40512477fd5e88406c1f0518f41041dc00e7d6fb88bc3464bd84fb3e6e817e1d,2026-09-05 04:25:26,2026-08,TAMPINES,2 ROOM,499A,TAMPINES AVE 9,04 TO 06,46.00,Model A,2014,86 years 08 months,417588,0.06079271,17820,2026,499A TAMPINES AVE 9 Singapore
235240,77c1f6703ba0e7d9ead0eb1585dc13a219f46b24fe5dca3056d9dd40095c61dd,2026-09-05 04:25:26,2026-04,TAMPINES,2 ROOM,524B,TAMPINES CTRL 7,13 TO 15,47.00,Model A,2015,88 years 05 months,468000,0.06079271,17820,2026,524B TAMPINES CTRL 7 Singapore
235241,ba8d62b11f40014b535008eed660899251c5231af23db4bb6bea9fda9a508523,2026-09-05 04:25:26,2026-07,TAMPINES,2 ROOM,515D,TAMPINES CTRL 7,01 TO 03,50.00,DBSS,2008,81 years 06 months,450000,0.06079271,17820,2026,515D TAMPINES CTRL 7 Singapore
235242,59fb13989770cec337370f4b5a9f36ae16a49e439225db5d13a6989b36f1abee,2026-09-05 04:25:26,2026-07,TAMPINES,2 ROOM,523B,TAMPINES CTRL 7,10 TO 12,47.00,Model A,2015,88 years 01 month,451900,0.06079271,17820,2026,523B TAMPINES CTRL 7 Singapore
235243,2c5d0289634dd6451435a50e700c045a5f5aa07c1e486a8d8b81d8f99a5c0950,2026-09-05 04:25:26,2026-02,TAMPINES,3 ROOM,132,SIMEI ST 1,04 TO 06,64.00,Simplified,1988,61 years 04 months,435000,0.06079271,17820,2026,132 SIMEI ST 1 Singapore
235244,539265d3a9ec2ec7d6540393f481efa701de0a2ee264c78b1d99eec04419bc08,2026-09-05 04:25:26,2026-05,TAMPINES,3 ROOM,139,SIMEI ST 1,01 TO 03,64.00,Simplified,1987,60 years 08 months,450000,0.06079271,17820,2026,139 SIMEI ST 1 Singapore
235245,f16ed60822ff8be85e9f0f79a0c304780047b8cc45734a390f436f83ec056ace,2026-09-05 04:25:26,2026-08,TAMPINES,3 ROOM,132,SIMEI ST 1,01 TO 03,64.00,Simplified,1988,60 years 10 months,460000,0.06079271,17820,2026,132 SIMEI ST 1 Singapore
235246,790e6d8c9673454cb3fdd9e11badb2c55d92555113c355b52824a35c950eab1c,2026-09-05 04:25:26,2026-02,TAMPINES,3 ROOM,890B,TAMPINES AVE 1,07 TO 09,69.00,Model A,2015,88 years 08 months,655000,0.06079271,17820,2026,890B TAMPINES AVE 1 Singapore
235247,fec48cda83efd7650ff0071ed06f8cb8c6133f38423b1a46d990e59006e7557f,2026-09-05 04:25:26,2026-04,TAMPINES,3 ROOM,890B,TAMPINES AVE 1,10 TO 12,69.00,Model A,2015,88 years 06 months,702888,0.06079271,17820,2026,890B TAMPINES AVE 1 Singapore
235248,cb17176ecb9c1ebd63d699fd8cdab45e9e9920c5572d7a7dcceb305272995979,2026-09-05 04:25:26,2026-07,TAMPINES,3 ROOM,890A,TAMPINES AVE 1,04 TO 06,69.00,Model A,2015,88 years 03 months,600000,0.06079271,17820,2026,890A TAMPINES AVE 1 Singapore
235249,1ddc11cf2b7f3f43c2a80a4d86241e0d085dbe6b9b83d4bd0525a24616191ba9,2026-09-05 04:25:26,2026-08,TAMPINES,3 ROOM,890B,TAMPINES AVE 1,13 TO 15,69.00,Model A,2015,88 years 02 months,715000,0.06079271,17820,2026,890B TAMPINES AVE 1 Singapore
235250,97622a285c3f65d2f69b4efb98e96fa12b1f7bfd0b3195c44564b375cc3870cf,2026-09-05 04:25:26,2026-09,TAMPINES,3 ROOM,890C,TAMPINES AVE 1,04 TO 06,69.00,Model A,2015,88 years 01 month,679000,0.06079271,17820,2026,890C TAMPINES AVE 1 Singapore
235251,edb8a6ad7a37afbd95b932e470ef310bfb2a70b79618e116f5e00bbc912bb2b5,2026-09-05 04:25:26,2026-02,TAMPINES,3 ROOM,907,TAMPINES AVE 4,07 TO 09,73.00,Model A,1984,57 years 07 months,510000,0.06079271,17820,2026,907 TAMPINES AVE 4 Singapore
235252,cf3b262a3778a1298f7b657484258f87cc04458d87f10a2d0071577ca440c873,2026-09-05 04:25:26,2026-04,TAMPINES,3 ROOM,909,TAMPINES AVE 4,01 TO 03,73.00,Model A,1984,57 years 01 month,453000,0.06079271,17820,2026,909 TAMPINES AVE 4 Singapore
235253,49910e223aa410cbb4eab4ead0c0fda37a4e2c13419f62509d14a1410d2324a3,2026-09-05 04:25:26,2026-05,TAMPINES,3 ROOM,806,TAMPINES AVE 4,01 TO 03,73.00,Model A,1984,56 years 11 months,495000,0.06079271,17820,2026,806 TAMPINES AVE 4 Singapore
235254,35a24e75df7325464c37980be99fddc13aa60810d2dd151bf73692c1ca1c829c,2026-09-05 04:25:26,2026-06,TAMPINES,3 ROOM,803,TAMPINES AVE 4,01 TO 03,67.00,New Generation,1984,57 years 06 months,470000,0.06079271,17820,2026,803 TAMPINES AVE 4 Singapore
235255,848482929417682a9ff0dab70350c55d748fae0ee38265698f2d4a82497a7ae8,2026-09-05 04:25:26,2026-07,TAMPINES,3 ROOM,909,TAMPINES AVE 4,04 TO 06,73.00,Model A,1984,56 years 10 months,485000,0.06079271,17820,2026,909 TAMPINES AVE 4 Singapore
235256,72d45d9dd9a87f7fc159d48df91ce4beebaf7b26fe2e26611143fb3641e7d5db,2026-09-05 04:25:26,2026-07,TAMPINES,3 ROOM,809,TAMPINES AVE 4,04 TO 06,73.00,Model A,1984,56 years 08 months,480000,0.06079271,17820,2026,809 TAMPINES AVE 4 Singapore
235257,36fbf0797c65de961ad860ed53e9a42ba46b809d48122d3cdbefddfae33e16f5,2026-09-05 04:25:26,2026-08,TAMPINES,3 ROOM,803,TAMPINES AVE 4,07 TO 09,67.00,New Generation,1984,57 years 04 months,480000,0.06079271,17820,2026,803 TAMPINES AVE 4 Singapore
235258,1781c1a6f89a1d41bdea4176769dfddffe08a265d6bf82bba9475670808a04c3,2026-09-05 04:25:26,2026-08,TAMPINES,3 ROOM,810,TAMPINES AVE 4,04 TO 06,73.00,Model A,1984,57 years 01 month,470000,0.06079271,17820,2026,810 TAMPINES AVE 4 Singapore
235259,85cdcfdd2291d530686324ed8a7e154602db4e21f1a59ce8b6bca6e90a632df5,2026-09-05 04:25:26,2026-08,TAMPINES,3 ROOM,807,TAMPINES AVE 4,01 TO 03,73.00,Model A,1984,56 years 08 months,470000,0.06079271,17820,2026,807 TAMPINES AVE 4 Singapore
235260,01521eea66e19880a62ce3e924e5258bdd67a11993af19445a8389bd21e53fc9,2026-09-05 04:25:26,2026-08,TAMPINES,3 ROOM,907,TAMPINES AVE 4,01 TO 03,73.00,Model A,1984,57 years 01 month,445000,0.06079271,17820,2026,907 TAMPINES AVE 4 Singapore
235261,4e53c78bdf64c3cd369df7fe78f5f2e9a8dd9ed67d13311e2f5101e8e08284ca,2026-09-05 04:25:26,2026-01,TAMPINES,3 ROOM,868A,TAMPINES AVE 8,07 TO 09,67.00,Model A,2015,88 years 06 months,608000,0.06079271,17820,2026,868A TAMPINES AVE 8 Singapore
235262,4b09ef655d0c1e8231cae6f14937ec0902fb4ceccbac6de9e4d416b7730a1486,2026-09-05 04:25:26,2026-03,TAMPINES,3 ROOM,868C,TAMPINES AVE 8,07 TO 09,67.00,Model A,2015,88 years 03 months,588000,0.06079271,17820,2026,868C TAMPINES AVE 8 Singapore
235263,e29bd3273008250fac8c472869e04d98c2da29093b6fb9837a37c25494130ec0,2026-09-05 04:25:26,2026-03,TAMPINES,3 ROOM,869B,TAMPINES AVE 8,01 TO 03,67.00,Model A,2015,88 years 03 months,560000,0.06079271,17820,2026,869B TAMPINES AVE 8 Singapore
235264,c2db7cd3c8491219a56173cacd70fce2b630777c918849eb15bfda72e38734ed,2026-09-05 04:25:26,2026-04,TAMPINES,3 ROOM,878,TAMPINES AVE 8,01 TO 03,74.00,Model A,1988,61 years 08 months,455000,0.06079271,17820,2026,878 TAMPINES AVE 8 Singapore
235265,84464af1ed3d6d93b2462614ab4082970c828fca20729bf39074a7567aeaab11,2026-09-05 04:25:26,2026-05,TAMPINES,3 ROOM,868C,TAMPINES AVE 8,01 TO 03,67.00,Model A,2015,88 years 01 month,550000,0.06079271,17820,2026,868C TAMPINES AVE 8 Singapore
235266,6a74529ba616c51043a9f430a7b357f593d7e6aa456ab47bf217b1dd8bab68b7,2026-09-05 04:25:26,2026-06,TAMPINES,3 ROOM,868A,TAMPINES AVE 8,01 TO 03,67.00,Model A,2015,88 years 01 month,520000,0.06079271,17820,2026,868A TAMPINES AVE 8 Singapore
235267,a8e696a08128e8aab289134d25776406e164f4734c453d70072b4060ea796b3d,2026-09-05 04:25:26,2026-07,TAMPINES,3 ROOM,878B,TAMPINES AVE 8,10 TO 12,68.00,Model A,2017,90 years,593888,0.06079271,17820,2026,878B TAMPINES AVE 8 Singapore
235268,a349cedba435e811ed7a6d47c83b13b8657aff1ac39a522f7cd986813f35d566,2026-09-05 04:25:26,2026-08,TAMPINES,3 ROOM,868A,TAMPINES AVE 8,10 TO 12,67.00,Model A,2015,87 years 11 months,608000,0.06079271,17820,2026,868A TAMPINES AVE 8 Singapore
235269,b022057771fce6af49528e6a43eaac31a55c48adbf70ceacfd7b0371b2bdacdd,2026-09-05 04:25:26,2026-08,TAMPINES,3 ROOM,878A,TAMPINES AVE 8,13 TO 15,68.00,Model A,2017,89 years 11 months,588888,0.06079271,17820,2026,878A TAMPINES AVE 8 Singapore
235270,aae0d6fc961bd26d46e70a1ad74821ade8cc255a8270719a84bf57ed455a536f,2026-09-05 04:25:26,2026-01,TAMPINES,3 ROOM,604A,TAMPINES AVE 9,13 TO 15,68.00,Model A,2020,93 years 02 months,630000,0.06079271,17820,2026,604A TAMPINES AVE 9 Singapore
235271,d3a052db3047b0fb6cc7364354132d9867b2a4e743c91e6f9285a5fd4c4529ac,2026-09-05 04:25:26,2026-01,TAMPINES,3 ROOM,601D,TAMPINES AVE 9,04 TO 06,68.00,Model A,2020,93 years 02 months,608000,0.06079271,17820,2026,601D TAMPINES AVE 9 Singapore
235272,376e6127910519df90e19335a3e5072964361b83a4690ff0c92d641a26630d20,2026-09-05 04:25:26,2026-01,TAMPINES,3 ROOM,601D,TAMPINES AVE 9,13 TO 15,68.00,Model A,2020,93 years 01 month,640000,0.06079271,17820,2026,601D TAMPINES AVE 9 Singapore
235273,5da56997597c876c3054833317e971f9659d26c170b329d3d87ea3abb897894a,2026-09-05 04:25:26,2026-04,TAMPINES,3 ROOM,499A,TAMPINES AVE 9,04 TO 06,67.00,Model A,2014,87 years,590000,0.06079271,17820,2026,499A TAMPINES AVE 9 Singapore
235274,da21ceec7d5991a4eb3018cb685c4ffe1cc88ad0d72d01ecc2e2eb24bdae4a9c,2026-09-05 04:25:26,2026-04,TAMPINES,3 ROOM,604A,TAMPINES AVE 9,07 TO 09,68.00,Model A,2020,92 years 11 months,608000,0.06079271,17820,2026,604A TAMPINES AVE 9 Singapore
235275,545435d18dc41f5707574076ea8956ef6278213ca74ec93bf09efc359e25b0f6,2026-09-05 04:25:26,2026-04,TAMPINES,3 ROOM,604A,TAMPINES AVE 9,07 TO 09,68.00,Model A,2020,92 years 11 months,612000,0.06079271,17820,2026,604A TAMPINES AVE 9 Singapore
235276,430b56192a4fca9efc258049715ee99e140b69cb3c2dfefcebff463851270046,2026-09-05 04:25:26,2026-04,TAMPINES,3 ROOM,601D,TAMPINES AVE 9,10 TO 12,68.00,Model A,2020,92 years 10 months,628888,0.06079271,17820,2026,601D TAMPINES AVE 9 Singapore
235277,80e68ff4a4152455590c6617ff7c079c4376c669193d96a3f665d67cc6ca30b8,2026-09-05 04:25:26,2026-05,TAMPINES,3 ROOM,604A,TAMPINES AVE 9,01 TO 03,68.00,Model A,2020,92 years 09 months,545000,0.06079271,17820,2026,604A TAMPINES AVE 9 Singapore
235278,3f8f8dde63dc683d72135cdb4119a5091ebfefbd2b2ae48132bef9d75c0ac9df,2026-09-05 04:25:26,2026-07,TAMPINES,3 ROOM,601B,TAMPINES AVE 9,10 TO 12,68.00,Model A,2020,92 years 08 months,625000,0.06079271,17820,2026,601B TAMPINES AVE 9 Singapore
235279,f190487f365619d72a33cd3ba869621d24ef0c057f4daaa5d9f7944ec95377f4,2026-09-05 04:25:26,2026-07,TAMPINES,3 ROOM,601B,TAMPINES AVE 9,13 TO 15,68.00,Model A,2020,92 years 07 months,640000,0.06079271,17820,2026,601B TAMPINES AVE 9 Singapore
235280,9ef5e08a29913903a4b2c36dbe94d5d2742c03b8ae5aeba427d263c9e14857d0,2026-09-05 04:25:26,2026-08,TAMPINES,3 ROOM,604A,TAMPINES AVE 9,07 TO 09,68.00,Model A,2020,92 years 06 months,610000,0.06079271,17820,2026,604A TAMPINES AVE 9 Singapore
235281,502e3fc707faf6c0e81244b12b78972340e135fc08489a89c79c1ecb7b5aa6f6,2026-09-05 04:25:26,2026-08,TAMPINES,3 ROOM,604A,TAMPINES AVE 9,01 TO 03,68.00,Model A,2020,92 years 07 months,560000,0.06079271,17820,2026,604A TAMPINES AVE 9 Singapore
235282,b8a7523e478e28419981be1799bde0ac00b44bed57420e34d220f182b97d933e,2026-09-05 04:25:26,2026-03,TAMPINES,3 ROOM,524B,TAMPINES CTRL 7,01 TO 03,67.00,Model A,2015,88 years 06 months,575000,0.06079271,17820,2026,524B TAMPINES CTRL 7 Singapore
235283,859ff41b8a9ee7c7fd7eec5554d75b631713ac0d5ae54452a665fe1fed6da1ad,2026-09-05 04:25:26,2026-04,TAMPINES,3 ROOM,522A,TAMPINES CTRL 7,07 TO 09,67.00,Model A,2015,88 years 05 months,620000,0.06079271,17820,2026,522A TAMPINES CTRL 7 Singapore
235284,cec9c4db73711da2a189456e9ca31d50ff2209b79a6040db3579c7918bf34c27,2026-09-05 04:25:26,2026-06,TAMPINES,3 ROOM,523B,TAMPINES CTRL 7,13 TO 15,67.00,Model A,2015,88 years 03 months,640000,0.06079271,17820,2026,523B TAMPINES CTRL 7 Singapore
235285,73e681192aa8b725615c6349213cee9bbc8002dec9f0564e64b70be0cd3be56e,2026-09-05 04:25:26,2026-08,TAMPINES,3 ROOM,522A,TAMPINES CTRL 7,04 TO 06,67.00,Model A,2015,88 years 01 month,610000,0.06079271,17820,2026,522A TAMPINES CTRL 7 Singapore
235286,59d79711c94d155f68e7ce3f58322f0ea6dfcabf5480fd4737f591cae4d989ea,2026-09-05 04:25:26,2026-03,TAMPINES,3 ROOM,519C,TAMPINES CTRL 8,04 TO 06,62.00,DBSS,2014,87 years 04 months,668000,0.06079271,17820,2026,519C TAMPINES CTRL 8 Singapore
235287,a111b1c79b4779d6a6584b6802d3a7cdd6c700a6284f24dfa8a9dfd12eb9e70e,2026-09-05 04:25:26,2026-03,TAMPINES,3 ROOM,520C,TAMPINES CTRL 8,04 TO 06,62.00,DBSS,2014,87 years 04 months,678000,0.06079271,17820,2026,520C TAMPINES CTRL 8 Singapore
235288,82ef6640b4129162ea0a2687ad12a2e4d4656214a56d1da6e554c7d4362215f6,2026-09-05 04:25:26,2026-04,TAMPINES,3 ROOM,520C,TAMPINES CTRL 8,04 TO 06,61.00,DBSS,2014,87 years 03 months,645000,0.06079271,17820,2026,520C TAMPINES CTRL 8 Singapore
235289,26f5f96965ae87fca69025d91df061a2c06c4fd3358584cde9d83e35066eba32,2026-09-05 04:25:26,2026-05,TAMPINES,3 ROOM,519C,TAMPINES CTRL 8,01 TO 03,62.00,DBSS,2014,87 years 02 months,650000,0.06079271,17820,2026,519C TAMPINES CTRL 8 Singapore
235290,16869f621532fba335b44a1a9306343b5ca55c9f08f17d211375f1085cd01d00,2026-09-05 04:25:26,2026-07,TAMPINES,3 ROOM,520A,TAMPINES CTRL 8,04 TO 06,62.00,DBSS,2014,87 years,640000,0.06079271,17820,2026,520A TAMPINES CTRL 8 Singapore
235291,59781d5754a27fb3b5520006b6430603aa5701c8ea462a146bdd34056a948492,2026-09-05 04:25:26,2026-01,TAMPINES,3 ROOM,609C,TAMPINES NTH DR 1,04 TO 06,68.00,Model A,2020,93 years 11 months,588888,0.06079271,17820,2026,609C TAMPINES NTH DR 1 Singapore
235292,a9650d63d93b53b7ddf9d61b8f9ef3eb23ac90d2e4bc2a6faf515968d0debda6,2026-09-05 04:25:26,2026-03,TAMPINES,3 ROOM,613A,TAMPINES NTH DR 1,13 TO 15,69.00,Model A,2020,93 years 08 months,620000,0.06079271,17820,2026,613A TAMPINES NTH DR 1 Singapore
235293,2f9b41ba38fb4e14ba42165cb0805f01cc1626afd9731ec04d3445be402f0258,2026-09-05 04:25:26,2026-03,TAMPINES,3 ROOM,609C,TAMPINES NTH DR 1,01 TO 03,68.00,Model A,2020,93 years 07 months,550000,0.06079271,17820,2026,609C TAMPINES NTH DR 1 Singapore
235294,b096d3d119e1a12623ffacbf675825918256ba193f8cc70e71bdade0dbc87c73,2026-09-05 04:25:26,2026-04,TAMPINES,3 ROOM,613A,TAMPINES NTH DR 1,10 TO 12,69.00,Model A,2020,93 years 06 months,628000,0.06079271,17820,2026,613A TAMPINES NTH DR 1 Singapore
235295,2a65133740d1b31e20ef6a9848fd19c13beb867e2494b37e435bb922a8fe49b9,2026-09-05 04:25:26,2026-06,TAMPINES,3 ROOM,608C,TAMPINES NTH DR 1,10 TO 12,68.00,Model A,2020,93 years 05 months,633800,0.06079271,17820,2026,608C TAMPINES NTH DR 1 Singapore
235296,816df3756d7cda1e1e163da01c18b8bdb782c4d318962e0f00675230cd4ff439,2026-09-05 04:25:26,2026-07,TAMPINES,3 ROOM,609C,TAMPINES NTH DR 1,10 TO 12,68.00,Model A,2020,93 years 04 months,625000,0.06079271,17820,2026,609C TAMPINES NTH DR 1 Singapore
235297,c74ef2ea8fc95d41e807548fb2b756d77a0b818cb7c74ca3e871a47632579e9a,2026-09-05 04:25:26,2026-07,TAMPINES,3 ROOM,612A,TAMPINES NTH DR 1,10 TO 12,69.00,Model A,2020,93 years 04 months,615000,0.06079271,17820,2026,612A TAMPINES NTH DR 1 Singapore
235298,764bae328fc3a3169e68fc9802e2680e626f073441956f24a81b3a4b4fc2f682,2026-09-05 04:25:26,2026-07,TAMPINES,3 ROOM,613A,TAMPINES NTH DR 1,01 TO 03,69.00,Model A,2020,93 years 04 months,570000,0.06079271,17820,2026,613A TAMPINES NTH DR 1 Singapore
235299,df661b979127bd4f6be26e69525fe54170187e8105ad92700eb9d5e52d992a25,2026-09-05 04:25:26,2026-08,TAMPINES,3 ROOM,609C,TAMPINES NTH DR 1,13 TO 15,68.00,Model A,2020,93 years 03 months,635000,0.06079271,17820,2026,609C TAMPINES NTH DR 1 Singapore
235300,76967ecc3f22352a38664e0322cb518390481fa1a40650ba52ac28164bff7641,2026-09-05 04:25:26,2026-08,TAMPINES,3 ROOM,608C,TAMPINES NTH DR 1,07 TO 09,68.00,Model A,2020,93 years 02 months,620888,0.06079271,17820,2026,608C TAMPINES NTH DR 1 Singapore
235301,760e1f399c8c8dabe1b6f041a83a4f0f0bcf38dc723b7417ba54d8b810d86714,2026-09-05 04:25:26,2026-01,TAMPINES,3 ROOM,109,TAMPINES ST 11,04 TO 06,78.00,Model A,1984,57 years 09 months,485000,0.06079271,17820,2026,109 TAMPINES ST 11 Singapore
235302,e0debef904434d79e2466260317457f29bb7a25512a9582e6e1b703d5163a39c,2026-09-05 04:25:26,2026-01,TAMPINES,3 ROOM,103,TAMPINES ST 11,07 TO 09,75.00,Model A,1982,55 years 07 months,485800,0.06079271,17820,2026,103 TAMPINES ST 11 Singapore
235303,75639932aa4766a37458fb4e8948ff52a07071282d76dffcc32146f912271819,2026-09-05 04:25:26,2026-02,TAMPINES,3 ROOM,139,TAMPINES ST 11,01 TO 03,75.00,Model A,1984,57 years 03 months,475000,0.06079271,17820,2026,139 TAMPINES ST 11 Singapore
235304,843e215c872136c434faa2734d09cf4ab9a48b90501bdf2a6bee5f747eac8708,2026-09-05 04:25:26,2026-03,TAMPINES,3 ROOM,105,TAMPINES ST 11,10 TO 12,75.00,Model A,1982,55 years 10 months,475000,0.06079271,17820,2026,105 TAMPINES ST 11 Singapore
235305,b6627d7a3b2a7b73472409066c2b0b6b33b84fe3a469043c3c44cc5222c23f7a,2026-09-05 04:25:26,2026-03,TAMPINES,3 ROOM,139,TAMPINES ST 11,01 TO 03,76.00,Model A,1984,57 years 02 months,445000,0.06079271,17820,2026,139 TAMPINES ST 11 Singapore
235306,bc1ae44bd88628b8a538c5d149e4eb23f2e57f17728d87e0b44cbf32140e6ec1,2026-09-05 04:25:26,2026-03,TAMPINES,3 ROOM,103,TAMPINES ST 11,04 TO 06,75.00,Model A,1982,55 years 05 months,472000,0.06079271,17820,2026,103 TAMPINES ST 11 Singapore
235307,69b353beffc989c6a60eafe418e9d865befc5b01a57bcfd921a337df8077da2f,2026-09-05 04:25:26,2026-03,TAMPINES,3 ROOM,109,TAMPINES ST 11,01 TO 03,74.00,Model A,1984,57 years 07 months,476000,0.06079271,17820,2026,109 TAMPINES ST 11 Singapore
235308,6ce6e3272cda6af5e9481d2e81ada4f6c6be2c8c6e81249cc6411ba051748158,2026-09-05 04:25:26,2026-03,TAMPINES,3 ROOM,107,TAMPINES ST 11,01 TO 03,74.00,Model A,1984,57 years 08 months,483000,0.06079271,17820,2026,107 TAMPINES ST 11 Singapore
235309,e640b23263dad7466546c33a8db5e81c738b68b085373ce41e7c1d91e9ca15ea,2026-09-05 04:25:26,2026-04,TAMPINES,3 ROOM,104,TAMPINES ST 11,04 TO 06,75.00,Model A,1982,55 years 06 months,450000,0.06079271,17820,2026,104 TAMPINES ST 11 Singapore
235310,b8b01cad22e7f706c53accfa0fafc36fbe99aadfabcb1a1b10e11cf4c3dba0ae,2026-09-05 04:25:26,2026-06,TAMPINES,3 ROOM,108,TAMPINES ST 11,10 TO 12,78.00,Model A,1984,57 years 02 months,467000,0.06079271,17820,2026,108 TAMPINES ST 11 Singapore
235311,9e9a135e921f2d51182ac0d3367292d277ba9f30afa13f32578d9e09b19b64cb,2026-09-05 04:25:26,2026-06,TAMPINES,3 ROOM,102,TAMPINES ST 11,07 TO 09,75.00,Model A,1983,56 years 05 months,470000,0.06079271,17820,2026,102 TAMPINES ST 11 Singapore
235312,7deec2af216d16e434a36299b0cd8b9e5907c1e9ce1721ecd391a99623c22b16,2026-09-05 04:25:26,2026-06,TAMPINES,3 ROOM,112,TAMPINES ST 11,07 TO 09,79.00,Model A,1982,55 years 01 month,515000,0.06079271,17820,2026,112 TAMPINES ST 11 Singapore
235313,47916160131a6bfb8e609d653ed651a7b0d73ed63876c991510cd1f8461b255e,2026-09-05 04:25:26,2026-06,TAMPINES,3 ROOM,111,TAMPINES ST 11,07 TO 09,74.00,Model A,1984,57 years 01 month,448000,0.06079271,17820,2026,111 TAMPINES ST 11 Singapore
235314,8719ec02418521fe62cbce3fa5c4aadfbc16adfb514b022ba3ac5a536e827302,2026-09-05 04:25:26,2026-06,TAMPINES,3 ROOM,109,TAMPINES ST 11,10 TO 12,74.00,Model A,1984,57 years 03 months,470000,0.06079271,17820,2026,109 TAMPINES ST 11 Singapore
235315,cda5e99b381a57fd0d037e62387b79784ec9008fe0d8dd070bc788f0b66489d2,2026-09-05 04:25:26,2026-07,TAMPINES,3 ROOM,104,TAMPINES ST 11,04 TO 06,75.00,Model A,1982,55 years 04 months,446000,0.06079271,17820,2026,104 TAMPINES ST 11 Singapore
235316,4597b0eb0269f3feade37f0f418e4ca560c4d7babf7aea5812b8f133596025d3,2026-09-05 04:25:26,2026-07,TAMPINES,3 ROOM,108,TAMPINES ST 11,01 TO 03,74.00,Model A,1984,57 years 01 month,460000,0.06079271,17820,2026,108 TAMPINES ST 11 Singapore
235317,32782f389a85a6e4c455e0d14dac9e48362a8a4e939b6f0d06dd662953bfe3bb,2026-09-05 04:25:26,2026-08,TAMPINES,3 ROOM,113,TAMPINES ST 11,01 TO 03,79.00,Model A,1982,55 years,430000,0.06079271,17820,2026,113 TAMPINES ST 11 Singapore
235318,89d086870881cc0044c575d87c60d4952447058e16d4512a4482899d2d064597,2026-09-05 04:25:26,2026-08,TAMPINES,3 ROOM,139,TAMPINES ST 11,01 TO 03,76.00,Model A,1984,56 years 08 months,440000,0.06079271,17820,2026,139 TAMPINES ST 11 Singapore
235319,ee8e669cb04127faaa055dd82f75f057aa136a36a1af0a7e785705a1fcb049ec,2026-09-05 04:25:26,2026-08,TAMPINES,3 ROOM,112,TAMPINES ST 11,01 TO 03,79.00,Model A,1982,54 years 10 months,495000,0.06079271,17820,2026,112 TAMPINES ST 11 Singapore
235320,bd92c01f5f0456f98aadfe61ccfda459952a91ec782fc30380fcf1c15d421010,2026-09-05 04:25:26,2026-01,TAMPINES,3 ROOM,150,TAMPINES ST 12,04 TO 06,73.00,Model A,1984,57 years 07 months,550000,0.06079271,17820,2026,150 TAMPINES ST 12 Singapore
235321,47103f7d193d12eaaa7be9c5a98ceaa7ffdb9680c1b8132ce207d2901a206801,2026-09-05 04:25:26,2026-01,TAMPINES,3 ROOM,157,TAMPINES ST 12,07 TO 09,68.00,New Generation,1985,58 years 01 month,523000,0.06079271,17820,2026,157 TAMPINES ST 12 Singapore
235322,41f7a7f3ce6c4a9d70d3b8c43da36c6022ebb7226016ee15ca790c5d5e4b2a3a,2026-09-05 04:25:26,2026-03,TAMPINES,3 ROOM,157,TAMPINES ST 12,10 TO 12,68.00,New Generation,1985,57 years 11 months,548888,0.06079271,17820,2026,157 TAMPINES ST 12 Singapore
235323,ed65dc1359f9535799aa8efcb90e542ab59cd88ee665a37b031929845ed1d88e,2026-09-05 04:25:26,2026-03,TAMPINES,3 ROOM,157,TAMPINES ST 12,04 TO 06,68.00,New Generation,1985,57 years 11 months,525000,0.06079271,17820,2026,157 TAMPINES ST 12 Singapore
235324,4daff4966aae1bf8108425509b4ae030f12447bf9bc5ba6a054cd369a026584d,2026-09-05 04:25:26,2026-07,TAMPINES,3 ROOM,157,TAMPINES ST 12,07 TO 09,68.00,New Generation,1985,57 years 07 months,535000,0.06079271,17820,2026,157 TAMPINES ST 12 Singapore
235325,ef0245573e4bd1db502f6409c670cc1a4545f5787cef115dd24eb0ddee51358e,2026-09-05 04:25:26,2026-08,TAMPINES,3 ROOM,150,TAMPINES ST 12,10 TO 12,73.00,Model A,1984,56 years 11 months,560000,0.06079271,17820,2026,150 TAMPINES ST 12 Singapore
235326,eeaa19a509da1bee6ef25005e12e3879572a598c2b25da1d1ff006cdbbcc3576,2026-09-05 04:25:26,2026-08,TAMPINES,3 ROOM,161,TAMPINES ST 12,07 TO 09,74.00,Model A,1984,57 years 02 months,550000,0.06079271,17820,2026,161 TAMPINES ST 12 Singapore
235327,5f3601ad9855fdeb1a5a09bd3f5f23769b577542e764277db751db54f5135d59,2026-09-05 04:25:26,2026-01,TAMPINES,3 ROOM,261,TAMPINES ST 21,07 TO 09,74.00,Model A,1984,57 years 09 months,485000,0.06079271,17820,2026,261 TAMPINES ST 21 Singapore
235328,bacd941eb0db361a9e82ca07adbf11c3d4ebff8a84892f65e9575e48005d1442,2026-09-05 04:25:26,2026-01,TAMPINES,3 ROOM,271,TAMPINES ST 21,01 TO 03,75.00,Model A,1984,57 years 10 months,490000,0.06079271,17820,2026,271 TAMPINES ST 21 Singapore
235329,44cfcfddd6a20e874fc07a3d05a7eb4a83a010f3627ed9c0ddce21c8c7a5ad7a,2026-09-05 04:25:26,2026-01,TAMPINES,3 ROOM,208,TAMPINES ST 21,10 TO 12,75.00,Model A,1982,55 years 10 months,532888,0.06079271,17820,2026,208 TAMPINES ST 21 Singapore
235330,ec9db3c204f8463d13891f01eac00677cef528dba557618f2ddb7f37086a7a57,2026-09-05 04:25:26,2026-01,TAMPINES,3 ROOM,236,TAMPINES ST 21,07 TO 09,73.00,Model A,1984,57 years 10 months,530000,0.06079271,17820,2026,236 TAMPINES ST 21 Singapore
235331,e70cff4ff4b15799e22ef5b26dc70db6828d90851b2392177a7375ca7a7cdd02,2026-09-05 04:25:26,2026-01,TAMPINES,3 ROOM,246,TAMPINES ST 21,10 TO 12,67.00,New Generation,1984,57 years 09 months,450000,0.06079271,17820,2026,246 TAMPINES ST 21 Singapore
235332,c600952e270b4cdeba87c5c86a0cddf6e781fc27ebbe3338a6c54c8ce913676a,2026-09-05 04:25:26,2026-02,TAMPINES,3 ROOM,237,TAMPINES ST 21,10 TO 12,73.00,Model A,1984,57 years 09 months,518000,0.06079271,17820,2026,237 TAMPINES ST 21 Singapore
235333,b7ca10ce34aa667a6773dba5f32ddfee0b659f287dfe415ca86bb4ed05dd847d,2026-09-05 04:25:26,2026-02,TAMPINES,3 ROOM,243,TAMPINES ST 21,07 TO 09,74.00,Model A,1984,57 years 04 months,538000,0.06079271,17820,2026,243 TAMPINES ST 21 Singapore
235334,ccab6cc0cfb6f5db2cb7b0586d16e3b780e29752e712e3f83ecd864105d8d037,2026-09-05 04:25:26,2026-03,TAMPINES,3 ROOM,235,TAMPINES ST 21,07 TO 09,74.00,Model A,1993,66 years 06 months,528000,0.06079271,17820,2026,235 TAMPINES ST 21 Singapore
235335,8f102cd76942b5b6307f0eb262167e9d8cdc336c530b07241a10ef8456d7f39a,2026-09-05 04:25:26,2026-03,TAMPINES,3 ROOM,263,TAMPINES ST 21,04 TO 06,74.00,Model A,1984,57 years 07 months,490000,0.06079271,17820,2026,263 TAMPINES ST 21 Singapore
235336,0ba915649fe678f2d41957de856efb3fc6a504979d000fa3ee7b2bfc097dd6f7,2026-09-05 04:25:26,2026-03,TAMPINES,3 ROOM,202,TAMPINES ST 21,04 TO 06,79.00,Model A,1983,56 years 10 months,450000,0.06079271,17820,2026,202 TAMPINES ST 21 Singapore
235337,7e4465b97c6569e8b7e90feeaaba63b2e6068190e3605f5037c6ccff1215b2eb,2026-09-05 04:25:26,2026-03,TAMPINES,3 ROOM,270,TAMPINES ST 21,04 TO 06,75.00,Model A,1985,58 years 09 months,478000,0.06079271,17820,2026,270 TAMPINES ST 21 Singapore
235338,88f8108e2c01f4f96545b96b7a8adf10d915fc3b2db3d4cc3ff2bc9401b9f275,2026-09-05 04:25:26,2026-04,TAMPINES,3 ROOM,267,TAMPINES ST 21,04 TO 06,75.00,Model A,1983,56 years 05 months,486000,0.06079271,17820,2026,267 TAMPINES ST 21 Singapore
235339,0579eb0d91806b8da24cc146f163689303f676debe85c070c4cb757ef9d8eca7,2026-09-05 04:25:26,2026-04,TAMPINES,3 ROOM,259,TAMPINES ST 21,04 TO 06,74.00,Model A,1985,57 years 11 months,427000,0.06079271,17820,2026,259 TAMPINES ST 21 Singapore
235340,41f788da0470665fd80cc0f2acd46f0c601e4bafd21f5bd296cb8119f96304f9,2026-09-05 04:25:26,2026-04,TAMPINES,3 ROOM,209,TAMPINES ST 21,04 TO 06,79.00,Model A,1982,55 years 05 months,498000,0.06079271,17820,2026,209 TAMPINES ST 21 Singapore
235341,c7025b4c4acc034305956ad342cc3e2df32f46bf782e356fd971d2fd5e7cfd3a,2026-09-05 04:25:26,2026-04,TAMPINES,3 ROOM,240,TAMPINES ST 21,04 TO 06,74.00,Model A,1984,57 years 05 months,500000,0.06079271,17820,2026,240 TAMPINES ST 21 Singapore
235342,7fcc16f8ec14d77dc0730fd50f25e41454fe5aad7b8d3e2eb3d36d14a8058196,2026-09-05 04:25:26,2026-04,TAMPINES,3 ROOM,202,TAMPINES ST 21,01 TO 03,75.00,Model A,1983,56 years 09 months,455000,0.06079271,17820,2026,202 TAMPINES ST 21 Singapore
235343,2a4ba03a02ad094c94b641efd4ccf9757d6b400fe830c2196530e9b999757ee3,2026-09-05 04:25:26,2026-04,TAMPINES,3 ROOM,250,TAMPINES ST 21,01 TO 03,74.00,Model A,1984,57 years 09 months,470000,0.06079271,17820,2026,250 TAMPINES ST 21 Singapore
235344,bd111d1fec075052fd3cdc0856589f5ad1cefe5d1bee260ede090ef60c8177a0,2026-09-05 04:25:26,2026-04,TAMPINES,3 ROOM,202,TAMPINES ST 21,04 TO 06,75.00,Model A,1983,56 years 09 months,520000,0.06079271,17820,2026,202 TAMPINES ST 21 Singapore
235345,0a9527d1593c3651d5c9506e5ca53c511bdde10b13b45e538db00bb577f481b9,2026-09-05 04:25:26,2026-04,TAMPINES,3 ROOM,261,TAMPINES ST 21,04 TO 06,78.00,Model A,1984,57 years 06 months,500000,0.06079271,17820,2026,261 TAMPINES ST 21 Singapore
235346,d87b96ecbbeb89f0c4467d7c0c359a4972080a8899aaa405325ba2a4f5ded86c,2026-09-05 04:25:26,2026-04,TAMPINES,3 ROOM,244,TAMPINES ST 21,07 TO 09,74.00,Model A,1984,57 years 02 months,515000,0.06079271,17820,2026,244 TAMPINES ST 21 Singapore
235347,80f7013c8e31713c8d101e9103890e2ce52c5ccc3b1f24bec1e61eeb47252dbe,2026-09-05 04:25:26,2026-05,TAMPINES,3 ROOM,208,TAMPINES ST 21,01 TO 03,79.00,Model A,1982,55 years 06 months,493888,0.06079271,17820,2026,208 TAMPINES ST 21 Singapore
235348,eebb1e985c7d0c8e3e61ffe8cfe36fc55c88c33992e8faf36d7b2cb266009e8e,2026-09-05 04:25:26,2026-05,TAMPINES,3 ROOM,244,TAMPINES ST 21,01 TO 03,74.00,Model A,1984,57 years 02 months,490000,0.06079271,17820,2026,244 TAMPINES ST 21 Singapore
235349,5043d03b3aab950f2d6f3000b56fae16512a8af58c9ff66a6ae58de7ad0fcb28,2026-09-05 04:25:26,2026-05,TAMPINES,3 ROOM,202,TAMPINES ST 21,10 TO 12,75.00,Model A,1983,56 years 07 months,500888,0.06079271,17820,2026,202 TAMPINES ST 21 Singapore
235350,7a83b37612e45ccb629d182fcad2fbacfaf1623c24714d399c8d6dda9d7c6635,2026-09-05 04:25:26,2026-05,TAMPINES,3 ROOM,235,TAMPINES ST 21,10 TO 12,74.00,Model A,1993,66 years 03 months,540000,0.06079271,17820,2026,235 TAMPINES ST 21 Singapore
235351,3e9c8037acecae982496185bc8a93ec1821cd14e70aff07c9742a4873eb4c96e,2026-09-05 04:25:26,2026-05,TAMPINES,3 ROOM,267,TAMPINES ST 21,10 TO 12,75.00,Model A,1983,56 years 02 months,478000,0.06079271,17820,2026,267 TAMPINES ST 21 Singapore
235352,bd90d8eabbccb842e9a0be1f28d57427afb34761ba5b6f238674beb60396ec42,2026-09-05 04:25:26,2026-05,TAMPINES,3 ROOM,246,TAMPINES ST 21,10 TO 12,67.00,New Generation,1984,57 years 05 months,455000,0.06079271,17820,2026,246 TAMPINES ST 21 Singapore
235353,2be074734f1290759629286285bf73edb298dc72cb0ce7a82b65b3ef7c04c8fd,2026-09-05 04:25:26,2026-06,TAMPINES,3 ROOM,267,TAMPINES ST 21,01 TO 03,75.00,Model A,1983,56 years 02 months,455000,0.06079271,17820,2026,267 TAMPINES ST 21 Singapore
235354,fd25bec0441bcda07468239d5193fd2331613660a5685a62f3b5b15b1cd18ee6,2026-09-05 04:25:26,2026-06,TAMPINES,3 ROOM,271,TAMPINES ST 21,07 TO 09,75.00,Model A,1984,57 years 05 months,460000,0.06079271,17820,2026,271 TAMPINES ST 21 Singapore
235355,3e67fec1af16f151df2673b3b214c6804c7d67f3df105b03c285627d2357ba21,2026-09-05 04:25:26,2026-06,TAMPINES,3 ROOM,202,TAMPINES ST 21,07 TO 09,75.00,Model A,1983,56 years 07 months,460000,0.06079271,17820,2026,202 TAMPINES ST 21 Singapore
235356,435ec566687e40e0aa868e94f10088c0e3f586d3572e8f1cf6dd0c681750432f,2026-09-05 04:25:26,2026-06,TAMPINES,3 ROOM,209,TAMPINES ST 21,07 TO 09,75.00,Model A,1982,55 years 03 months,465000,0.06079271,17820,2026,209 TAMPINES ST 21 Singapore
235357,5722e899cb9e1baf2a836d012fe0f2d9e82871d894f3d093595429a6e071a8e5,2026-09-05 04:25:26,2026-06,TAMPINES,3 ROOM,251,TAMPINES ST 21,04 TO 06,78.00,Model A,1985,57 years 08 months,495000,0.06079271,17820,2026,251 TAMPINES ST 21 Singapore
235358,893e577dab9967efc5a8951e60adaba26388570b204b6d599c41edb1e90a91a6,2026-09-05 04:25:26,2026-06,TAMPINES,3 ROOM,250,TAMPINES ST 21,04 TO 06,74.00,Model A,1984,57 years 07 months,450000,0.06079271,17820,2026,250 TAMPINES ST 21 Singapore
235359,050dfe72967def891fcae5c4f36dc24791582fc3cf305ad858f327933f76f9da,2026-09-05 04:25:26,2026-06,TAMPINES,3 ROOM,261,TAMPINES ST 21,01 TO 03,78.00,Model A,1984,57 years 03 months,460000,0.06079271,17820,2026,261 TAMPINES ST 21 Singapore
235360,c2f42456fc297a363d89663339e47b6bdeb783a4ca426fd4a7351314a708b356,2026-09-05 04:25:26,2026-06,TAMPINES,3 ROOM,207,TAMPINES ST 21,04 TO 06,79.00,Model A,1982,55 years,460000,0.06079271,17820,2026,207 TAMPINES ST 21 Singapore
235361,f2bf82b7fce14dcfac50a88992fd01dbec24f8d1174c830fd1130f756a3be859,2026-09-05 04:25:26,2026-07,TAMPINES,3 ROOM,266,TAMPINES ST 21,04 TO 06,74.00,Model A,1984,57 years 02 months,488000,0.06079271,17820,2026,266 TAMPINES ST 21 Singapore
235362,556405022c0370ba8cec7bcf38b880ffef367be5c520d328832579cda73048c0,2026-09-05 04:25:26,2026-07,TAMPINES,3 ROOM,234,TAMPINES ST 21,07 TO 09,73.00,Model A,1984,57 years 06 months,515000,0.06079271,17820,2026,234 TAMPINES ST 21 Singapore
235363,d5e28194bd1f6800f0cfac93105a7b38024eb5a623b404de504aaa371dc50c4d,2026-09-05 04:25:26,2026-07,TAMPINES,3 ROOM,235,TAMPINES ST 21,10 TO 12,74.00,Model A,1993,66 years 01 month,550000,0.06079271,17820,2026,235 TAMPINES ST 21 Singapore
235364,80e8ecc318a242af5c98b6b1868d1a5d2ce29d44f1017d37d184750d85495147,2026-09-05 04:25:26,2026-07,TAMPINES,3 ROOM,206,TAMPINES ST 21,07 TO 09,79.00,Model A,1982,55 years 02 months,460000,0.06079271,17820,2026,206 TAMPINES ST 21 Singapore
235365,556d744d5768423c9d4314128b933e52e85a2539095e1d5f4a51bcf58c37c63a,2026-09-05 04:25:26,2026-07,TAMPINES,3 ROOM,235,TAMPINES ST 21,10 TO 12,74.00,Model A,1993,66 years 01 month,555000,0.06079271,17820,2026,235 TAMPINES ST 21 Singapore
235366,cf14bf868519dccd93adab18c6e40a0f2ce27f0de38f33e8d9f81c33b18a487a,2026-09-05 04:25:26,2026-07,TAMPINES,3 ROOM,242,TAMPINES ST 21,01 TO 03,67.00,New Generation,1984,57 years 04 months,470000,0.06079271,17820,2026,242 TAMPINES ST 21 Singapore
235367,0dc7c44a8b9ace4722e70550eca3da9636eaf34b4d867de64a474b36d354d4d1,2026-09-05 04:25:26,2026-07,TAMPINES,3 ROOM,235,TAMPINES ST 21,01 TO 03,74.00,Model A,1993,66 years,500000,0.06079271,17820,2026,235 TAMPINES ST 21 Singapore
235368,e3d37845a6ffc27dbd6ce3b4295e018a2afc3a985ca2e58c8f862f1a0280da3f,2026-09-05 04:25:26,2026-08,TAMPINES,3 ROOM,271,TAMPINES ST 21,01 TO 03,75.00,Model A,1984,57 years 03 months,440000,0.06079271,17820,2026,271 TAMPINES ST 21 Singapore
235369,f63006fce45d61e8787b8e402a4a53f66945048a2e8a81af75bfa7c777465c7a,2026-09-05 04:25:26,2026-08,TAMPINES,3 ROOM,250,TAMPINES ST 21,01 TO 03,74.00,Model A,1984,57 years 05 months,470000,0.06079271,17820,2026,250 TAMPINES ST 21 Singapore
235370,bd7bd277cc86cf237bb323c7a7ea018ab97832d0691a3f4bab023c6dba90bd78,2026-09-05 04:25:26,2026-08,TAMPINES,3 ROOM,267,TAMPINES ST 21,10 TO 12,75.00,Model A,1983,56 years,500000,0.06079271,17820,2026,267 TAMPINES ST 21 Singapore
235371,ef7a3fc666450017677440558a46cfa4e08e87458530281948b1dbc48c9fca09,2026-09-05 04:25:26,2026-08,TAMPINES,3 ROOM,236,TAMPINES ST 21,10 TO 12,73.00,Model A,1984,57 years 02 months,556500,0.06079271,17820,2026,236 TAMPINES ST 21 Singapore
235372,cd195551a75742a5160ff72e999f1fe0f0170b19cebf7faf6b41fbe7c57bb074,2026-09-05 04:25:26,2026-08,TAMPINES,3 ROOM,207,TAMPINES ST 21,07 TO 09,75.00,Model A,1982,54 years 10 months,425000,0.06079271,17820,2026,207 TAMPINES ST 21 Singapore
235373,48f9df921320a348d6eee05fc87c7510d9b0160488342a5bc33806b99e61714a,2026-09-05 04:25:26,2026-09,TAMPINES,3 ROOM,243,TAMPINES ST 21,10 TO 12,74.00,Model A,1984,56 years 10 months,515000,0.06079271,17820,2026,243 TAMPINES ST 21 Singapore
235374,436bad86d249d53581776408088ac1282f1b20cc5bb3681702ed2f988fccc6ad,2026-09-05 04:25:26,2026-09,TAMPINES,3 ROOM,250,TAMPINES ST 21,04 TO 06,74.00,Model A,1984,57 years 04 months,518000,0.06079271,17820,2026,250 TAMPINES ST 21 Singapore
235375,cb73224b4b0b1c70eea29883a0b4e344d0876fe4def54f16793ad376f430f77f,2026-09-05 04:25:26,2026-01,TAMPINES,3 ROOM,295,TAMPINES ST 22,07 TO 09,73.00,Model A,1984,57 years 03 months,460888,0.06079271,17820,2026,295 TAMPINES ST 22 Singapore
235376,fbc6ac6167986e4492b3134194d729995a72320a3dc0b5dca7b694758d9c2914,2026-09-05 04:25:26,2026-01,TAMPINES,3 ROOM,281,TAMPINES ST 22,07 TO 09,74.00,Model A,1984,58 years,460000,0.06079271,17820,2026,281 TAMPINES ST 22 Singapore
235377,5963691883293bbad0a23a23330286643bb3f5a7c1791b1d66ab92631f4c122f,2026-09-05 04:25:26,2026-01,TAMPINES,3 ROOM,296,TAMPINES ST 22,04 TO 06,67.00,New Generation,1985,58 years 06 months,443300,0.06079271,17820,2026,296 TAMPINES ST 22 Singapore
235378,67098ed4f027fc8749b1a7f222a90b414d4161331b7135c9ec651d54a2319573,2026-09-05 04:25:26,2026-02,TAMPINES,3 ROOM,283,TAMPINES ST 22,01 TO 03,74.00,Model A,1984,57 years 08 months,460000,0.06079271,17820,2026,283 TAMPINES ST 22 Singapore
235379,a303fa3cff86b7442814bc758f1fba491802bdb80fd7274b98555e5cc17541b9,2026-09-05 04:25:26,2026-02,TAMPINES,3 ROOM,296,TAMPINES ST 22,07 TO 09,67.00,New Generation,1985,58 years 06 months,455000,0.06079271,17820,2026,296 TAMPINES ST 22 Singapore
235380,4b2dec88d7a259c231f0fa751ff194089cab339cc85cc6eb3181f438b6e9cc3c,2026-09-05 04:25:26,2026-02,TAMPINES,3 ROOM,285,TAMPINES ST 22,01 TO 03,74.00,Model A,1984,57 years 06 months,480000,0.06079271,17820,2026,285 TAMPINES ST 22 Singapore
235381,aac54d54768f992d7d7a0cca92841a487d6cc9bb505916d222a1b94f4e3911e0,2026-09-05 04:25:26,2026-03,TAMPINES,3 ROOM,285,TAMPINES ST 22,04 TO 06,74.00,Model A,1984,57 years 05 months,465888,0.06079271,17820,2026,285 TAMPINES ST 22 Singapore
235382,e577554497a47b823daac16a030df7ade223f18f6e769faf4b07c5e202ab4626,2026-09-05 04:25:26,2026-04,TAMPINES,3 ROOM,295,TAMPINES ST 22,01 TO 03,73.00,Model A,1984,57 years,450000,0.06079271,17820,2026,295 TAMPINES ST 22 Singapore
235383,8b0c91a0b6877203ab7f72e9e1530cea569447d105733511736dd391de2aeb98,2026-09-05 04:25:26,2026-04,TAMPINES,3 ROOM,274,TAMPINES ST 22,10 TO 12,73.00,Model A,1984,57 years 04 months,480000,0.06079271,17820,2026,274 TAMPINES ST 22 Singapore
235384,8c0c87710b3b179f1a0c15952bc01d27642e7cedd084c9648141fb9fe2d2b346,2026-09-05 04:25:26,2026-04,TAMPINES,3 ROOM,275,TAMPINES ST 22,01 TO 03,73.00,Model A,1985,57 years 10 months,473000,0.06079271,17820,2026,275 TAMPINES ST 22 Singapore
235385,84c1355e929b49979f17fb5430433b9ee92ec26573f3e1a53ff8231e35056c48,2026-09-05 04:25:26,2026-05,TAMPINES,3 ROOM,291,TAMPINES ST 22,10 TO 12,73.00,Model A,1984,57 years 02 months,475000,0.06079271,17820,2026,291 TAMPINES ST 22 Singapore
235386,187cee221f029c64253ba44bfb9eb9450e930458758582601b78bea16601e644,2026-09-05 04:25:26,2026-06,TAMPINES,3 ROOM,275,TAMPINES ST 22,04 TO 06,73.00,Model A,1985,57 years 08 months,485000,0.06079271,17820,2026,275 TAMPINES ST 22 Singapore
235387,ffe5982f868042d0db2f93ccca80d51cb81a245b21835bd5ca34c6c975c2d9cd,2026-09-05 04:25:26,2026-06,TAMPINES,3 ROOM,286,TAMPINES ST 22,07 TO 09,74.00,Model A,1984,57 years 01 month,435000,0.06079271,17820,2026,286 TAMPINES ST 22 Singapore
235388,19691d799cc3326d86f512cb019af49c9d41337b965ca982a9f412d59a448196,2026-09-05 04:25:26,2026-06,TAMPINES,3 ROOM,275,TAMPINES ST 22,01 TO 03,73.00,Model A,1985,57 years 08 months,455000,0.06079271,17820,2026,275 TAMPINES ST 22 Singapore
235389,b5099918644f519c102ac3a606b83ef03aaaceb89be1cdf4ae1e4deff57904f2,2026-09-05 04:25:26,2026-06,TAMPINES,3 ROOM,285,TAMPINES ST 22,07 TO 09,84.00,Model A,1984,57 years 02 months,522000,0.06079271,17820,2026,285 TAMPINES ST 22 Singapore
235390,dbb1182988c209069c7a7f7c33ccb33d2340a29e7a96854b630c4fa7cb990c57,2026-09-05 04:25:26,2026-07,TAMPINES,3 ROOM,290,TAMPINES ST 22,04 TO 06,67.00,New Generation,1985,58 years 02 months,420000,0.06079271,17820,2026,290 TAMPINES ST 22 Singapore
235391,e741b29a658aa3f914b32da06a77a3a17567bceca2ecf4874809d4d9d3c7b4dc,2026-09-05 04:25:26,2026-08,TAMPINES,3 ROOM,295,TAMPINES ST 22,04 TO 06,73.00,Model A,1984,56 years 08 months,435888,0.06079271,17820,2026,295 TAMPINES ST 22 Singapore
235392,a4205d325b2432739e8304c2047eff8b670ced40e050756448286ad4685a8cfb,2026-09-05 04:25:26,2026-08,TAMPINES,3 ROOM,284,TAMPINES ST 22,10 TO 12,78.00,Model A,1984,57 years,480000,0.06079271,17820,2026,284 TAMPINES ST 22 Singapore
235393,d4a1e6270e77a953418167339e1b8a952ede1b1cdd5907933cb37fbce7e9f59d,2026-09-05 04:25:26,2026-08,TAMPINES,3 ROOM,284,TAMPINES ST 22,04 TO 06,74.00,Model A,1984,56 years 11 months,480000,0.06079271,17820,2026,284 TAMPINES ST 22 Singapore
235394,b354991c20ae298dc8f641294edc773febd67771ae7ff4cde15340c12a9ddd2b,2026-09-05 04:25:26,2026-08,TAMPINES,3 ROOM,272,TAMPINES ST 22,10 TO 12,73.00,Model A,1984,56 years 11 months,466000,0.06079271,17820,2026,272 TAMPINES ST 22 Singapore
235395,8486c57ee10b0cde10d5bcf0309f739691bdba7911b137ac340337b576fa8caf,2026-09-05 04:25:26,2026-09,TAMPINES,3 ROOM,296,TAMPINES ST 22,04 TO 06,67.00,New Generation,1985,57 years 11 months,450000,0.06079271,17820,2026,296 TAMPINES ST 22 Singapore
235396,19a28175f8d6e0348b39625c3fcd0424818dbf781a5506dea2457d08830b4d4d,2026-09-05 04:25:26,2026-01,TAMPINES,3 ROOM,226,TAMPINES ST 23,04 TO 06,73.00,Model A,1985,58 years 03 months,495000,0.06079271,17820,2026,226 TAMPINES ST 23 Singapore
235397,d1707f0b9fd1e061a96f34b7b59fb9ef367c340c5ad9303838d68f641c9536c9,2026-09-05 04:25:26,2026-01,TAMPINES,3 ROOM,227,TAMPINES ST 23,01 TO 03,67.00,New Generation,1986,59 years 04 months,475000,0.06079271,17820,2026,227 TAMPINES ST 23 Singapore
235398,1c2f496c0643e1605ff79e0f03978546317a608c0e5961305d42397125d46bb5,2026-09-05 04:25:26,2026-02,TAMPINES,3 ROOM,211,TAMPINES ST 23,07 TO 09,69.00,New Generation,1985,58 years 05 months,490000,0.06079271,17820,2026,211 TAMPINES ST 23 Singapore
235399,bfdc5b14c4e8b769f17a9fcfc15ed2cf0d97e005fd205b796f9eadd56af5700a,2026-09-05 04:25:26,2026-03,TAMPINES,3 ROOM,201E,TAMPINES ST 23,01 TO 03,82.00,New Generation,1987,60 years 09 months,490000,0.06079271,17820,2026,201E TAMPINES ST 23 Singapore
235400,9f0e27b4d71342550e888035933dfdd531667444f64ce18609d5b0d8487909b9,2026-09-05 04:25:26,2026-03,TAMPINES,3 ROOM,228,TAMPINES ST 23,01 TO 03,67.00,New Generation,1985,57 years 11 months,478000,0.06079271,17820,2026,228 TAMPINES ST 23 Singapore
235401,da7bab2b74104a19076c97c5ec3138417c0ddbc9ae48c89e6507ecd032922a14,2026-09-05 04:25:26,2026-04,TAMPINES,3 ROOM,217,TAMPINES ST 23,01 TO 03,71.00,New Generation,1986,58 years 11 months,460000,0.06079271,17820,2026,217 TAMPINES ST 23 Singapore
235402,2db74d1c52fae2903388fa0147cc119ad70a3955e1cff68afa89f98e5fc132a6,2026-09-05 04:25:26,2026-04,TAMPINES,3 ROOM,214,TAMPINES ST 23,04 TO 06,67.00,New Generation,1985,58 years 09 months,440000,0.06079271,17820,2026,214 TAMPINES ST 23 Singapore
235403,bd78c501383e9c07e1ded55165b6c7278416f3b33e0f5ad57257d65164a0e9f7,2026-09-05 04:25:26,2026-04,TAMPINES,3 ROOM,226,TAMPINES ST 23,01 TO 03,73.00,Model A,1985,58 years,483000,0.06079271,17820,2026,226 TAMPINES ST 23 Singapore
235404,bdd56657dc77278ef3e773806212b1aedbd192c4b42df566954678a98ebeb9d8,2026-09-05 04:25:26,2026-05,TAMPINES,3 ROOM,215,TAMPINES ST 23,01 TO 03,67.00,New Generation,1985,58 years 06 months,460000,0.06079271,17820,2026,215 TAMPINES ST 23 Singapore
235405,fb8127cbc4e8e966ff6a733839c396f04e3cdfd4ddd5736aa96792c7004bddfc,2026-09-05 04:25:26,2026-05,TAMPINES,3 ROOM,211,TAMPINES ST 23,10 TO 12,67.00,New Generation,1985,58 years 02 months,503000,0.06079271,17820,2026,211 TAMPINES ST 23 Singapore
235406,ecb120e5e32afb93230df37c95460de9dc99378491615abbc875a1884da9b27c,2026-09-05 04:25:26,2026-05,TAMPINES,3 ROOM,225,TAMPINES ST 23,10 TO 12,73.00,Model A,1984,57 years 08 months,525000,0.06079271,17820,2026,225 TAMPINES ST 23 Singapore
235407,13e3e3c20e305901aadeacf86a8f91d37919b9cc5b26d4682e00f6d3d2d36d5d,2026-09-05 04:25:26,2026-05,TAMPINES,3 ROOM,212,TAMPINES ST 23,01 TO 03,73.00,Model A,1985,58 years,480000,0.06079271,17820,2026,212 TAMPINES ST 23 Singapore
235408,3e0808674003d4958ab3e35ea9bfc90efe05d1409b0401c200d8a532726d2305,2026-09-05 04:25:26,2026-06,TAMPINES,3 ROOM,215,TAMPINES ST 23,10 TO 12,67.00,New Generation,1985,58 years 05 months,475000,0.06079271,17820,2026,215 TAMPINES ST 23 Singapore
235409,f064f3f5454e2830a47276fbf0cf6ce92c517962637847cc786abfc2a8f91335,2026-09-05 04:25:26,2026-06,TAMPINES,3 ROOM,215,TAMPINES ST 23,10 TO 12,67.00,New Generation,1985,58 years 05 months,465000,0.06079271,17820,2026,215 TAMPINES ST 23 Singapore
235410,7785f3ee0f86e56d082d7b202cc688c3f2c833c5750dce37fdd85276525a717c,2026-09-05 04:25:26,2026-02,TAMPINES,3 ROOM,221,TAMPINES ST 24,07 TO 09,73.00,Model A,1984,57 years 10 months,470000,0.06079271,17820,2026,221 TAMPINES ST 24 Singapore
235411,1e13ca458d6b0d3504f61f037e39425b2c36cd7d7aa48f3262edd209bb04b158,2026-09-05 04:25:26,2026-05,TAMPINES,3 ROOM,219,TAMPINES ST 24,10 TO 12,73.00,Model A,1985,57 years 09 months,465000,0.06079271,17820,2026,219 TAMPINES ST 24 Singapore
235412,d05ce3db3862055e2265293e305d485eb67e320c30ffb730c2ee51c3b1431f07,2026-09-05 04:25:26,2026-06,TAMPINES,3 ROOM,218,TAMPINES ST 24,07 TO 09,73.00,Model A,1985,57 years 10 months,462000,0.06079271,17820,2026,218 TAMPINES ST 24 Singapore
235413,e8012fe62dea386a33c9a32be87c0f89f33f693c2a1d34c1527d8d9e0f3026f0,2026-09-05 04:25:26,2026-07,TAMPINES,3 ROOM,219,TAMPINES ST 24,04 TO 06,73.00,Model A,1985,57 years 07 months,438888,0.06079271,17820,2026,219 TAMPINES ST 24 Singapore
235414,a338b11268f1fd76d4ce9f72aedd17d0f5cd87ffa708823c7217257a8a945039,2026-09-05 04:25:26,2026-08,TAMPINES,3 ROOM,221,TAMPINES ST 24,04 TO 06,73.00,Model A,1984,57 years 04 months,495000,0.06079271,17820,2026,221 TAMPINES ST 24 Singapore
235415,00612ad78b80e3d0f2be33ab2e4fa5601d269b496a1f85ef2039b87df5c61912,2026-09-05 04:25:26,2026-02,TAMPINES,3 ROOM,424,TAMPINES ST 41,01 TO 03,74.00,Model A,1985,58 years 02 months,420000,0.06079271,17820,2026,424 TAMPINES ST 41 Singapore
235416,472aff9fae9e6e7d4ff7c00c124296c3f21b7e4fd6c66b50952bba23664d3012,2026-09-05 04:25:26,2026-02,TAMPINES,3 ROOM,412,TAMPINES ST 41,01 TO 03,66.00,Improved,1985,58 years 09 months,440000,0.06079271,17820,2026,412 TAMPINES ST 41 Singapore
235417,6de3d1b1ca239c5b287f749cd5574dad4ea5fb647e95a19022da5e4717be9fd2,2026-09-05 04:25:26,2026-02,TAMPINES,3 ROOM,419,TAMPINES ST 41,01 TO 03,64.00,Simplified,1985,58 years 10 months,435000,0.06079271,17820,2026,419 TAMPINES ST 41 Singapore
235418,c3b4c69dee19c7e688c64c1fd79f443d72b99512171eb5d8c8fc4d6d0e4a9854,2026-09-05 04:25:26,2026-03,TAMPINES,3 ROOM,419,TAMPINES ST 41,01 TO 03,64.00,Simplified,1985,58 years 09 months,415000,0.06079271,17820,2026,419 TAMPINES ST 41 Singapore
235419,026260a4507f30557c35e87a99aa9564635e4f8deca2ca7fd994c831904c3736,2026-09-05 04:25:26,2026-03,TAMPINES,3 ROOM,412,TAMPINES ST 41,01 TO 03,60.00,Improved,1985,58 years 07 months,455000,0.06079271,17820,2026,412 TAMPINES ST 41 Singapore
235420,bc72106429b745791649a114df260ac0812757f6bc918fdc118fbd3a681a52b1,2026-09-05 04:25:26,2026-04,TAMPINES,3 ROOM,405,TAMPINES ST 41,04 TO 06,60.00,Improved,1985,58 years 07 months,430000,0.06079271,17820,2026,405 TAMPINES ST 41 Singapore
235421,5c23edb4c270dd16daaec5cd662fa60a54247074a66050174a208bb256793b0c,2026-09-05 04:25:26,2026-04,TAMPINES,3 ROOM,412,TAMPINES ST 41,07 TO 09,69.00,Improved,1985,58 years 07 months,470000,0.06079271,17820,2026,412 TAMPINES ST 41 Singapore
235422,354020850ff49a9e3f2424032196f89d5fdc5ca9f19e539811c31331d7b5bcb5,2026-09-05 04:25:26,2026-04,TAMPINES,3 ROOM,419,TAMPINES ST 41,04 TO 06,64.00,Simplified,1985,58 years 09 months,440000,0.06079271,17820,2026,419 TAMPINES ST 41 Singapore
235423,95d1e030d987b058a888d1e9abceeed453162191b108af691a0392b7ad53dec0,2026-09-05 04:25:26,2026-04,TAMPINES,3 ROOM,406,TAMPINES ST 41,07 TO 09,64.00,Simplified,1986,59 years 06 months,508888,0.06079271,17820,2026,406 TAMPINES ST 41 Singapore
235424,8605641befe2bcb5f066cc7d108fae152d9610bde7be303ed9a6716fe227c0d0,2026-09-05 04:25:26,2026-04,TAMPINES,3 ROOM,419,TAMPINES ST 41,01 TO 03,64.00,Simplified,1985,58 years 08 months,443000,0.06079271,17820,2026,419 TAMPINES ST 41 Singapore
235425,94fc94ec2086786e74f3896924280facd0d839805bed24f17b83c7734167031f,2026-09-05 04:25:26,2026-04,TAMPINES,3 ROOM,412,TAMPINES ST 41,07 TO 09,60.00,Improved,1985,58 years 06 months,480000,0.06079271,17820,2026,412 TAMPINES ST 41 Singapore
235426,539f8b33b314f11d94de880768df6ad157e7c2b625ecee39e4773d01b4a37cc5,2026-09-05 04:25:26,2026-06,TAMPINES,3 ROOM,424,TAMPINES ST 41,04 TO 06,74.00,Model A,1985,57 years 10 months,445000,0.06079271,17820,2026,424 TAMPINES ST 41 Singapore
235427,7de6dc4dd64f99196a092214e09c994a169b52d88521aa85d40735dab5e3ccff,2026-09-05 04:25:26,2026-06,TAMPINES,3 ROOM,406,TAMPINES ST 41,10 TO 12,64.00,Simplified,1986,59 years 05 months,495000,0.06079271,17820,2026,406 TAMPINES ST 41 Singapore
235428,aca90e57d57f114141ec5cdd47092c9af46044e34ae9886196f756a94c6eabd2,2026-09-05 04:25:26,2026-06,TAMPINES,3 ROOM,406,TAMPINES ST 41,04 TO 06,64.00,Simplified,1986,59 years 05 months,490000,0.06079271,17820,2026,406 TAMPINES ST 41 Singapore
235429,bc23151a84ec922299a3f54b36f1bba278935e28f0ff076f86013aa44511dbc1,2026-09-05 04:25:26,2026-06,TAMPINES,3 ROOM,420,TAMPINES ST 41,04 TO 06,74.00,Model A,1985,58 years 01 month,445000,0.06079271,17820,2026,420 TAMPINES ST 41 Singapore
235430,293bcaa13dfbd88c70495aa37403698f9291add48d819be2fa91ef2ea825b93e,2026-09-05 04:25:26,2026-06,TAMPINES,3 ROOM,417,TAMPINES ST 41,01 TO 03,60.00,Improved,1985,58 years 06 months,440000,0.06079271,17820,2026,417 TAMPINES ST 41 Singapore
235431,1e021d39ff09015018bbcfb941d2976b52891c6908a72d5b502537f42dca6bd8,2026-09-05 04:25:26,2026-07,TAMPINES,3 ROOM,407,TAMPINES ST 41,10 TO 12,60.00,Improved,1985,58 years 04 months,425000,0.06079271,17820,2026,407 TAMPINES ST 41 Singapore
235432,72d5673082ec8cb3ba79ae3f097ce071777ed6aa98509620dddad56b6b8d4238,2026-09-05 04:25:26,2026-07,TAMPINES,3 ROOM,403,TAMPINES ST 41,07 TO 09,69.00,Improved,1985,58 years 04 months,480000,0.06079271,17820,2026,403 TAMPINES ST 41 Singapore
235433,a21b8f33f518bd5a910735e0b0531d2f2602068f4f647642e66e091a261c5e36,2026-09-05 04:25:26,2026-07,TAMPINES,3 ROOM,411,TAMPINES ST 41,01 TO 03,60.00,Improved,1985,58 years 03 months,435000,0.06079271,17820,2026,411 TAMPINES ST 41 Singapore
235434,e89f71572a214b17b65b737564a3e29b9d615a77960dc4460da49198a1c17443,2026-09-05 04:25:26,2026-07,TAMPINES,3 ROOM,410,TAMPINES ST 41,10 TO 12,60.00,Improved,1985,58 years 02 months,450000,0.06079271,17820,2026,410 TAMPINES ST 41 Singapore
235435,2b9a9fa0befa45de63006324f3eef900929302bf964e0ff68a3d072f75ed8b65,2026-09-05 04:25:26,2026-07,TAMPINES,3 ROOM,417,TAMPINES ST 41,01 TO 03,60.00,Improved,1985,58 years 05 months,417888,0.06079271,17820,2026,417 TAMPINES ST 41 Singapore
235436,15abfa21ac7b96cb626d151b4d8c69d79e5e5b4d98cad03ae4998bc2a9054c1a,2026-09-05 04:25:26,2026-08,TAMPINES,3 ROOM,424,TAMPINES ST 41,07 TO 09,74.00,Model A,1985,57 years 08 months,525000,0.06079271,17820,2026,424 TAMPINES ST 41 Singapore
235437,113743901b9f9161aec56c72964898926561e523b8e298800a692f4c91350c97,2026-09-05 04:25:26,2026-01,TAMPINES,3 ROOM,444,TAMPINES ST 42,04 TO 06,74.00,Model A,1985,58 years 05 months,430000,0.06079271,17820,2026,444 TAMPINES ST 42 Singapore
235438,c29770275504bff64b42eacfb4d3342d697997a87826da9889897da7810c0185,2026-09-05 04:25:26,2026-04,TAMPINES,3 ROOM,448,TAMPINES ST 42,07 TO 09,74.00,Model A,1985,57 years 11 months,478000,0.06079271,17820,2026,448 TAMPINES ST 42 Singapore
235439,8ac37434cecf6f9b376bb7264af286d45844af944e48767c295847c523b61048,2026-09-05 04:25:26,2026-06,TAMPINES,3 ROOM,446,TAMPINES ST 42,04 TO 06,74.00,Model A,1985,58 years 01 month,450000,0.06079271,17820,2026,446 TAMPINES ST 42 Singapore
235440,4cf997321304532dfaf2354072aed0d295195728b59b31e41a3a4a1cfc9f2aca,2026-09-05 04:25:26,2026-06,TAMPINES,3 ROOM,445,TAMPINES ST 42,01 TO 03,64.00,Simplified,1986,58 years 09 months,415000,0.06079271,17820,2026,445 TAMPINES ST 42 Singapore
235441,4d88e022a22e350f99be275fc921209370c2f4c9c96b008b936fec12065cf2ab,2026-09-05 04:25:26,2026-07,TAMPINES,3 ROOM,445,TAMPINES ST 42,04 TO 06,64.00,Simplified,1986,58 years 08 months,400000,0.06079271,17820,2026,445 TAMPINES ST 42 Singapore
235442,fae9e766453d9fab1e7a4f7f1f7a76feb1885243dcbff3d55fb3afc7a484a3ff,2026-09-05 04:25:26,2026-08,TAMPINES,3 ROOM,445,TAMPINES ST 42,01 TO 03,76.00,Simplified,1986,58 years 07 months,471000,0.06079271,17820,2026,445 TAMPINES ST 42 Singapore
235443,9c22c63aea0b1bb6e16a6bf96ba0cae4dd12fbbd8f9bf769630bf5641b35b539,2026-09-05 04:25:26,2026-01,TAMPINES,3 ROOM,437,TAMPINES ST 43,01 TO 03,74.00,Model A,1986,59 years 08 months,455000,0.06079271,17820,2026,437 TAMPINES ST 43 Singapore
235444,11f2c42a047d91a8c89f5f199cdee544461ff7243e4c3e77ba9d3bae6e569e85,2026-09-05 04:25:26,2026-02,TAMPINES,3 ROOM,436,TAMPINES ST 43,07 TO 09,74.00,Model A,1986,59 years 08 months,495500,0.06079271,17820,2026,436 TAMPINES ST 43 Singapore
235445,88be831a962b27a94299c30e856227c386d822f8b3a958bd5c1fb91bc9df05d2,2026-09-05 04:25:26,2026-03,TAMPINES,3 ROOM,436,TAMPINES ST 43,10 TO 12,74.00,Model A,1986,59 years 07 months,475000,0.06079271,17820,2026,436 TAMPINES ST 43 Singapore
235446,d0be58e709a0c45942070a7ed5fb10611cc35f89dc50765704890d0e89086062,2026-09-05 04:25:26,2026-04,TAMPINES,3 ROOM,437,TAMPINES ST 43,10 TO 12,74.00,Model A,1986,59 years 05 months,433888,0.06079271,17820,2026,437 TAMPINES ST 43 Singapore
235447,20ee82004baf5fd986503cda54e696ca63278a5d44296ce191e40897ca2ac2ae,2026-09-05 04:25:26,2026-08,TAMPINES,3 ROOM,477,TAMPINES ST 43,01 TO 03,64.00,Simplified,1993,66 years,415000,0.06079271,17820,2026,477 TAMPINES ST 43 Singapore
235448,8ef5cb8055bb5c975c721116d71dfa3a699584336277461179230566369c5b4b,2026-09-05 04:25:26,2026-08,TAMPINES,3 ROOM,433,TAMPINES ST 43,07 TO 09,64.00,Simplified,1987,60 years 02 months,470000,0.06079271,17820,2026,433 TAMPINES ST 43 Singapore
235449,0fe26733fc3cb87175644cf56d155acbe4b8ef2b855d9cc61a93a69bc9639946,2026-09-05 04:25:26,2026-01,TAMPINES,3 ROOM,467,TAMPINES ST 44,04 TO 06,74.00,Model A,1987,60 years 04 months,482000,0.06079271,17820,2026,467 TAMPINES ST 44 Singapore
235450,e9972253920f052038bd96ecb545a63a3030e150b9bf5dd4630102b0a3d62a7b,2026-09-05 04:25:26,2026-04,TAMPINES,3 ROOM,463,TAMPINES ST 44,01 TO 03,74.00,Model A,1986,59 years 07 months,450000,0.06079271,17820,2026,463 TAMPINES ST 44 Singapore
235451,8fe96573f70c0e8a4cb6b0480c41fcba5e882e14bc13551c73d5775c07e2a2dd,2026-09-05 04:25:26,2026-04,TAMPINES,3 ROOM,462,TAMPINES ST 44,04 TO 06,64.00,Simplified,1987,60 years 04 months,440000,0.06079271,17820,2026,462 TAMPINES ST 44 Singapore
235452,87366b65700efc694bc4292aee9d944a079f45b58f8f51a7d455edd1af67193c,2026-09-05 04:25:26,2026-05,TAMPINES,3 ROOM,469,TAMPINES ST 44,10 TO 12,74.00,Model A,1985,58 years 06 months,490000,0.06079271,17820,2026,469 TAMPINES ST 44 Singapore
235453,5947270832cc804f809969c5ae322053cf58e0b4fc1276c747b94314df8082d4,2026-09-05 04:25:26,2026-05,TAMPINES,3 ROOM,467,TAMPINES ST 44,10 TO 12,74.00,Model A,1987,60 years,500000,0.06079271,17820,2026,467 TAMPINES ST 44 Singapore
235454,7a836c2f26ce43b5a4d86ba8ff215019e7ed027db157c12abb4326cede1fcc1b,2026-09-05 04:25:26,2026-06,TAMPINES,3 ROOM,463,TAMPINES ST 44,04 TO 06,74.00,Model A,1986,59 years 04 months,470000,0.06079271,17820,2026,463 TAMPINES ST 44 Singapore
235455,39b50ecee8fcdfb13df4a5b6b07978baa10f073423ea18540d6345e60b0b0c73,2026-09-05 04:25:26,2026-08,TAMPINES,3 ROOM,462,TAMPINES ST 44,07 TO 09,64.00,Simplified,1987,60 years,450000,0.06079271,17820,2026,462 TAMPINES ST 44 Singapore
235456,cd492a328f9e1f0cf90d9da673e1b2a1a0b6bb8db4781530bc8950aeb0963b26,2026-09-05 04:25:26,2026-01,TAMPINES,3 ROOM,492G,TAMPINES ST 45,01 TO 03,67.00,Model A,2018,91 years 10 months,511000,0.06079271,17820,2026,492G TAMPINES ST 45 Singapore
235457,d8dadb793a9a0ce228c713dd7c8bc664a0b287dd91b1ec2ba32f87d25cc5adf8,2026-09-05 04:25:26,2026-03,TAMPINES,3 ROOM,494G,TAMPINES ST 45,04 TO 06,67.00,Model A,2018,91 years 09 months,525000,0.06079271,17820,2026,494G TAMPINES ST 45 Singapore
235458,5be1b872405121ff97244e64f551c4e0198c39bee5802e9d5f41cf620420a464,2026-09-05 04:25:26,2026-04,TAMPINES,3 ROOM,494G,TAMPINES ST 45,10 TO 12,67.00,Model A,2018,91 years 08 months,578000,0.06079271,17820,2026,494G TAMPINES ST 45 Singapore
235459,dac57e0b41f7ad1f06e41f932d2daeaa4ac43890dbfd6ef8186d8d24f89e7544,2026-09-05 04:25:26,2026-04,TAMPINES,3 ROOM,494G,TAMPINES ST 45,04 TO 06,67.00,Model A,2018,91 years 08 months,565000,0.06079271,17820,2026,494G TAMPINES ST 45 Singapore
235460,70ceb6f43eed3e79f01c71287bcf2be45e789b42961589e656c1fc075c8698ab,2026-09-05 04:25:26,2026-06,TAMPINES,3 ROOM,494G,TAMPINES ST 45,10 TO 12,67.00,Model A,2018,91 years 05 months,595888,0.06079271,17820,2026,494G TAMPINES ST 45 Singapore
235461,5fea95109a535389e6617cb6fbb26bc3b73febb64e3e9247b8ec7159ca308156,2026-09-05 04:25:26,2026-07,TAMPINES,3 ROOM,494G,TAMPINES ST 45,04 TO 06,67.00,Model A,2018,91 years 05 months,550000,0.06079271,17820,2026,494G TAMPINES ST 45 Singapore
235462,6e2bc5b5c42d41564721bc0cdfe9b494698201a27d2d9cd0891dd31a6a4ca991,2026-09-05 04:25:26,2026-08,TAMPINES,3 ROOM,492G,TAMPINES ST 45,04 TO 06,67.00,Model A,2018,91 years 03 months,510000,0.06079271,17820,2026,492G TAMPINES ST 45 Singapore
235463,697d6e58890768d4ee7f24eb58c1cb5691690c708cec293a27563d660424c9c9,2026-09-05 04:25:26,2026-01,TAMPINES,3 ROOM,606A,TAMPINES ST 61,01 TO 03,68.00,Model A,2020,93 years 02 months,575000,0.06079271,17820,2026,606A TAMPINES ST 61 Singapore
235464,f2458ffd0cd73d6c49ee038ec01db65fd628fa08e79abb525240278585b0a693,2026-09-05 04:25:26,2026-01,TAMPINES,3 ROOM,605D,TAMPINES ST 61,13 TO 15,68.00,Model A,2020,93 years 02 months,625000,0.06079271,17820,2026,605D TAMPINES ST 61 Singapore
235465,a0c2a2b2de64444f83d915e44c1b817f596d1473e8ef62802ee53072df192abd,2026-09-05 04:25:26,2026-01,TAMPINES,3 ROOM,606C,TAMPINES ST 61,04 TO 06,68.00,Model A,2020,93 years 01 month,620000,0.06079271,17820,2026,606C TAMPINES ST 61 Singapore
235466,9ba1a076acd45727a6e171faf6b4d66b72ad77e08c442ec7c6b542187291c192,2026-09-05 04:25:26,2026-02,TAMPINES,3 ROOM,605B,TAMPINES ST 61,04 TO 06,68.00,Model A,2020,93 years 01 month,586000,0.06079271,17820,2026,605B TAMPINES ST 61 Singapore
235467,ab84e4d776b36c764697a14d9872052044faffb632223100dc4d3bc8709f5ce6,2026-09-05 04:25:26,2026-04,TAMPINES,3 ROOM,606A,TAMPINES ST 61,13 TO 15,68.00,Model A,2020,92 years 10 months,606000,0.06079271,17820,2026,606A TAMPINES ST 61 Singapore
235468,bafc44e90e52564b7da9f0d5ca23ab980cdabebdc5b11813aaa1a87a77a97a26,2026-09-05 04:25:26,2026-05,TAMPINES,3 ROOM,605B,TAMPINES ST 61,04 TO 06,68.00,Model A,2020,92 years 10 months,580000,0.06079271,17820,2026,605B TAMPINES ST 61 Singapore
235469,2b3fa53e2254f9d281e38ead3cdbf6faaef1e089748ce07bc7dfc2cad3ffb473,2026-09-05 04:25:26,2026-07,TAMPINES,3 ROOM,606C,TAMPINES ST 61,04 TO 06,68.00,Model A,2020,92 years 08 months,616888,0.06079271,17820,2026,606C TAMPINES ST 61 Singapore
235470,698f752f5fbb587c34e920cb2e15b85f4bf50cdd1b474d1a713a3b403d306d28,2026-09-05 04:25:26,2026-07,TAMPINES,3 ROOM,621B,TAMPINES ST 61,07 TO 09,69.00,Model A,2022,94 years 07 months,628000,0.06079271,17820,2026,621B TAMPINES ST 61 Singapore
235471,d39d2be1bd6e823de4cafa1f6f0579d030f6bfe4d3dff3067ce1aa22370227f7,2026-09-05 04:25:26,2026-07,TAMPINES,3 ROOM,605D,TAMPINES ST 61,10 TO 12,68.00,Model A,2020,92 years 08 months,610000,0.06079271,17820,2026,605D TAMPINES ST 61 Singapore
235472,7435bc7bca7491063b8ea3ec82d10f3b792b7acc24d112b3b51d10ce148c730a,2026-09-05 04:25:26,2026-07,TAMPINES,3 ROOM,621A,TAMPINES ST 61,07 TO 09,69.00,Model A,2022,94 years 06 months,625000,0.06079271,17820,2026,621A TAMPINES ST 61 Singapore
235473,5a6ffe14c5242ddaf01cb8ead67dbfcc177d2d56d33a3e916679ae1f41090149,2026-09-05 04:25:26,2026-07,TAMPINES,3 ROOM,621A,TAMPINES ST 61,13 TO 15,69.00,Model A,2022,94 years 06 months,635000,0.06079271,17820,2026,621A TAMPINES ST 61 Singapore
235474,41706f9fd2b182a8a06bd5ff6ba8a1558bf74ccef8e03addc6247d076bd670ca,2026-09-05 04:25:26,2026-08,TAMPINES,3 ROOM,605B,TAMPINES ST 61,13 TO 15,68.00,Model A,2020,92 years 07 months,625000,0.06079271,17820,2026,605B TAMPINES ST 61 Singapore
235475,34beaf53144403ae87e23f5cbb6e545eabc8d7e00720f01ded828a4281a5b7f5,2026-09-05 04:25:26,2026-08,TAMPINES,3 ROOM,621A,TAMPINES ST 61,16 TO 18,69.00,Model A,2022,94 years 06 months,650000,0.06079271,17820,2026,621A TAMPINES ST 61 Singapore
235476,3e20e2213a07f205f64525dd5cbc2496a0d56951d49aa548b330d65a19d29cbc,2026-09-05 04:25:26,2026-08,TAMPINES,3 ROOM,621A,TAMPINES ST 61,04 TO 06,69.00,Model A,2022,94 years 06 months,600000,0.06079271,17820,2026,621A TAMPINES ST 61 Singapore
235477,4a312b86e0c7a62f7a8888d51dca8a87e7b435093d257f03e68e6fd4e58695d6,2026-09-05 04:25:26,2026-08,TAMPINES,3 ROOM,621A,TAMPINES ST 61,10 TO 12,69.00,Model A,2022,94 years 06 months,638888,0.06079271,17820,2026,621A TAMPINES ST 61 Singapore
235478,e1e8cd72b366ef8da210bd6de70ef8c7e18fd63b60619f7dd4c9645325abac38,2026-09-05 04:25:26,2026-08,TAMPINES,3 ROOM,621B,TAMPINES ST 61,10 TO 12,69.00,Model A,2022,94 years 06 months,620000,0.06079271,17820,2026,621B TAMPINES ST 61 Singapore
235479,d190284c23fee26d856720ec3b1b52c91dcc0c4dfa5ce8fb5b49b5d20549a680,2026-09-05 04:25:26,2026-08,TAMPINES,3 ROOM,621B,TAMPINES ST 61,13 TO 15,69.00,Model A,2022,94 years 06 months,640000,0.06079271,17820,2026,621B TAMPINES ST 61 Singapore
235480,dafa13bd18b602ff7b63c7080626b1e9ae47a62b40c59900849e6eee54b051de,2026-09-05 04:25:26,2026-08,TAMPINES,3 ROOM,621A,TAMPINES ST 61,16 TO 18,69.00,Model A,2022,94 years 05 months,640000,0.06079271,17820,2026,621A TAMPINES ST 61 Singapore
235481,8e1f20645568e7d559f9049a7232241b12175af104a72d021df350b4b32bfc37,2026-09-05 04:25:26,2026-08,TAMPINES,3 ROOM,606A,TAMPINES ST 61,10 TO 12,68.00,Model A,2020,92 years 06 months,615000,0.06079271,17820,2026,606A TAMPINES ST 61 Singapore
235482,caaee61019420b4e6e0c2f96a0a00997eed4158aab0067aabcf4c7a0ca9ad84b,2026-09-05 04:25:26,2026-08,TAMPINES,3 ROOM,627A,TAMPINES ST 61,04 TO 06,69.00,Model A,2022,94 years 05 months,615000,0.06079271,17820,2026,627A TAMPINES ST 61 Singapore
235483,9b057bf37c8fbfc802727bdd552650b0c6f3bd5163205588ded679cf44d64a75,2026-09-05 04:25:26,2026-01,TAMPINES,3 ROOM,824,TAMPINES ST 81,04 TO 06,67.00,New Generation,1988,61 years 02 months,435800,0.06079271,17820,2026,824 TAMPINES ST 81 Singapore
235484,58bff14c8cb508c638014cc8e36a879f37642b66561995221c4fe5361903b72e,2026-09-05 04:25:26,2026-01,TAMPINES,3 ROOM,818,TAMPINES ST 81,10 TO 12,73.00,Model A,1984,57 years 06 months,500000,0.06079271,17820,2026,818 TAMPINES ST 81 Singapore
235485,6a0671c735ba0e46317430a6e733eac397ae39e3b1a14c03848946c95dcbe69a,2026-09-05 04:25:26,2026-02,TAMPINES,3 ROOM,828,TAMPINES ST 81,01 TO 03,67.00,New Generation,1987,60 years 09 months,485000,0.06079271,17820,2026,828 TAMPINES ST 81 Singapore
235486,b9bb456ffcbc6e4aa804c6d275230e76318a188a259ac0aef8404d9012f0012a,2026-09-05 04:25:26,2026-02,TAMPINES,3 ROOM,814,TAMPINES ST 81,04 TO 06,73.00,Model A,1984,57 years 07 months,485000,0.06079271,17820,2026,814 TAMPINES ST 81 Singapore
235487,28fed7a477da19c8790cce716308a2d9d8feef3f1e8dc134d5efb4b343785a4b,2026-09-05 04:25:26,2026-03,TAMPINES,3 ROOM,814,TAMPINES ST 81,04 TO 06,73.00,Model A,1984,57 years 06 months,498000,0.06079271,17820,2026,814 TAMPINES ST 81 Singapore
235488,72a0d1ace91b8f1a292e2cebe911f9bc1007b3f9a0e2d3f6f536eb7db8718481,2026-09-05 04:25:26,2026-03,TAMPINES,3 ROOM,817,TAMPINES ST 81,07 TO 09,73.00,Model A,1984,57 years 06 months,450000,0.06079271,17820,2026,817 TAMPINES ST 81 Singapore
235489,637232389a2e931ec9942ca13994555cbfd3f042605703560e2c29259afa3d4f,2026-09-05 04:25:26,2026-04,TAMPINES,3 ROOM,820,TAMPINES ST 81,04 TO 06,68.00,New Generation,1984,57 years 05 months,495000,0.06079271,17820,2026,820 TAMPINES ST 81 Singapore
235490,01dece6f2550ff6ce5b25367545a7eb1b7476677d064f5f7ddf1a19fe8a062a9,2026-09-05 04:25:26,2026-05,TAMPINES,3 ROOM,818,TAMPINES ST 81,10 TO 12,73.00,Model A,1984,57 years 02 months,505000,0.06079271,17820,2026,818 TAMPINES ST 81 Singapore
235491,8f39d1d8448e26d9b8a21ffd96675d3e761855748ab14491028812e2460e571c,2026-09-05 04:25:26,2026-05,TAMPINES,3 ROOM,817,TAMPINES ST 81,04 TO 06,73.00,Model A,1984,57 years 05 months,475000,0.06079271,17820,2026,817 TAMPINES ST 81 Singapore
235492,c334b265840d0daef58e1b881d6f1413f9aa82204830df7a4f1287ab5cb4fc06,2026-09-05 04:25:26,2026-05,TAMPINES,3 ROOM,820,TAMPINES ST 81,04 TO 06,68.00,New Generation,1984,57 years 04 months,435000,0.06079271,17820,2026,820 TAMPINES ST 81 Singapore
235493,6b64802633f7145d2609afd9cfc10f0fb5b128536f2973d8414bb6ca257d8b8e,2026-09-05 04:25:26,2026-05,TAMPINES,3 ROOM,819,TAMPINES ST 81,07 TO 09,68.00,New Generation,1984,57 years 08 months,455000,0.06079271,17820,2026,819 TAMPINES ST 81 Singapore
235494,8efb6f355683f884c5b47ed6a7086d15fd2d1d0a5cd4081db0580eabd5d9b65b,2026-09-05 04:25:26,2026-05,TAMPINES,3 ROOM,829,TAMPINES ST 81,01 TO 03,67.00,New Generation,1986,59 years 05 months,450000,0.06079271,17820,2026,829 TAMPINES ST 81 Singapore
235495,bd87539b3e25c4d4f990b4c7728a1320dc663518995adff23dff2a4f0729bce7,2026-09-05 04:25:26,2026-07,TAMPINES,3 ROOM,819,TAMPINES ST 81,01 TO 03,68.00,New Generation,1984,57 years 06 months,508000,0.06079271,17820,2026,819 TAMPINES ST 81 Singapore
235496,bf70faa20807a6adb7824b66a06e7a1c0c04fe29e593e47f2fb73a9511c1cf73,2026-09-05 04:25:26,2026-07,TAMPINES,3 ROOM,899A,TAMPINES ST 81,04 TO 06,74.00,Model A,1988,61 years 02 months,508000,0.06079271,17820,2026,899A TAMPINES ST 81 Singapore
235497,7a6f76da2d8c8afd36121a45e113e4dfb079cf54ab9afd3f20605218669d2726,2026-09-05 04:25:26,2026-07,TAMPINES,3 ROOM,899,TAMPINES ST 81,10 TO 12,74.00,Model A,1988,60 years 11 months,508000,0.06079271,17820,2026,899 TAMPINES ST 81 Singapore
235498,ebb5ad2efa8f966eece1fa41fece15e42da9253cdfcc329f82c5c66bd6ac345d,2026-09-05 04:25:26,2026-07,TAMPINES,3 ROOM,898,TAMPINES ST 81,04 TO 06,74.00,Model A,1988,60 years 10 months,495000,0.06079271,17820,2026,898 TAMPINES ST 81 Singapore
235499,1448f06456d32eeca68420d5b205c77994338d6fbde8d5da90bcff71a90ea48f,2026-09-05 04:25:26,2026-08,TAMPINES,3 ROOM,899A,TAMPINES ST 81,07 TO 09,74.00,Model A,1988,61 years 01 month,500000,0.06079271,17820,2026,899A TAMPINES ST 81 Singapore
235500,3501c0fce369aa3124c33f1777a5aa2f838d2c040b5c2696d0b7509f63b042a2,2026-09-05 04:25:26,2026-08,TAMPINES,3 ROOM,814,TAMPINES ST 81,01 TO 03,73.00,Model A,1984,57 years 01 month,490000,0.06079271,17820,2026,814 TAMPINES ST 81 Singapore
235501,a4ba257d3e956f5c86b316383a49c0df694e381ab31bf57e9f265500f384217c,2026-09-05 04:25:26,2026-08,TAMPINES,3 ROOM,814,TAMPINES ST 81,07 TO 09,73.00,Model A,1984,57 years 01 month,485000,0.06079271,17820,2026,814 TAMPINES ST 81 Singapore
235502,5b7d214cd48784b476baebf0b2105048fed66e0d5ca1f546e534dd11b96a90d0,2026-09-05 04:25:26,2026-09,TAMPINES,3 ROOM,817,TAMPINES ST 81,04 TO 06,73.00,Model A,1984,57 years 01 month,478000,0.06079271,17820,2026,817 TAMPINES ST 81 Singapore
235503,8c4f730c480fddc9fddda2a0049f6465c63bfe774a526a1d0cea41774ee2a61d,2026-09-05 04:25:26,2026-01,TAMPINES,3 ROOM,848,TAMPINES ST 82,04 TO 06,74.00,Model A,1985,58 years 09 months,492888,0.06079271,17820,2026,848 TAMPINES ST 82 Singapore
235504,7227d96165fcb7be55371360dcf76b06612444cbb8e7d405142e338b6b2a69fa,2026-09-05 04:25:26,2026-01,TAMPINES,3 ROOM,848,TAMPINES ST 82,10 TO 12,74.00,Model A,1985,58 years 09 months,501000,0.06079271,17820,2026,848 TAMPINES ST 82 Singapore
235505,61345dbde7b911c9df69444c1b8b5417b670eba8eebf65dd844b5d03558a094f,2026-09-05 04:25:26,2026-03,TAMPINES,3 ROOM,846,TAMPINES ST 82,10 TO 12,74.00,Model A,1986,58 years 11 months,499000,0.06079271,17820,2026,846 TAMPINES ST 82 Singapore
235506,f940ce0fe71a946c4ed02dec79531658fbb4ea7162d25aa136e9cb42f347800f,2026-09-05 04:25:26,2026-06,TAMPINES,3 ROOM,830,TAMPINES ST 82,04 TO 06,64.00,Simplified,1986,58 years 08 months,458000,0.06079271,17820,2026,830 TAMPINES ST 82 Singapore
235507,9f4e88f756f79dba79d06e24730a3d8d1bffa893c6fe5c931b91b305911e9e58,2026-09-05 04:25:26,2026-07,TAMPINES,3 ROOM,834,TAMPINES ST 82,01 TO 03,70.00,Simplified,1985,58 years 01 month,473000,0.06079271,17820,2026,834 TAMPINES ST 82 Singapore
235508,fcb08b79455bb8f359ba29e452587ee0b54ffd29f53a070f49e1b382fc7bea18,2026-09-05 04:25:26,2026-08,TAMPINES,3 ROOM,846,TAMPINES ST 82,01 TO 03,74.00,Model A,1986,58 years 06 months,460000,0.06079271,17820,2026,846 TAMPINES ST 82 Singapore
235509,c7906be0530a8bda6a77676ed9d9b5c5b8c3393904e41d7fcac26b51f14fae41,2026-09-05 04:25:26,2026-01,TAMPINES,3 ROOM,831,TAMPINES ST 83,04 TO 06,64.00,Simplified,1986,59 years 06 months,452000,0.06079271,17820,2026,831 TAMPINES ST 83 Singapore
235510,753f21e38e76ba5f2e55d8b81f60d0bb7a26850fbb7cd725225586d9bbb023f5,2026-09-05 04:25:26,2026-01,TAMPINES,3 ROOM,885,TAMPINES ST 83,01 TO 03,74.00,Model A,1987,60 years 11 months,425000,0.06079271,17820,2026,885 TAMPINES ST 83 Singapore
235511,9e5f9ee7f78919e01c963cc6471f83fdc8e75179b86cc7fa412cedbb533bf9c4,2026-09-05 04:25:26,2026-04,TAMPINES,3 ROOM,847,TAMPINES ST 83,07 TO 09,74.00,Model A,1987,60 years 06 months,492888,0.06079271,17820,2026,847 TAMPINES ST 83 Singapore
235512,0f6eb0b6a39dbb4f2d3feb3241ef41510e309a44952b9835244d19c4ebd0ca2c,2026-09-05 04:25:26,2026-05,TAMPINES,3 ROOM,831,TAMPINES ST 83,04 TO 06,64.00,Simplified,1986,59 years,455000,0.06079271,17820,2026,831 TAMPINES ST 83 Singapore
235513,866bd903299fc97402aa91a0a550c13ced9fd5d1bbbaf200130fae809e46fcc9,2026-09-05 04:25:26,2026-07,TAMPINES,3 ROOM,845,TAMPINES ST 83,07 TO 09,74.00,Model A,1987,60 years 05 months,485000,0.06079271,17820,2026,845 TAMPINES ST 83 Singapore
235514,e3dacad34f76897b79624a87ef7f8763eea48a37749ad95e0ac08808ed04c92a,2026-09-05 04:25:26,2026-08,TAMPINES,3 ROOM,851,TAMPINES ST 83,07 TO 09,74.00,Model A,1987,60 years 04 months,487888,0.06079271,17820,2026,851 TAMPINES ST 83 Singapore
235515,c6969046926bcf141c800c14ca9d7374736d928e4731e7733b3ecf8fecf9f4a3,2026-09-05 04:25:26,2026-08,TAMPINES,3 ROOM,845,TAMPINES ST 83,04 TO 06,74.00,Model A,1987,60 years 05 months,500000,0.06079271,17820,2026,845 TAMPINES ST 83 Singapore
235516,ceaf3e43294e3d792419d31328c6e84a10d77bce007a1cd9805c96d7e76e98ea,2026-09-05 04:25:26,2026-03,TAMPINES,3 ROOM,875,TAMPINES ST 84,04 TO 06,74.00,Model A,1988,61 years 04 months,500000,0.06079271,17820,2026,875 TAMPINES ST 84 Singapore
235517,5bc65c213ebf665db5c90688764cfba5816ec68e56d2d117ebe1f055016692e0,2026-09-05 04:25:26,2026-06,TAMPINES,3 ROOM,877,TAMPINES ST 84,10 TO 12,74.00,Model A,1988,61 years 02 months,503888,0.06079271,17820,2026,877 TAMPINES ST 84 Singapore
235518,1d89bbb52e094dc9b9fed6e1cb4bd3fb0eb5fed134a770fd6b7c24792c9eadcd,2026-09-05 04:25:26,2026-07,TAMPINES,3 ROOM,881,TAMPINES ST 84,04 TO 06,74.00,Model A,1988,61 years 01 month,495000,0.06079271,17820,2026,881 TAMPINES ST 84 Singapore
235519,49433ea344fdfb9e7163a47984f4679eedb814ee2b587c77667dc8f25fba3388,2026-09-05 04:25:26,2026-08,TAMPINES,3 ROOM,875,TAMPINES ST 84,07 TO 09,74.00,Model A,1988,61 years,485000,0.06079271,17820,2026,875 TAMPINES ST 84 Singapore
235520,54dec4d3894f45b8e3e0d41a1b35ee15be67cf1c543c1bdf2ef13fba610ed907,2026-09-05 04:25:26,2026-01,TAMPINES,3 ROOM,925,TAMPINES ST 91,10 TO 12,73.00,Model A,1983,56 years 11 months,510000,0.06079271,17820,2026,925 TAMPINES ST 91 Singapore
235521,33ed56cdb2c8058fe870ffda49612c1e2c185dbde0a7dfe25b588b8985aac16c,2026-09-05 04:25:26,2026-02,TAMPINES,3 ROOM,914,TAMPINES ST 91,10 TO 12,73.00,Model A,1984,57 years 08 months,515000,0.06079271,17820,2026,914 TAMPINES ST 91 Singapore
235522,4fecd07b4829cf9defede8bbe94d66ba40058e0260fd705837ab376192121bdf,2026-09-05 04:25:26,2026-02,TAMPINES,3 ROOM,915,TAMPINES ST 91,07 TO 09,73.00,Model A,1984,57 years 04 months,520000,0.06079271,17820,2026,915 TAMPINES ST 91 Singapore
235523,a37bc4dc669142692d0c8ddc671c40f91029f56bc033a15779081ed94f6ef8c3,2026-09-05 04:25:26,2026-03,TAMPINES,3 ROOM,929,TAMPINES ST 91,04 TO 06,73.00,Model A,1984,57 years 07 months,480000,0.06079271,17820,2026,929 TAMPINES ST 91 Singapore
235524,4f4f7af204d55331adff3fd036c30885e3584e3fe75e54965dbf3dae32a49b31,2026-09-05 04:25:26,2026-03,TAMPINES,3 ROOM,925,TAMPINES ST 91,07 TO 09,73.00,Model A,1983,56 years 10 months,505000,0.06079271,17820,2026,925 TAMPINES ST 91 Singapore
235525,4604ab44acdefb980fe2977daf4c29d197b0a2cbaff939bff90a66e821828f62,2026-09-05 04:25:26,2026-03,TAMPINES,3 ROOM,924,TAMPINES ST 91,10 TO 12,73.00,Model A,1983,56 years 08 months,493000,0.06079271,17820,2026,924 TAMPINES ST 91 Singapore
235526,9bb6931b2362fb55e5c2662b4004da47f30a8007337aeb6e4c15a650686bbdee,2026-09-05 04:25:26,2026-05,TAMPINES,3 ROOM,914,TAMPINES ST 91,04 TO 06,73.00,Model A,1984,57 years 05 months,498000,0.06079271,17820,2026,914 TAMPINES ST 91 Singapore
235527,cebcc5a789286955ce49b7b3ad727d20765cbabe7db5b995ebd0a5cfa2c56d06,2026-09-05 04:25:26,2026-08,TAMPINES,3 ROOM,924,TAMPINES ST 91,10 TO 12,73.00,Model A,1983,56 years 04 months,478000,0.06079271,17820,2026,924 TAMPINES ST 91 Singapore
235528,dfba8d3ba5d1872188b11c6128481a0dd43457a6d888a607a9a0bc2531c87aff,2026-09-05 04:25:26,2026-08,TAMPINES,3 ROOM,924,TAMPINES ST 91,04 TO 06,73.00,Model A,1983,56 years 03 months,475000,0.06079271,17820,2026,924 TAMPINES ST 91 Singapore
235529,da19b854a12738ced269076e5b53328ad0c2413a2065aad2a9ef9fc742a7d89c,2026-09-05 04:25:26,2026-08,TAMPINES,3 ROOM,930,TAMPINES ST 91,13 TO 15,73.00,Model A,1984,57 years 04 months,488000,0.06079271,17820,2026,930 TAMPINES ST 91 Singapore
235530,7a509c7488b2640a92c990afd1122766e7b1437e8058e618e644ad6b78ff3172,2026-09-05 04:25:26,2026-09,TAMPINES,3 ROOM,925,TAMPINES ST 91,01 TO 03,73.00,Model A,1983,56 years 04 months,458000,0.06079271,17820,2026,925 TAMPINES ST 91 Singapore
235531,99ceb2c115bb2a764e33fff28f97947d41183fddb19e1a3a17b1540de9448a88,2026-09-05 04:25:26,2026-03,TAMPINES,4 ROOM,167D,SIMEI LANE,10 TO 12,94.00,DBSS,2011,83 years 11 months,928000,0.06079271,17820,2026,167D SIMEI LANE Singapore
235532,f0df1c9651d761dc7b544feb7a05323a266c1955cac04397695efa020b7d3910,2026-09-05 04:25:26,2026-01,TAMPINES,4 ROOM,159,SIMEI RD,01 TO 03,109.00,Model A,1989,62 years 01 month,655000,0.06079271,17820,2026,159 SIMEI RD Singapore
235533,d7c1d73c1d1bbd18a2ab3e33951c1358f1fce5006f77a2b1073ee967fbc88198,2026-09-05 04:25:26,2026-03,TAMPINES,4 ROOM,165,SIMEI RD,07 TO 09,104.00,Model A,1989,62 years 01 month,635000,0.06079271,17820,2026,165 SIMEI RD Singapore
235534,80f44c12203e51580507844d2bbdca85cf2b92996c045b46ab6b8eb345455567,2026-09-05 04:25:26,2026-04,TAMPINES,4 ROOM,165,SIMEI RD,10 TO 12,104.00,Model A,1989,62 years 01 month,662000,0.06079271,17820,2026,165 SIMEI RD Singapore
235535,d58a02d74ebb8a18cbaf34b066479290c0d096ff3eff3b7d9a2f256e4c783205,2026-09-05 04:25:26,2026-04,TAMPINES,4 ROOM,157,SIMEI RD,07 TO 09,104.00,Model A,1989,61 years 11 months,648000,0.06079271,17820,2026,157 SIMEI RD Singapore
235536,5e439801912c968527edf7bbae45a0dfda3f246da105b191256e78818dec3048,2026-09-05 04:25:26,2026-04,TAMPINES,4 ROOM,162,SIMEI RD,01 TO 03,104.00,Model A,1989,61 years 11 months,632000,0.06079271,17820,2026,162 SIMEI RD Singapore
235537,2081d3aee7524baa96b4d68b2bf28b7478523223061f212fdbe056a650e84ad9,2026-09-05 04:25:26,2026-05,TAMPINES,4 ROOM,156,SIMEI RD,10 TO 12,104.00,Model A,1989,61 years 10 months,658000,0.06079271,17820,2026,156 SIMEI RD Singapore
235538,3213516a33fc31a37ace947106aa5ea5926c04fa943f09f25c456da10d77a989,2026-09-05 04:25:26,2026-08,TAMPINES,4 ROOM,161,SIMEI RD,01 TO 03,108.00,Model A,1989,61 years 08 months,600000,0.06079271,17820,2026,161 SIMEI RD Singapore
235539,979b178ef1418899eed7b53961f891868dfd283686d50b26229b8e753bd3622a,2026-09-05 04:25:26,2026-01,TAMPINES,4 ROOM,137,SIMEI ST 1,04 TO 06,84.00,Simplified,1988,61 years 08 months,531000,0.06079271,17820,2026,137 SIMEI ST 1 Singapore
235540,20da865ea9bc943ebc9a06ef184712283f4d3f632c75df37ad007c06b217aba8,2026-09-05 04:25:26,2026-01,TAMPINES,4 ROOM,106,SIMEI ST 1,04 TO 06,104.00,Model A,1988,61 years 09 months,640000,0.06079271,17820,2026,106 SIMEI ST 1 Singapore
235541,9433f563392bcb2c30d6960313f66a4608e119a139f94c04ce7b7f4a47a285db,2026-09-05 04:25:26,2026-01,TAMPINES,4 ROOM,134,SIMEI ST 1,07 TO 09,84.00,Simplified,1988,61 years 07 months,578000,0.06079271,17820,2026,134 SIMEI ST 1 Singapore
235542,862fef77ff490ec8ed4f89156132db0c1d5aab457b553f238cabd2cc9f9c44ab,2026-09-05 04:25:26,2026-02,TAMPINES,4 ROOM,119,SIMEI ST 1,04 TO 06,104.00,Model A,1988,61 years 04 months,718000,0.06079271,17820,2026,119 SIMEI ST 1 Singapore
235543,56f78a87063bb92404d22f12dad0cb865a5a968f2dbde2ff2a0aa48ff370c7a1,2026-09-05 04:25:26,2026-02,TAMPINES,4 ROOM,127,SIMEI ST 1,07 TO 09,84.00,Simplified,1987,60 years 11 months,610000,0.06079271,17820,2026,127 SIMEI ST 1 Singapore
235544,a4c0ae5c0f3fb98db920b471834014f559c836ea23f60e7d51af637cc955b057,2026-09-05 04:25:26,2026-02,TAMPINES,4 ROOM,133,SIMEI ST 1,10 TO 12,84.00,Simplified,1988,61 years 06 months,588000,0.06079271,17820,2026,133 SIMEI ST 1 Singapore
235545,6bfaf60b51e272cd4e0efecb1d67a982af3a80a731ba2cb925a89c62fc305b9e,2026-09-05 04:25:26,2026-02,TAMPINES,4 ROOM,117,SIMEI ST 1,07 TO 09,84.00,Simplified,1988,61 years 02 months,600000,0.06079271,17820,2026,117 SIMEI ST 1 Singapore
235546,871402051956ac6f96363cf16067f02af794fe166252d3bad464fc79b3fee47b,2026-09-05 04:25:26,2026-02,TAMPINES,4 ROOM,106,SIMEI ST 1,07 TO 09,104.00,Model A,1988,61 years 08 months,710000,0.06079271,17820,2026,106 SIMEI ST 1 Singapore
235547,53c29e5248b302506f9b70c6936af5e11f8c797ba38bcec4040306216f75e244,2026-09-05 04:25:26,2026-04,TAMPINES,4 ROOM,109,SIMEI ST 1,04 TO 06,104.00,Model A,1988,61 years 07 months,657000,0.06079271,17820,2026,109 SIMEI ST 1 Singapore
235548,bd6b191ef1456c375482c150fda1f3db9b23472d2155cbf395ae9a55c1015c89,2026-09-05 04:25:26,2026-04,TAMPINES,4 ROOM,254,SIMEI ST 1,07 TO 09,99.00,Model A,1996,69 years 05 months,720000,0.06079271,17820,2026,254 SIMEI ST 1 Singapore
235549,9bf632045455c2b81116146e7044b3ba88c232e45dbf76a85a3515319290cf8c,2026-09-05 04:25:26,2026-05,TAMPINES,4 ROOM,123,SIMEI ST 1,07 TO 09,104.00,Model A,1988,61 years 07 months,670000,0.06079271,17820,2026,123 SIMEI ST 1 Singapore
235550,0b496ef29a994855f28bbbac682c505af56e9b21d1763824ee1ca836431e7349,2026-09-05 04:25:26,2026-06,TAMPINES,4 ROOM,129,SIMEI ST 1,01 TO 03,84.00,Simplified,1987,60 years 04 months,590000,0.06079271,17820,2026,129 SIMEI ST 1 Singapore
235551,1d06dc4ef96d57cb759d0f0140c3dec3f8e349d0df524f76bf312f39ccb89f50,2026-09-05 04:25:26,2026-06,TAMPINES,4 ROOM,130,SIMEI ST 1,07 TO 09,84.00,Simplified,1987,60 years 06 months,590000,0.06079271,17820,2026,130 SIMEI ST 1 Singapore
235552,7713b2acc919eec9725f9836c4c73be59771abc23b390224339eeca5011deb4d,2026-09-05 04:25:26,2026-07,TAMPINES,4 ROOM,123,SIMEI ST 1,04 TO 06,104.00,Model A,1988,61 years 05 months,653000,0.06079271,17820,2026,123 SIMEI ST 1 Singapore
235553,42da7f7ff18b2d2c41b602c88532ffbb750c0fdb0457eb0c7fbc8a7a5576b289,2026-09-05 04:25:26,2026-07,TAMPINES,4 ROOM,132,SIMEI ST 1,01 TO 03,84.00,Simplified,1988,60 years 11 months,575000,0.06079271,17820,2026,132 SIMEI ST 1 Singapore
235554,6c97325c9b4b773840656f9db591fbb8a26c0f99b786738b81e7aad43098c2cf,2026-09-05 04:25:26,2026-07,TAMPINES,4 ROOM,107,SIMEI ST 1,01 TO 03,104.00,Model A,1988,61 years 04 months,630000,0.06079271,17820,2026,107 SIMEI ST 1 Singapore
235555,67c7cf9182bdd0a0bc243cf0b9b6a8ff2fa8f0a2942b3810779fdaed499f1420,2026-09-05 04:25:26,2026-07,TAMPINES,4 ROOM,254,SIMEI ST 1,10 TO 12,99.00,Model A,1996,69 years 02 months,730000,0.06079271,17820,2026,254 SIMEI ST 1 Singapore
235556,a76ef4b716f302acb021d1c5c3fcbb6e7e1dddfaf9717c96d337b1fb1d2b41a6,2026-09-05 04:25:26,2026-07,TAMPINES,4 ROOM,117,SIMEI ST 1,10 TO 12,103.00,Model A,1988,60 years 09 months,658000,0.06079271,17820,2026,117 SIMEI ST 1 Singapore
235557,004e95851247e39f7a9a4d64cac6977b6a533165bd8b53b42be9a1f8f4b77b76,2026-09-05 04:25:26,2026-08,TAMPINES,4 ROOM,109,SIMEI ST 1,07 TO 09,104.00,Model A,1988,61 years 03 months,643000,0.06079271,17820,2026,109 SIMEI ST 1 Singapore
235558,3282808bcab4d7f0d28da0f1ceda37685190120a386113e0807a9259bff07fa7,2026-09-05 04:25:26,2026-08,TAMPINES,4 ROOM,129,SIMEI ST 1,01 TO 03,88.00,Simplified,1987,60 years 02 months,606000,0.06079271,17820,2026,129 SIMEI ST 1 Singapore
235559,b722d8c66813198b2cb819a376e6b90aecda56a8f392321aafd8305587cf4f3a,2026-09-05 04:25:26,2026-08,TAMPINES,4 ROOM,108,SIMEI ST 1,10 TO 12,104.00,Model A,1988,60 years 11 months,650000,0.06079271,17820,2026,108 SIMEI ST 1 Singapore
235560,37c575b7ffa14827501fbddbefc4d895b1f28d61b7d08bb3d0cfb19e63573c7d,2026-09-05 04:25:26,2026-08,TAMPINES,4 ROOM,154,SIMEI ST 1,01 TO 03,84.00,Simplified,1988,60 years 08 months,515000,0.06079271,17820,2026,154 SIMEI ST 1 Singapore
235561,155ac3d52a93fbe9161d06ecb3611b5fe6b430ae42dbc20761e182778c664dbc,2026-09-05 04:25:26,2026-08,TAMPINES,4 ROOM,253,SIMEI ST 1,10 TO 12,101.00,Model A,1996,69 years 02 months,720000,0.06079271,17820,2026,253 SIMEI ST 1 Singapore
235562,f43c12519abefd3b49965c1f3687c563d428e21b008cc7ab338d07db0c908cc4,2026-09-05 04:25:26,2026-08,TAMPINES,4 ROOM,106,SIMEI ST 1,07 TO 09,104.00,Model A,1988,61 years 02 months,655000,0.06079271,17820,2026,106 SIMEI ST 1 Singapore
235563,5da1333f71f419159522b480d31080682240e11a18aaf50f5b5acc1052997d39,2026-09-05 04:25:26,2026-08,TAMPINES,4 ROOM,101,SIMEI ST 1,01 TO 03,104.00,Model A,1988,61 years 02 months,608000,0.06079271,17820,2026,101 SIMEI ST 1 Singapore
235564,b58f380c41a5f2af3cae5c4c225fbabbc8982d31407b7621d80333a549c0ff77,2026-09-05 04:25:26,2026-08,TAMPINES,4 ROOM,134,SIMEI ST 1,07 TO 09,84.00,Simplified,1988,61 years,550000,0.06079271,17820,2026,134 SIMEI ST 1 Singapore
235565,bd4ef77138992b3e408dcf7875e976dc2cadc7872c4fea1505cd23b62222b828,2026-09-05 04:25:26,2026-08,TAMPINES,4 ROOM,131,SIMEI ST 1,10 TO 12,104.00,Model A,1988,61 years 01 month,688000,0.06079271,17820,2026,131 SIMEI ST 1 Singapore
235566,a0b11cd1f9a6d626523ee883e6a411280931b811a74f939aa8d375afe0ef6568,2026-09-05 04:25:26,2026-08,TAMPINES,4 ROOM,148,SIMEI ST 1,04 TO 06,84.00,Simplified,1988,60 years 08 months,550000,0.06079271,17820,2026,148 SIMEI ST 1 Singapore
235567,314e3c09ee9a0046c6de3f8ed47dd294178b69aa5b0bda5c7eb278667abb16c5,2026-09-05 04:25:26,2026-08,TAMPINES,4 ROOM,136,SIMEI ST 1,04 TO 06,84.00,Simplified,1988,61 years 01 month,568000,0.06079271,17820,2026,136 SIMEI ST 1 Singapore
235568,fdc51ca6c75fb4929c0eb577e4d124d53030c8158b0faecb3914bee13dc8fda0,2026-09-05 04:25:26,2026-02,TAMPINES,4 ROOM,145,SIMEI ST 2,10 TO 12,84.00,Simplified,1988,61 years 01 month,618000,0.06079271,17820,2026,145 SIMEI ST 2 Singapore
235569,57c7fe9f7130d07bede91dda84b1f9a882b5d6f7faca9da3c7ec18c563468741,2026-09-05 04:25:26,2026-06,TAMPINES,4 ROOM,142,SIMEI ST 2,01 TO 03,84.00,Simplified,1988,60 years 10 months,567000,0.06079271,17820,2026,142 SIMEI ST 2 Singapore
235570,e7b6cc732ad4793b2bbe518c3d33b45f9228fe721facc992188b49fc65a68a6f,2026-09-05 04:25:26,2026-07,TAMPINES,4 ROOM,141,SIMEI ST 2,04 TO 06,104.00,Model A,1989,61 years 07 months,660000,0.06079271,17820,2026,141 SIMEI ST 2 Singapore
235571,c937ce4fa00650d9813767681758708a4c1857f4cb38e018173012aa12c822fb,2026-09-05 04:25:26,2026-01,TAMPINES,4 ROOM,233,SIMEI ST 4,01 TO 03,104.00,Model A,1989,62 years 06 months,630000,0.06079271,17820,2026,233 SIMEI ST 4 Singapore
235572,5e3b3f38a70ec73714a07bd237aa53aa840694a7604cba9a8dbaec543bd1f058,2026-09-05 04:25:26,2026-02,TAMPINES,4 ROOM,228,SIMEI ST 4,01 TO 03,104.00,Model A,1988,61 years 05 months,618000,0.06079271,17820,2026,228 SIMEI ST 4 Singapore
235573,7cf256d71c76a020527fe323b70abb2035664bdcfcb227c79fc50ce27679c060,2026-09-05 04:25:26,2026-04,TAMPINES,4 ROOM,234,SIMEI ST 4,10 TO 12,104.00,Model A,1988,61 years 03 months,735000,0.06079271,17820,2026,234 SIMEI ST 4 Singapore
235574,52b10cf8431d43e2b3ffd1233fcb843876a6c73a0168e65d167bfabe73293998,2026-09-05 04:25:26,2026-05,TAMPINES,4 ROOM,231,SIMEI ST 4,04 TO 06,104.00,Model A,1989,62 years,640000,0.06079271,17820,2026,231 SIMEI ST 4 Singapore
235575,3772d02435e55cf6cb49729a7c30d8c041195d68525eeda8659c12eeccf6fc08,2026-09-05 04:25:26,2026-06,TAMPINES,4 ROOM,232,SIMEI ST 4,07 TO 09,104.00,Model A,1989,62 years 02 months,715000,0.06079271,17820,2026,232 SIMEI ST 4 Singapore
235576,b57bac9af4295031cb924e9fae069709bb9cea664f162d8fe3a41e6732641714,2026-09-05 04:25:26,2026-07,TAMPINES,4 ROOM,224,SIMEI ST 4,01 TO 03,104.00,Model A,1989,62 years 01 month,637000,0.06079271,17820,2026,224 SIMEI ST 4 Singapore
235577,372ff342135e9e70c36852fa7b47bc6f726b7cb4aab7ee7c6b6bda15ac8268bd,2026-09-05 04:25:26,2026-03,TAMPINES,4 ROOM,243,SIMEI ST 5,01 TO 03,105.00,Model A,1997,70 years,751000,0.06079271,17820,2026,243 SIMEI ST 5 Singapore
235578,64a2c4c788e9febf5cd94d4762c3103815d381fbc8963793922320e3a935ccfe,2026-09-05 04:25:26,2026-01,TAMPINES,4 ROOM,890C,TAMPINES AVE 1,10 TO 12,93.00,Model A,2015,88 years 09 months,845000,0.06079271,17820,2026,890C TAMPINES AVE 1 Singapore
235579,d7ef01c92ecc2d92a869e470b27e1177a56c5edecbf2b4856a1ebe1a9136d0f5,2026-09-05 04:25:26,2026-01,TAMPINES,4 ROOM,890A,TAMPINES AVE 1,01 TO 03,93.00,Model A,2015,88 years 08 months,750000,0.06079271,17820,2026,890A TAMPINES AVE 1 Singapore
235580,d747752f96c42aabcc13385d023e0c0e626d72e40d6ce05b1748ed33f0b0829e,2026-09-05 04:25:26,2026-02,TAMPINES,4 ROOM,890B,TAMPINES AVE 1,13 TO 15,93.00,Model A,2015,88 years 08 months,848000,0.06079271,17820,2026,890B TAMPINES AVE 1 Singapore
235581,7fed3eece5af99cf448593894de4a55d890d477f733327e4c8ffb6f251bcf444,2026-09-05 04:25:26,2026-02,TAMPINES,4 ROOM,890A,TAMPINES AVE 1,13 TO 15,93.00,Model A,2015,88 years 08 months,842000,0.06079271,17820,2026,890A TAMPINES AVE 1 Singapore
235582,a248602086a51d28bf795c301a3a5453dbe840d7ed11e8bc2c10191763b59eea,2026-09-05 04:25:26,2026-02,TAMPINES,4 ROOM,890A,TAMPINES AVE 1,13 TO 15,93.00,Model A,2015,88 years 08 months,850000,0.06079271,17820,2026,890A TAMPINES AVE 1 Singapore
235583,8322887abd9ca2c1a8b1b35c79ae2be08541fa7c63bee77b515323bd29858806,2026-09-05 04:25:26,2026-05,TAMPINES,4 ROOM,890A,TAMPINES AVE 1,01 TO 03,93.00,Model A,2015,88 years 05 months,715000,0.06079271,17820,2026,890A TAMPINES AVE 1 Singapore
235584,8523ab040c2c029e1624a9b18526e3de94830b813a193612415d8291a532e228,2026-09-05 04:25:26,2026-05,TAMPINES,4 ROOM,890B,TAMPINES AVE 1,04 TO 06,93.00,Model A,2015,88 years 04 months,823000,0.06079271,17820,2026,890B TAMPINES AVE 1 Singapore
235585,ab94f7dcd8ddac48dc0dce4a2269de97b6ae2fb1b03ea348331a7a24d1a29d2a,2026-09-05 04:25:26,2026-07,TAMPINES,4 ROOM,890A,TAMPINES AVE 1,04 TO 06,93.00,Model A,2015,88 years 03 months,810000,0.06079271,17820,2026,890A TAMPINES AVE 1 Singapore
235586,e0e858a18a30a273111d958aa2124e31cc9a98f6118ded944b9cdfe973d4833e,2026-09-05 04:25:26,2026-07,TAMPINES,4 ROOM,890A,TAMPINES AVE 1,01 TO 03,93.00,Model A,2015,88 years 03 months,785000,0.06079271,17820,2026,890A TAMPINES AVE 1 Singapore
235587,5301fa4a3fc6ce0143ebdfe669134f909f2805c9e2d718d8dbecb73eeaeeeb1d,2026-09-05 04:25:26,2026-07,TAMPINES,4 ROOM,890A,TAMPINES AVE 1,04 TO 06,93.00,Model A,2015,88 years 03 months,820000,0.06079271,17820,2026,890A TAMPINES AVE 1 Singapore
235588,aa19a0e878069b8ba577d373393ddb53fd03686acea52a0c0dc89a8e395a0523,2026-09-05 04:25:26,2026-07,TAMPINES,4 ROOM,890A,TAMPINES AVE 1,07 TO 09,93.00,Model A,2015,88 years 02 months,842888,0.06079271,17820,2026,890A TAMPINES AVE 1 Singapore
235589,8d230955f0d0e3a70fd4f14c1ff1ec75fd3e7b662994386f644b9eb8f6156146,2026-09-05 04:25:26,2026-08,TAMPINES,4 ROOM,890A,TAMPINES AVE 1,07 TO 09,93.00,Model A,2015,88 years 02 months,777000,0.06079271,17820,2026,890A TAMPINES AVE 1 Singapore
235590,1a7077db13c8bf8937dc477e2e31298d1c96ccd6700bafa804a6b88e7b63a9a4,2026-09-05 04:25:26,2026-08,TAMPINES,4 ROOM,890A,TAMPINES AVE 1,10 TO 12,93.00,Model A,2015,88 years 02 months,825888,0.06079271,17820,2026,890A TAMPINES AVE 1 Singapore
235591,6475f6ed11929d050f0a173ace548085b2f2fd6805603b9cc161bc31115230e4,2026-09-05 04:25:26,2026-08,TAMPINES,4 ROOM,622B,TAMPINES AVE 12,10 TO 12,93.00,Model A,2022,94 years 05 months,765000,0.06079271,17820,2026,622B TAMPINES AVE 12 Singapore
235592,ff8df7dfd5f80f7989d604b3fbaed0c6044072fd05c836dd442cb5f508b83b93,2026-09-05 04:25:26,2026-01,TAMPINES,4 ROOM,808,TAMPINES AVE 4,10 TO 12,105.00,Model A,1984,57 years 04 months,685888,0.06079271,17820,2026,808 TAMPINES AVE 4 Singapore
235593,c785876b0beea2ced2e94b89d0ff938a390802737e0bea509a410d6972fde3f9,2026-09-05 04:25:26,2026-01,TAMPINES,4 ROOM,811,TAMPINES AVE 4,01 TO 03,91.00,New Generation,1985,58 years 02 months,590000,0.06079271,17820,2026,811 TAMPINES AVE 4 Singapore
235594,92863a373bf5dab9e75c58d68be6180642ba15fdab3727f497471e000ca0b8ee,2026-09-05 04:25:26,2026-02,TAMPINES,4 ROOM,809,TAMPINES AVE 4,01 TO 03,104.00,Model A,1984,57 years 02 months,620000,0.06079271,17820,2026,809 TAMPINES AVE 4 Singapore
235595,4059c4f25077903fd297b7686a763bb3126ab91ce00fcedd0f92e6d63988bb29,2026-09-05 04:25:26,2026-03,TAMPINES,4 ROOM,811,TAMPINES AVE 4,10 TO 12,91.00,New Generation,1985,58 years 01 month,636000,0.06079271,17820,2026,811 TAMPINES AVE 4 Singapore
235596,9374b76b05c1086f8b27bca291bb3548182f811f178ebf14f0cd8e5bf658cba0,2026-09-05 04:25:26,2026-04,TAMPINES,4 ROOM,909,TAMPINES AVE 4,01 TO 03,105.00,Model A,1984,57 years,628000,0.06079271,17820,2026,909 TAMPINES AVE 4 Singapore
235597,32df5acdcff75c199208d745064e853ed8417723b525d30a541b99b0fb4185fb,2026-09-05 04:25:26,2026-07,TAMPINES,4 ROOM,810,TAMPINES AVE 4,01 TO 03,105.00,Model A,1984,57 years 02 months,580000,0.06079271,17820,2026,810 TAMPINES AVE 4 Singapore
235598,abf8467384c91baf9a00d73b698fc1dbf51b082d8956db034b95ef62a17fae6c,2026-09-05 04:25:26,2026-07,TAMPINES,4 ROOM,803,TAMPINES AVE 4,07 TO 09,100.00,New Generation,1984,57 years 05 months,635000,0.06079271,17820,2026,803 TAMPINES AVE 4 Singapore
235599,2b84583236ba4c6e7484cfa096b5aa943a8119df700928853976f555d2360eeb,2026-09-05 04:25:26,2026-08,TAMPINES,4 ROOM,805,TAMPINES AVE 4,07 TO 09,91.00,New Generation,1985,57 years 08 months,600000,0.06079271,17820,2026,805 TAMPINES AVE 4 Singapore
235600,8fdcf655462a577a69ac2af4959c4e1e358f98fcb0f33497fde643fabea48b21,2026-09-05 04:25:26,2026-08,TAMPINES,4 ROOM,816,TAMPINES AVE 4,13 TO 15,98.00,New Generation,1984,57 years 02 months,653888,0.06079271,17820,2026,816 TAMPINES AVE 4 Singapore
235601,f40a8385cffeb883004b28153265a7910e5559d774f7714c53679d536f42e5a6,2026-09-05 04:25:26,2026-08,TAMPINES,4 ROOM,908,TAMPINES AVE 4,04 TO 06,104.00,Model A,1983,56 years 03 months,642000,0.06079271,17820,2026,908 TAMPINES AVE 4 Singapore
235602,4dd90ad33e4faec9b984cbfb26a3518f09506eb1f23ce541576626f2f3a7e985,2026-09-05 04:25:26,2026-08,TAMPINES,4 ROOM,902,TAMPINES AVE 4,13 TO 15,102.00,Model A,1984,56 years 11 months,660000,0.06079271,17820,2026,902 TAMPINES AVE 4 Singapore
235603,376cd0e235a4b958a3c94c9e273b807a9395471f5421534a9d0acacca98023ed,2026-09-05 04:25:26,2026-01,TAMPINES,4 ROOM,859A,TAMPINES AVE 5,04 TO 06,104.00,Model A,1988,61 years 03 months,690000,0.06079271,17820,2026,859A TAMPINES AVE 5 Singapore
235604,0a4797e6297428028a2377e92cfeb06e8ae6addb1a133a2d4659748a3a1b902a,2026-09-05 04:25:26,2026-02,TAMPINES,4 ROOM,859,TAMPINES AVE 5,07 TO 09,104.00,Model A,1988,61 years 06 months,675000,0.06079271,17820,2026,859 TAMPINES AVE 5 Singapore
235605,01961e13be368bb621a26a71fe285df9d0e5b6db44e14388d4dfa57ea783e35c,2026-09-05 04:25:26,2026-03,TAMPINES,4 ROOM,859A,TAMPINES AVE 5,04 TO 06,104.00,Model A,1988,61 years,666000,0.06079271,17820,2026,859A TAMPINES AVE 5 Singapore
235606,19f71f3a8187508067459cf72ad4b027a6aaff6530ca0359ddbc351189d78947,2026-09-05 04:25:26,2026-04,TAMPINES,4 ROOM,861A,TAMPINES AVE 5,07 TO 09,104.00,Model A,1988,61 years 06 months,658000,0.06079271,17820,2026,861A TAMPINES AVE 5 Singapore
235607,2eab0b84d7c5d5367eeffd643a7a4d599f929ecf0f865cb5c0635a5f95c663dc,2026-09-05 04:25:26,2026-04,TAMPINES,4 ROOM,861,TAMPINES AVE 5,07 TO 09,104.00,Model A,1988,61 years 03 months,687000,0.06079271,17820,2026,861 TAMPINES AVE 5 Singapore
235608,20ea48b3e0417b1f72a961bc0e653db3bd1687aa1a5f3f42502f3350d1794830,2026-09-05 04:25:26,2026-05,TAMPINES,4 ROOM,861,TAMPINES AVE 5,07 TO 09,104.00,Model A,1988,61 years 02 months,650133,0.06079271,17820,2026,861 TAMPINES AVE 5 Singapore
235609,f3a3597916f8d29f053dc3cf1d33ac0a9cded6c27a76a6f9c5afc3ae6dd70ca9,2026-09-05 04:25:26,2026-08,TAMPINES,4 ROOM,860B,TAMPINES AVE 5,01 TO 03,108.00,Model A,1987,60 years 02 months,640000,0.06079271,17820,2026,860B TAMPINES AVE 5 Singapore
235610,0300fea2ee4dc3c6854d6f81182ceb68cbf18b200d2c84fca7df602e0f7e2e2b,2026-09-05 04:25:26,2026-09,TAMPINES,4 ROOM,859A,TAMPINES AVE 5,07 TO 09,104.00,Model A,1988,60 years 07 months,675000,0.06079271,17820,2026,859A TAMPINES AVE 5 Singapore
235611,65111eabae31369a7e34a1d632e36386e5cb4dd53a13429b9178f904a11d86fa,2026-09-05 04:25:26,2026-03,TAMPINES,4 ROOM,395,TAMPINES AVE 7,04 TO 06,107.00,Model A,1994,67 years 08 months,652000,0.06079271,17820,2026,395 TAMPINES AVE 7 Singapore
235612,b6687b070699e3157f90d9880c2af0f30f8c381b66fae59954e656ab255b6fed,2026-09-05 04:25:26,2026-01,TAMPINES,4 ROOM,876A,TAMPINES AVE 8,10 TO 12,93.00,Model A,2021,94 years 10 months,775000,0.06079271,17820,2026,876A TAMPINES AVE 8 Singapore
235613,a616aac0b38c1d9583e9f5b535b928e60f531696e382c9216b18212000dc2d4a,2026-09-05 04:25:26,2026-01,TAMPINES,4 ROOM,879B,TAMPINES AVE 8,10 TO 12,93.00,Model A,2017,90 years 06 months,770000,0.06079271,17820,2026,879B TAMPINES AVE 8 Singapore
235614,3c6bafee10e781200d7d788fdfe59dba3a32d74be088980a29f968fc28aa182c,2026-09-05 04:25:26,2026-01,TAMPINES,4 ROOM,869A,TAMPINES AVE 8,13 TO 15,92.00,Model A,2015,88 years 06 months,750000,0.06079271,17820,2026,869A TAMPINES AVE 8 Singapore
235615,e25c26a3e856655d47a5e8efe94bc27d79dea99027f14c0508263f52f6bdd43c,2026-09-05 04:25:26,2026-01,TAMPINES,4 ROOM,876A,TAMPINES AVE 8,01 TO 03,93.00,Model A,2021,94 years 10 months,770888,0.06079271,17820,2026,876A TAMPINES AVE 8 Singapore
235616,3f4dc70b420f657d4a6c21cff93d3a625006729426840726fae7dac891c82381,2026-09-05 04:25:26,2026-01,TAMPINES,4 ROOM,876A,TAMPINES AVE 8,04 TO 06,93.00,Model A,2021,94 years 09 months,738000,0.06079271,17820,2026,876A TAMPINES AVE 8 Singapore
235617,279402fac5e97ff91a8453c46ba9c71cc1127f1ad56cf66ef4a8f3214f1c96d8,2026-09-05 04:25:26,2026-01,TAMPINES,4 ROOM,891,TAMPINES AVE 8,04 TO 06,100.00,Model A,1997,70 years 04 months,630000,0.06079271,17820,2026,891 TAMPINES AVE 8 Singapore
235618,49bc7cbb3880309f1680acf5257ccec7d0bff52f66be47ccbb6b88e5b16b0cba,2026-09-05 04:25:26,2026-01,TAMPINES,4 ROOM,876C,TAMPINES AVE 8,13 TO 15,93.00,Model A,2021,94 years 09 months,768000,0.06079271,17820,2026,876C TAMPINES AVE 8 Singapore
235619,0c0986ce2ab8f29be4ec7f88855d3e149abf863176beaad371a74b141128829f,2026-09-05 04:25:26,2026-01,TAMPINES,4 ROOM,876A,TAMPINES AVE 8,13 TO 15,93.00,Model A,2021,94 years 09 months,800000,0.06079271,17820,2026,876A TAMPINES AVE 8 Singapore
235620,cfe16e441fc33065a4d87beb900e8368d9ede8850fcca3466df466c8f9fb8158,2026-09-05 04:25:26,2026-02,TAMPINES,4 ROOM,891,TAMPINES AVE 8,04 TO 06,101.00,Model A,1997,70 years 04 months,650000,0.06079271,17820,2026,891 TAMPINES AVE 8 Singapore
235621,9d532a11f4968914bc8fbfa7b50de13786d615cca2e5e7b5556be4a42316cb1f,2026-09-05 04:25:26,2026-02,TAMPINES,4 ROOM,876A,TAMPINES AVE 8,13 TO 15,93.00,Model A,2021,94 years 10 months,763888,0.06079271,17820,2026,876A TAMPINES AVE 8 Singapore
235622,3e2cc1d2ed6e5799409e889d8aa52092abbf6ccfe1ba3c72b28da4630bcd0cc4,2026-09-05 04:25:26,2026-02,TAMPINES,4 ROOM,876A,TAMPINES AVE 8,04 TO 06,93.00,Model A,2021,94 years 09 months,765000,0.06079271,17820,2026,876A TAMPINES AVE 8 Singapore
235623,53e0894eefd9449a76c4c63b84fbc0648216a26d709b9997853f34b13ef4b3fe,2026-09-05 04:25:26,2026-02,TAMPINES,4 ROOM,891,TAMPINES AVE 8,01 TO 03,101.00,Model A,1997,70 years 04 months,675000,0.06079271,17820,2026,891 TAMPINES AVE 8 Singapore
235624,fe5b0367b7f11c6fbdbc03c8c2676ec9d5e182340e6259eb64a4542311815079,2026-09-05 04:25:26,2026-02,TAMPINES,4 ROOM,876A,TAMPINES AVE 8,01 TO 03,93.00,Model A,2021,94 years 09 months,711000,0.06079271,17820,2026,876A TAMPINES AVE 8 Singapore
235625,a9c682c833970f663b86b5427d594393396cdc1902d276a0167661e26578ca3c,2026-09-05 04:25:26,2026-02,TAMPINES,4 ROOM,876C,TAMPINES AVE 8,10 TO 12,93.00,Model A,2021,94 years 08 months,788888,0.06079271,17820,2026,876C TAMPINES AVE 8 Singapore
235626,02948ed71a1d9b095c31be94b296068028fb7f7996bfefb376e32a6c06d357ba,2026-09-05 04:25:26,2026-02,TAMPINES,4 ROOM,876C,TAMPINES AVE 8,07 TO 09,93.00,Model A,2021,94 years 08 months,770000,0.06079271,17820,2026,876C TAMPINES AVE 8 Singapore
235627,c6364496ef4b323e326d3746e9197d98f1b65975c70fe039f57453b22b428ef3,2026-09-05 04:25:26,2026-03,TAMPINES,4 ROOM,868B,TAMPINES AVE 8,04 TO 06,92.00,Model A,2015,88 years 04 months,735000,0.06079271,17820,2026,868B TAMPINES AVE 8 Singapore
235628,f83b1f0544cd4e8df26ff0c9995b03f08d1e32dd93f14d653fda407033d643d0,2026-09-05 04:25:26,2026-03,TAMPINES,4 ROOM,876C,TAMPINES AVE 8,04 TO 06,93.00,Model A,2021,94 years 08 months,710000,0.06079271,17820,2026,876C TAMPINES AVE 8 Singapore
235629,210c256993563533e05519bcc91b50804ff03168ff202a7dee127939ea010bd9,2026-09-05 04:25:26,2026-03,TAMPINES,4 ROOM,879B,TAMPINES AVE 8,13 TO 15,93.00,Model A,2017,90 years 04 months,770000,0.06079271,17820,2026,879B TAMPINES AVE 8 Singapore
235630,fc5a6b530fe96ec7775dd57c24aa8067df90a34a3af6be5202bb086b1086f985,2026-09-05 04:25:26,2026-03,TAMPINES,4 ROOM,879,TAMPINES AVE 8,07 TO 09,104.00,Model A,1988,61 years 05 months,628000,0.06079271,17820,2026,879 TAMPINES AVE 8 Singapore
235631,bce029fab0f39b23a4bb364bde5884ffd43867aec8f417c18a8a4cd7bb6120b1,2026-09-05 04:25:26,2026-03,TAMPINES,4 ROOM,876C,TAMPINES AVE 8,13 TO 15,93.00,Model A,2021,94 years 07 months,793888,0.06079271,17820,2026,876C TAMPINES AVE 8 Singapore
235632,a364db744f9a696088e43b2aeca6619e6f5df088da0a8b98661591d06e56257d,2026-09-05 04:25:26,2026-03,TAMPINES,4 ROOM,876A,TAMPINES AVE 8,10 TO 12,93.00,Model A,2021,94 years 08 months,770000,0.06079271,17820,2026,876A TAMPINES AVE 8 Singapore
235633,ee40507694dcc17e3ffe21f7131f1a4533931607d63b457371ff6b151a4b209e,2026-09-05 04:25:26,2026-03,TAMPINES,4 ROOM,876C,TAMPINES AVE 8,10 TO 12,93.00,Model A,2021,94 years 08 months,770000,0.06079271,17820,2026,876C TAMPINES AVE 8 Singapore
235634,2dce867747323061064fb00064f48a8ce8f302ee945e598826a2836e189321b3,2026-09-05 04:25:26,2026-03,TAMPINES,4 ROOM,876C,TAMPINES AVE 8,07 TO 09,93.00,Model A,2021,94 years 07 months,750000,0.06079271,17820,2026,876C TAMPINES AVE 8 Singapore
235635,b382de6dff88a54a7bc20913ce66a472b7d631e12c148434db6efd1ad851b6ea,2026-09-05 04:25:26,2026-04,TAMPINES,4 ROOM,879B,TAMPINES AVE 8,10 TO 12,93.00,Model A,2017,90 years 03 months,780000,0.06079271,17820,2026,879B TAMPINES AVE 8 Singapore
235636,9a957a0bea124528035a4e0a4124f73da8a9d31173ab5ac2c4684612e4bb779f,2026-09-05 04:25:26,2026-04,TAMPINES,4 ROOM,876C,TAMPINES AVE 8,10 TO 12,93.00,Model A,2021,94 years 06 months,790000,0.06079271,17820,2026,876C TAMPINES AVE 8 Singapore
235637,4a83ecf6470494ee196bdc477a886f003c63098372ea433087deb58f990c399c,2026-09-05 04:25:26,2026-05,TAMPINES,4 ROOM,869A,TAMPINES AVE 8,04 TO 06,92.00,Model A,2015,88 years 02 months,725000,0.06079271,17820,2026,869A TAMPINES AVE 8 Singapore
235638,5bd0a8591fad079f9a41c818dd570676ef16c336533e9b1b87d607b545cbc95c,2026-09-05 04:25:26,2026-05,TAMPINES,4 ROOM,868B,TAMPINES AVE 8,04 TO 06,92.00,Model A,2015,88 years 02 months,735000,0.06079271,17820,2026,868B TAMPINES AVE 8 Singapore
235639,2a9f80c38d79d87d916063c409356d9ac6544d83447e28e951af93663b14a473,2026-09-05 04:25:26,2026-05,TAMPINES,4 ROOM,879B,TAMPINES AVE 8,04 TO 06,93.00,Model A,2017,90 years 02 months,725000,0.06079271,17820,2026,879B TAMPINES AVE 8 Singapore
235640,076672b8fdfd1ea2e7eeeb4a297f36bedf3e789bf121a5d37ef6d129cfaae7e7,2026-09-05 04:25:26,2026-06,TAMPINES,4 ROOM,868A,TAMPINES AVE 8,16 TO 18,92.00,Model A,2015,88 years 01 month,765000,0.06079271,17820,2026,868A TAMPINES AVE 8 Singapore
235641,adbd28c2732fad2be47a2c50dea3b6dd9e7972ff2957aec3b957f91b1f60082b,2026-09-05 04:25:26,2026-06,TAMPINES,4 ROOM,876C,TAMPINES AVE 8,07 TO 09,93.00,Model A,2021,94 years 05 months,760000,0.06079271,17820,2026,876C TAMPINES AVE 8 Singapore
235642,ee1b3734f8ec8d3e4569b4f92b9010918f144e834fc2c78e9ee8b2143a933373,2026-09-05 04:25:26,2026-06,TAMPINES,4 ROOM,879,TAMPINES AVE 8,01 TO 03,104.00,Model A,1988,61 years 02 months,605000,0.06079271,17820,2026,879 TAMPINES AVE 8 Singapore
235643,2913543a7de335d8db8d4fa18eb9139e2ae40add7e47e65cbd18df40d2e690d0,2026-09-05 04:25:26,2026-07,TAMPINES,4 ROOM,878A,TAMPINES AVE 8,10 TO 12,93.00,Model A,2017,90 years,770000,0.06079271,17820,2026,878A TAMPINES AVE 8 Singapore
235644,acd3719972210f58b7b886b2d6ec37a3cb780af60cf70cbbbc92dc39530675e6,2026-09-05 04:25:26,2026-07,TAMPINES,4 ROOM,879,TAMPINES AVE 8,10 TO 12,103.00,Model A,1988,61 years 01 month,675000,0.06079271,17820,2026,879 TAMPINES AVE 8 Singapore
235645,ce429199f222c558d48bf9ddc46809f4fd136321e548a92e58ee48ca9d226043,2026-09-05 04:25:26,2026-07,TAMPINES,4 ROOM,868B,TAMPINES AVE 8,07 TO 09,92.00,Model A,2015,88 years,750000,0.06079271,17820,2026,868B TAMPINES AVE 8 Singapore
235646,1aa4fa49b6e11cd7eb7aeac79d5d28d30fe37f35a267d8068a81ae9d473b1b85,2026-09-05 04:25:26,2026-07,TAMPINES,4 ROOM,879B,TAMPINES AVE 8,07 TO 09,93.00,Model A,2017,90 years,742888,0.06079271,17820,2026,879B TAMPINES AVE 8 Singapore
235647,dcc852dece7e4db9a130aa982ff0ea7f858af228b370f51db114a1a82cdf4ee9,2026-09-05 04:25:26,2026-08,TAMPINES,4 ROOM,876C,TAMPINES AVE 8,01 TO 03,93.00,Model A,2021,94 years 03 months,695888,0.06079271,17820,2026,876C TAMPINES AVE 8 Singapore
235648,fa37a2cdcbb0f13a4fbc7ad1fa23c11953dae23ee8faa9bd752bb06a0e40d859,2026-09-05 04:25:26,2026-08,TAMPINES,4 ROOM,876A,TAMPINES AVE 8,04 TO 06,93.00,Model A,2021,94 years 03 months,750000,0.06079271,17820,2026,876A TAMPINES AVE 8 Singapore
235649,3980303a77c84de402819856c8bb06f384bec3f0a4037af4bf8e76a3f6b0264b,2026-09-05 04:25:26,2026-08,TAMPINES,4 ROOM,880A,TAMPINES AVE 8,01 TO 03,104.00,Model A,1988,60 years 09 months,600000,0.06079271,17820,2026,880A TAMPINES AVE 8 Singapore
235650,e0eeb88bba78130deabc6e96d1a963771655e6a834d746c9bbfe5719ad980faa,2026-09-05 04:25:26,2026-08,TAMPINES,4 ROOM,880A,TAMPINES AVE 8,04 TO 06,104.00,Model A,1988,60 years 09 months,600000,0.06079271,17820,2026,880A TAMPINES AVE 8 Singapore
235651,a4b5e43ae398e0b62ca70fb8481cc764d58f00b66f06df575e0476aaf67b48fd,2026-09-05 04:25:26,2026-08,TAMPINES,4 ROOM,879A,TAMPINES AVE 8,07 TO 09,93.00,Model A,2017,89 years 11 months,765000,0.06079271,17820,2026,879A TAMPINES AVE 8 Singapore
235652,ef6d23b209d59566f6539b411f0efbc5b55fe5fdae93c6388a0882467f1e737b,2026-09-05 04:25:26,2026-08,TAMPINES,4 ROOM,891,TAMPINES AVE 8,01 TO 03,101.00,Model A,1997,69 years 10 months,620000,0.06079271,17820,2026,891 TAMPINES AVE 8 Singapore
235653,c66ac4443f3fa4947b449f932031b6337dd00fa9aaa12853ecd512cef9fb5d33,2026-09-05 04:25:26,2026-08,TAMPINES,4 ROOM,868A,TAMPINES AVE 8,10 TO 12,92.00,Model A,2015,87 years 10 months,725000,0.06079271,17820,2026,868A TAMPINES AVE 8 Singapore
235654,5bcbdac1466515ae06089907a147d5b2bca228431705827fc5d02e8f1308117a,2026-09-05 04:25:26,2026-08,TAMPINES,4 ROOM,891,TAMPINES AVE 8,10 TO 12,100.00,Model A,1997,69 years 09 months,650000,0.06079271,17820,2026,891 TAMPINES AVE 8 Singapore
235655,96270e07db45350ce9e47d1ee849deb7d65de1244109b0e913c26ff8f8b21b8c,2026-09-05 04:25:26,2026-08,TAMPINES,4 ROOM,879A,TAMPINES AVE 8,01 TO 03,93.00,Model A,2017,89 years 10 months,710000,0.06079271,17820,2026,879A TAMPINES AVE 8 Singapore
235656,ab41125c20c9b8b55403707fc038ba100d223f5d0193acf07eabba47ed5434ab,2026-09-05 04:25:26,2026-01,TAMPINES,4 ROOM,601C,TAMPINES AVE 9,04 TO 06,92.00,Model A,2020,93 years 02 months,806000,0.06079271,17820,2026,601C TAMPINES AVE 9 Singapore
235657,19f486bf20f81cf84342df911d042845a7be7b202e1c21fccb691fdc82eabd32,2026-09-05 04:25:26,2026-02,TAMPINES,4 ROOM,604B,TAMPINES AVE 9,10 TO 12,92.00,Model A,2020,93 years 02 months,740000,0.06079271,17820,2026,604B TAMPINES AVE 9 Singapore
235658,81a0cc12c9c7efa9a29a2fd29a086d0f6269963bd8686cf6db587319c58ae091,2026-09-05 04:25:26,2026-02,TAMPINES,4 ROOM,604B,TAMPINES AVE 9,13 TO 15,92.00,Model A,2020,93 years 01 month,790000,0.06079271,17820,2026,604B TAMPINES AVE 9 Singapore
235659,76dbc36a4243649861934e59b386f795a6aa82ee7c71fb999341df1034e1a394,2026-09-05 04:25:26,2026-02,TAMPINES,4 ROOM,604A,TAMPINES AVE 9,01 TO 03,92.00,Model A,2020,93 years,680000,0.06079271,17820,2026,604A TAMPINES AVE 9 Singapore
235660,f24faf08a5dfc63e1cc4d075ca649dd78d724ee6ed429aad2c85997d0cae130d,2026-09-05 04:25:26,2026-03,TAMPINES,4 ROOM,601B,TAMPINES AVE 9,04 TO 06,92.00,Model A,2020,92 years 11 months,760000,0.06079271,17820,2026,601B TAMPINES AVE 9 Singapore
235661,aa937b3eab9f9a3535a1b3bae747c4b06fb597e323ecb72f0865752bde174cb8,2026-09-05 04:25:26,2026-03,TAMPINES,4 ROOM,601C,TAMPINES AVE 9,13 TO 15,92.00,Model A,2020,92 years 11 months,820000,0.06079271,17820,2026,601C TAMPINES AVE 9 Singapore
235662,f5407f7d5f2e91f8c8af771757ff0cc37856dbde45784e83bb04be57d9ac538c,2026-09-05 04:25:26,2026-04,TAMPINES,4 ROOM,486C,TAMPINES AVE 9,10 TO 12,108.00,Model A,1993,66 years 05 months,611000,0.06079271,17820,2026,486C TAMPINES AVE 9 Singapore
235663,d56df0cc6fdc1edffee129a5808eb1db38c95ce16315605e9fcdbacbf163b657,2026-09-05 04:25:26,2026-05,TAMPINES,4 ROOM,496E,TAMPINES AVE 9,04 TO 06,107.00,Model A,1993,66 years 03 months,623000,0.06079271,17820,2026,496E TAMPINES AVE 9 Singapore
235664,52918a995040fc0528cb545c44d8835d3c3257c14b30d7422938939fdf4eecc0,2026-09-05 04:25:26,2026-05,TAMPINES,4 ROOM,496G,TAMPINES AVE 9,01 TO 03,106.00,Model A,1993,66 years 03 months,600000,0.06079271,17820,2026,496G TAMPINES AVE 9 Singapore
235665,056e3130ad011fbb03df24f46fdbc854e00bd742fa64f2c5c9917fb16b6cbb87,2026-09-05 04:25:26,2026-05,TAMPINES,4 ROOM,601A,TAMPINES AVE 9,13 TO 15,92.00,Model A,2020,92 years 11 months,780000,0.06079271,17820,2026,601A TAMPINES AVE 9 Singapore
235666,3803727bd309ab2dea0dc0e6b074966e609574e69f2385b0f95b22cea169d8b1,2026-09-05 04:25:26,2026-05,TAMPINES,4 ROOM,601A,TAMPINES AVE 9,10 TO 12,92.00,Model A,2020,92 years 10 months,785000,0.06079271,17820,2026,601A TAMPINES AVE 9 Singapore
235667,07a42d6560fd7b0acc147a396099bb5228d17a025c7ac11396736f7a66500ee0,2026-09-05 04:25:26,2026-06,TAMPINES,4 ROOM,496E,TAMPINES AVE 9,07 TO 09,107.00,Model A,1993,66 years 02 months,625800,0.06079271,17820,2026,496E TAMPINES AVE 9 Singapore
235668,bf06618dd8e050780b1d36b7083d83cd208bc8b53b1ac79c7ca47e4537123eaa,2026-09-05 04:25:26,2026-07,TAMPINES,4 ROOM,604A,TAMPINES AVE 9,07 TO 09,92.00,Model A,2020,92 years 08 months,785000,0.06079271,17820,2026,604A TAMPINES AVE 9 Singapore
235669,0a3eda66e56b4be2118feca7d613bfae5bc1d3dd1d143880b10dca287a3863da,2026-09-05 04:25:26,2026-08,TAMPINES,4 ROOM,493B,TAMPINES AVE 9,07 TO 09,105.00,Model A,1993,66 years,655000,0.06079271,17820,2026,493B TAMPINES AVE 9 Singapore
235670,cc95238ee6be68166cfabc8d077c5ae7cd3779fbbb5831dd9b2735c60fc444cf,2026-09-05 04:25:26,2026-08,TAMPINES,4 ROOM,604B,TAMPINES AVE 9,13 TO 15,92.00,Model A,2020,92 years 06 months,800000,0.06079271,17820,2026,604B TAMPINES AVE 9 Singapore
235671,c145f51dbe861dc57746c1d551e7b957e2313cef0f73b067ae6029bac76285e9,2026-09-05 04:25:26,2026-08,TAMPINES,4 ROOM,601A,TAMPINES AVE 9,01 TO 03,92.00,Model A,2020,92 years 06 months,750000,0.06079271,17820,2026,601A TAMPINES AVE 9 Singapore
235672,62e1012f0c094183e767ab8d1298a15d04d24f1df7f14ec628f6ea2b4b40d6a5,2026-09-05 04:25:26,2026-01,TAMPINES,4 ROOM,503,TAMPINES CTRL 1,01 TO 03,96.00,New Generation,1990,63 years 02 months,608000,0.06079271,17820,2026,503 TAMPINES CTRL 1 Singapore
235673,bf4926e131649c84abea07ee11ba9b1438f55adf17fc816f1aa73571112469b8,2026-09-05 04:25:26,2026-04,TAMPINES,4 ROOM,503,TAMPINES CTRL 1,01 TO 03,94.00,New Generation,1990,62 years 11 months,635000,0.06079271,17820,2026,503 TAMPINES CTRL 1 Singapore
235674,2004bca8edf78e15a7db3a5a1264e6fb62d902957ae93e12786384d3a8b576ac,2026-09-05 04:25:26,2026-04,TAMPINES,4 ROOM,503,TAMPINES CTRL 1,01 TO 03,109.00,Model A,1990,62 years 10 months,711888,0.06079271,17820,2026,503 TAMPINES CTRL 1 Singapore
235675,82863510dd7f5758b906ac80bf4053ba3cf863d73ed6925d939b39d10841d84e,2026-09-05 04:25:26,2026-05,TAMPINES,4 ROOM,503,TAMPINES CTRL 1,04 TO 06,105.00,Model A,1990,62 years 09 months,680000,0.06079271,17820,2026,503 TAMPINES CTRL 1 Singapore
235676,2ff8948e62287d4ec341e720ed00afb713f236916e636bb5720c4f029fbc3bd6,2026-09-05 04:25:26,2026-06,TAMPINES,4 ROOM,503,TAMPINES CTRL 1,01 TO 03,105.00,Model A,1990,62 years 09 months,690000,0.06079271,17820,2026,503 TAMPINES CTRL 1 Singapore
235677,efe64fc8d3ccc41f477ca4d78161275d0546ff058ef4c6c8e1715ecb4c5d8901,2026-09-05 04:25:26,2026-08,TAMPINES,4 ROOM,503,TAMPINES CTRL 1,07 TO 09,107.00,Model A,1990,62 years 07 months,768000,0.06079271,17820,2026,503 TAMPINES CTRL 1 Singapore
235678,fe8767a4b4e096a058baef19fd6c52a42b1e73e26493cca0b0eb7a906eb4a416,2026-09-05 04:25:26,2026-01,TAMPINES,4 ROOM,518A,TAMPINES CTRL 7,16 TO 18,92.00,DBSS,2008,82 years,840000,0.06079271,17820,2026,518A TAMPINES CTRL 7 Singapore
235679,b1a93ebc36abe27fe82ab996ab5f2721b49ecd0bc5c838c9cd01e23646f2fa0c,2026-09-05 04:25:26,2026-01,TAMPINES,4 ROOM,524A,TAMPINES CTRL 7,07 TO 09,93.00,Model A,2015,88 years 08 months,792000,0.06079271,17820,2026,524A TAMPINES CTRL 7 Singapore
235680,e2ebb81e770c29de9dab4a4b987fc7d98c78a270f4d7cce88819c5385e6b89c5,2026-09-05 04:25:26,2026-01,TAMPINES,4 ROOM,523C,TAMPINES CTRL 7,04 TO 06,93.00,Model A,2015,88 years 08 months,787000,0.06079271,17820,2026,523C TAMPINES CTRL 7 Singapore
235681,620b966054382cd4e8dc072b9f3dc045b57df2bcf0d77fc2a202c99ada975e6c,2026-09-05 04:25:26,2026-01,TAMPINES,4 ROOM,522A,TAMPINES CTRL 7,07 TO 09,93.00,Model A,2015,88 years 08 months,800000,0.06079271,17820,2026,522A TAMPINES CTRL 7 Singapore
235682,5a4dbf489c17e4e6d48067bd9df88145f0247875eccaa5a9c8e652b8f8c71441,2026-09-05 04:25:26,2026-03,TAMPINES,4 ROOM,522B,TAMPINES CTRL 7,13 TO 15,93.00,Model A,2015,88 years 06 months,808000,0.06079271,17820,2026,522B TAMPINES CTRL 7 Singapore
235683,91cd4b8f2e689b58e26cd6739c029c63241400f6f59dd81ff7e943109ebe2914,2026-09-05 04:25:26,2026-04,TAMPINES,4 ROOM,524A,TAMPINES CTRL 7,01 TO 03,93.00,Model A,2015,88 years 05 months,730000,0.06079271,17820,2026,524A TAMPINES CTRL 7 Singapore
235684,5aa1ef5f4b0b1859e4b554a6a514cdcb1ce8123165ffa935404ef71126dbf157,2026-09-05 04:25:26,2026-05,TAMPINES,4 ROOM,518A,TAMPINES CTRL 7,13 TO 15,92.00,DBSS,2008,81 years 08 months,845000,0.06079271,17820,2026,518A TAMPINES CTRL 7 Singapore
235685,7554967fc2f891e26398681584c0555908909c9078cc02572f47b88502013619,2026-09-05 04:25:26,2026-05,TAMPINES,4 ROOM,523A,TAMPINES CTRL 7,01 TO 03,93.00,Model A,2015,88 years 04 months,700000,0.06079271,17820,2026,523A TAMPINES CTRL 7 Singapore
235686,26c4674f2b35c270bd2828dc6656199cd2ff4e64434b0d7c3c92de8544a3e903,2026-09-05 04:25:26,2026-05,TAMPINES,4 ROOM,522C,TAMPINES CTRL 7,13 TO 15,93.00,Model A,2015,88 years 04 months,806000,0.06079271,17820,2026,522C TAMPINES CTRL 7 Singapore
235687,bbe20852dfe5da8480e331f35a579d35f1a7f55c17b7b30fd11c2a9027bc10a3,2026-09-05 04:25:26,2026-06,TAMPINES,4 ROOM,518A,TAMPINES CTRL 7,07 TO 09,92.00,DBSS,2008,81 years 08 months,850000,0.06079271,17820,2026,518A TAMPINES CTRL 7 Singapore
235688,d95608be8105a0750bd7eec28077cba4918c703dd7d792cb6b17fd80e8a09a13,2026-09-05 04:25:26,2026-06,TAMPINES,4 ROOM,522C,TAMPINES CTRL 7,10 TO 12,93.00,Model A,2015,88 years 03 months,810000,0.06079271,17820,2026,522C TAMPINES CTRL 7 Singapore
235689,78cdd00fa1a4aa46ee0078f535cc5adfee97a3024137f6cf7479efd75dccf40f,2026-09-05 04:25:26,2026-06,TAMPINES,4 ROOM,522A,TAMPINES CTRL 7,16 TO 18,93.00,Model A,2015,88 years 03 months,868000,0.06079271,17820,2026,522A TAMPINES CTRL 7 Singapore
235690,9b6e7f8adf5a0b20be1dc411ae870bd7104184f5b93c0981c97ead6310a15e76,2026-09-05 04:25:26,2026-06,TAMPINES,4 ROOM,523D,TAMPINES CTRL 7,13 TO 15,93.00,Model A,2015,88 years 02 months,800888,0.06079271,17820,2026,523D TAMPINES CTRL 7 Singapore
235691,ba1182882ed18293ce3f09268313421a18bf9d8c1f9748189d618b1502855b25,2026-09-05 04:25:26,2026-06,TAMPINES,4 ROOM,522B,TAMPINES CTRL 7,16 TO 18,93.00,Model A,2015,88 years 03 months,825000,0.06079271,17820,2026,522B TAMPINES CTRL 7 Singapore
235692,2eab1d63dafe0e1f72e270a8dca9de7d2b57b54abe070ff0bd74d2a9a7675de9,2026-09-05 04:25:26,2026-08,TAMPINES,4 ROOM,523D,TAMPINES CTRL 7,13 TO 15,93.00,Model A,2015,88 years 01 month,828000,0.06079271,17820,2026,523D TAMPINES CTRL 7 Singapore
235693,25bb92195e9cdd0ba5c88fee8c1b1ad1d6a54c8d7db7ae13938e09a7110172da,2026-09-05 04:25:26,2026-08,TAMPINES,4 ROOM,523D,TAMPINES CTRL 7,07 TO 09,93.00,Model A,2015,88 years,788000,0.06079271,17820,2026,523D TAMPINES CTRL 7 Singapore
235694,d69b7a4f1fa8bc0f70736577c2b1577f74ec1da757a33987713671706168b1f7,2026-09-05 04:25:26,2026-01,TAMPINES,4 ROOM,519B,TAMPINES CTRL 8,01 TO 03,84.00,DBSS,2014,87 years 06 months,785000,0.06079271,17820,2026,519B TAMPINES CTRL 8 Singapore
235695,043dbac20155abf0a6cea1c7805fbed6849644d78fe66455a3dd52d2ce0e8cfb,2026-09-05 04:25:26,2026-01,TAMPINES,4 ROOM,519B,TAMPINES CTRL 8,04 TO 06,84.00,DBSS,2014,87 years 06 months,835000,0.06079271,17820,2026,519B TAMPINES CTRL 8 Singapore
235696,71f05125967018b844922123d58ad6dbc3fadf99d5270eed202f8f35ddf5378c,2026-09-05 04:25:26,2026-02,TAMPINES,4 ROOM,520A,TAMPINES CTRL 8,10 TO 12,84.00,DBSS,2014,87 years 05 months,862888,0.06079271,17820,2026,520A TAMPINES CTRL 8 Singapore
235697,e335a40360279eff709dfe56803fa3331b619d948a60c1ed78c3df71a7469cfe,2026-09-05 04:25:26,2026-03,TAMPINES,4 ROOM,519B,TAMPINES CTRL 8,07 TO 09,84.00,DBSS,2014,87 years 04 months,851500,0.06079271,17820,2026,519B TAMPINES CTRL 8 Singapore
235698,76ec8e407d2af2cf931b224eef7225e5190617bec6bf2aa7f656a5ef10e9599e,2026-09-05 04:25:26,2026-03,TAMPINES,4 ROOM,519A,TAMPINES CTRL 8,04 TO 06,84.00,DBSS,2014,87 years 04 months,865000,0.06079271,17820,2026,519A TAMPINES CTRL 8 Singapore
235699,6579b785b852a206f3cbc78a7c6dab2823a2c2df22667d5670bb038d72e99a7c,2026-09-05 04:25:26,2026-03,TAMPINES,4 ROOM,519C,TAMPINES CTRL 8,04 TO 06,84.00,DBSS,2014,87 years 03 months,848000,0.06079271,17820,2026,519C TAMPINES CTRL 8 Singapore
235700,eee48d1335746dc6b9d3fecfa78bed2a3c06f274265c2c21202aa6fa41bd7467,2026-09-05 04:25:26,2026-04,TAMPINES,4 ROOM,519C,TAMPINES CTRL 8,13 TO 15,83.00,DBSS,2014,87 years 03 months,910000,0.06079271,17820,2026,519C TAMPINES CTRL 8 Singapore
235701,ed9e7d632555fd4705fa52e40709434791f0f4abd9873f194e8f102495dcfb03,2026-09-05 04:25:26,2026-04,TAMPINES,4 ROOM,519B,TAMPINES CTRL 8,04 TO 06,84.00,DBSS,2014,87 years 03 months,826666,0.06079271,17820,2026,519B TAMPINES CTRL 8 Singapore
235702,d67573f51fdc1770fc477dc4eb5b2dcb3699d4bb3d30a9bb807bc3e846135150,2026-09-05 04:25:26,2026-05,TAMPINES,4 ROOM,519A,TAMPINES CTRL 8,13 TO 15,83.00,DBSS,2014,87 years 02 months,860000,0.06079271,17820,2026,519A TAMPINES CTRL 8 Singapore
235703,647f849f0786ea27cfb8e85240bc62841254b0e78414e26d9362abe1a33b3b19,2026-09-05 04:25:26,2026-05,TAMPINES,4 ROOM,519C,TAMPINES CTRL 8,07 TO 09,84.00,DBSS,2014,87 years 02 months,865000,0.06079271,17820,2026,519C TAMPINES CTRL 8 Singapore
235704,b0ea3097ea85673c062d6db755063dba4b1b6e5477f3c3999124172b4df805e8,2026-09-05 04:25:26,2026-05,TAMPINES,4 ROOM,519B,TAMPINES CTRL 8,04 TO 06,84.00,DBSS,2014,87 years 02 months,835000,0.06079271,17820,2026,519B TAMPINES CTRL 8 Singapore
235705,052fd534dc99f885629ad6d869a2f496908018460e005718f621ae305554d75e,2026-09-05 04:25:26,2026-05,TAMPINES,4 ROOM,519A,TAMPINES CTRL 8,10 TO 12,83.00,DBSS,2014,87 years 01 month,875000,0.06079271,17820,2026,519A TAMPINES CTRL 8 Singapore
235706,4444bc70ec5bda602e6cc92b502c627c045b2a2b8682b339fd0d8ca88d3f1f54,2026-09-05 04:25:26,2026-06,TAMPINES,4 ROOM,519C,TAMPINES CTRL 8,07 TO 09,84.00,DBSS,2014,87 years 01 month,885000,0.06079271,17820,2026,519C TAMPINES CTRL 8 Singapore
235707,4ec88cdd6612e2555464601a8c8b2eb2592ab98d126dde23ce83766d3a1f40d7,2026-09-05 04:25:26,2026-06,TAMPINES,4 ROOM,520C,TAMPINES CTRL 8,10 TO 12,84.00,DBSS,2014,87 years 01 month,898000,0.06079271,17820,2026,520C TAMPINES CTRL 8 Singapore
235708,8cf44b1619cdbeb31d29d9cc0b1c4459e399ef0f0e1bfd7860696fbd84ab543f,2026-09-05 04:25:26,2026-07,TAMPINES,4 ROOM,519C,TAMPINES CTRL 8,13 TO 15,84.00,DBSS,2014,87 years,850000,0.06079271,17820,2026,519C TAMPINES CTRL 8 Singapore
235709,22b6d07349f71e627cc508827089e4eeff300942f65523afab2acec6e53c33d1,2026-09-05 04:25:26,2026-08,TAMPINES,4 ROOM,520A,TAMPINES CTRL 8,01 TO 03,84.00,DBSS,2014,86 years 10 months,806000,0.06079271,17820,2026,520A TAMPINES CTRL 8 Singapore
235710,b29a5c3cf1cf46ab1f2d00138e6820b0f023a9389ededcddd298c7970df0f5f8,2026-09-05 04:25:26,2026-01,TAMPINES,4 ROOM,614A,TAMPINES NTH DR 1,07 TO 09,93.00,Model A,2021,94 years 01 month,760000,0.06079271,17820,2026,614A TAMPINES NTH DR 1 Singapore
235711,38d8168d77b4d69d1e0986be4ab786ede50fa625b2aabcfbdaebb18c40f2aa84,2026-09-05 04:25:26,2026-01,TAMPINES,4 ROOM,610C,TAMPINES NTH DR 1,04 TO 06,93.00,Model A,2020,93 years 10 months,760000,0.06079271,17820,2026,610C TAMPINES NTH DR 1 Singapore
235712,f2b5604319ed847dd14769620ee7b5f6cb8919ca97856e92c9caaef5c79727f1,2026-09-05 04:25:26,2026-01,TAMPINES,4 ROOM,609B,TAMPINES NTH DR 1,10 TO 12,93.00,Model A,2020,93 years 10 months,798000,0.06079271,17820,2026,609B TAMPINES NTH DR 1 Singapore
235713,cf3d0a412157e49b4d266cc4a22797421e3ec27d19fe4bca07021bdfa7ac9886,2026-09-05 04:25:26,2026-01,TAMPINES,4 ROOM,612A,TAMPINES NTH DR 1,01 TO 03,93.00,Model A,2020,93 years 10 months,750000,0.06079271,17820,2026,612A TAMPINES NTH DR 1 Singapore
235714,54dc1621371648813f9f1f1179c5e7866b49288efe5f0b20ae517820dec7275a,2026-09-05 04:25:26,2026-01,TAMPINES,4 ROOM,613B,TAMPINES NTH DR 1,07 TO 09,93.00,Model A,2020,93 years 09 months,776000,0.06079271,17820,2026,613B TAMPINES NTH DR 1 Singapore
235715,f058d64bf3cba408764b27ad17ff3aa398af9e633f49c47df73329d9ae285ed2,2026-09-05 04:25:26,2026-02,TAMPINES,4 ROOM,612A,TAMPINES NTH DR 1,04 TO 06,93.00,Model A,2020,93 years 09 months,760000,0.06079271,17820,2026,612A TAMPINES NTH DR 1 Singapore
235716,c76d9337e71639bdc86e5273c1c1ee8f99310836eb46f21481384a25810b921e,2026-09-05 04:25:26,2026-02,TAMPINES,4 ROOM,613B,TAMPINES NTH DR 1,10 TO 12,93.00,Model A,2020,93 years 09 months,798000,0.06079271,17820,2026,613B TAMPINES NTH DR 1 Singapore
235717,d33e9506d59493f877215dc20db9f7517f554b2c0a7628365e008ec7d9b54a1e,2026-09-05 04:25:26,2026-02,TAMPINES,4 ROOM,613A,TAMPINES NTH DR 1,07 TO 09,93.00,Model A,2020,93 years 09 months,780000,0.06079271,17820,2026,613A TAMPINES NTH DR 1 Singapore
235718,4674ac405d0023d88114d80162e1f97bfa2bfb0291378c49a4877ca0721d311b,2026-09-05 04:25:26,2026-02,TAMPINES,4 ROOM,613A,TAMPINES NTH DR 1,07 TO 09,93.00,Model A,2020,93 years 09 months,768000,0.06079271,17820,2026,613A TAMPINES NTH DR 1 Singapore
235719,ec60cb6091130c7031fe4cb2e2f8d747a9606a90991552bdef5434ebbf94fab2,2026-09-05 04:25:26,2026-02,TAMPINES,4 ROOM,610C,TAMPINES NTH DR 1,13 TO 15,93.00,Model A,2020,93 years 08 months,840000,0.06079271,17820,2026,610C TAMPINES NTH DR 1 Singapore
235720,cfc5777d274644dd418edb52453943772ed7da6b4471cbfa77cf99633ee012f0,2026-09-05 04:25:26,2026-03,TAMPINES,4 ROOM,610C,TAMPINES NTH DR 1,04 TO 06,93.00,Model A,2020,93 years 08 months,735000,0.06079271,17820,2026,610C TAMPINES NTH DR 1 Singapore
235721,8bbe8a5bf3ba89b46d9f68cb6bbd4bbe27cb354f2285a328085bddbff049ec29,2026-09-05 04:25:26,2026-03,TAMPINES,4 ROOM,614A,TAMPINES NTH DR 1,13 TO 15,93.00,Model A,2021,93 years 11 months,835000,0.06079271,17820,2026,614A TAMPINES NTH DR 1 Singapore
235722,fe0f85855d056c13b363ad0981146cd31969f9e4925eadf95c21f60a97cc654a,2026-09-05 04:25:26,2026-03,TAMPINES,4 ROOM,613A,TAMPINES NTH DR 1,04 TO 06,93.00,Model A,2020,93 years 08 months,788888,0.06079271,17820,2026,613A TAMPINES NTH DR 1 Singapore
235723,ab0bf749639e0de4aa26ca971c8eab113463d3ca5ac3b03dc73253e018ed368a,2026-09-05 04:25:26,2026-03,TAMPINES,4 ROOM,608A,TAMPINES NTH DR 1,10 TO 12,93.00,Model A,2020,93 years 08 months,775000,0.06079271,17820,2026,608A TAMPINES NTH DR 1 Singapore
235724,0cb9df54cb3c582c554488b06496237f8172b76d0e3329537a28f0a7c72dbea8,2026-09-05 04:25:26,2026-03,TAMPINES,4 ROOM,613A,TAMPINES NTH DR 1,01 TO 03,93.00,Model A,2020,93 years 07 months,705000,0.06079271,17820,2026,613A TAMPINES NTH DR 1 Singapore
235725,222d30e55770ae68b7660b81da7274531861664bdff9fe519c45d3f4df68326a,2026-09-05 04:25:26,2026-04,TAMPINES,4 ROOM,610C,TAMPINES NTH DR 1,01 TO 03,93.00,Model A,2020,93 years 07 months,720000,0.06079271,17820,2026,610C TAMPINES NTH DR 1 Singapore
235726,8fc5dbe309ec655cb36b703ee801ff0cc75f70ea9f779226d79b75be4a37e36d,2026-09-05 04:25:26,2026-04,TAMPINES,4 ROOM,614B,TAMPINES NTH DR 1,13 TO 15,93.00,Model A,2021,93 years 10 months,800000,0.06079271,17820,2026,614B TAMPINES NTH DR 1 Singapore
235727,8cb4943d0d6eaec6b2ff734d7c43e13679eecb67e0059789c428b01f2802af0f,2026-09-05 04:25:26,2026-04,TAMPINES,4 ROOM,614A,TAMPINES NTH DR 1,04 TO 06,93.00,Model A,2021,93 years 09 months,748000,0.06079271,17820,2026,614A TAMPINES NTH DR 1 Singapore
235728,aaf840e88551b139e80319ceef4e7708de9a5f0f33e7ce98bb695e6bcad8ef2c,2026-09-05 04:25:26,2026-04,TAMPINES,4 ROOM,614A,TAMPINES NTH DR 1,10 TO 12,93.00,Model A,2021,93 years 09 months,811888,0.06079271,17820,2026,614A TAMPINES NTH DR 1 Singapore
235729,4a53bc4f260625d7bda47137a911b76c9a5e23a8fce24b81cb21554e9a0e8811,2026-09-05 04:25:26,2026-04,TAMPINES,4 ROOM,609D,TAMPINES NTH DR 1,07 TO 09,93.00,Model A,2020,93 years 07 months,780000,0.06079271,17820,2026,609D TAMPINES NTH DR 1 Singapore
235730,dd6400b53a8feede23a7b328443ff1760c19793f615bc35d1f4ec86699f8786c,2026-09-05 04:25:26,2026-04,TAMPINES,4 ROOM,614B,TAMPINES NTH DR 1,13 TO 15,93.00,Model A,2021,93 years 09 months,813000,0.06079271,17820,2026,614B TAMPINES NTH DR 1 Singapore
235731,45c6cc08154114a4f0b4cd4d6b3f59f1160cb58dbe27011750ea62a051dbc867,2026-09-05 04:25:26,2026-04,TAMPINES,4 ROOM,613B,TAMPINES NTH DR 1,07 TO 09,93.00,Model A,2020,93 years 06 months,820000,0.06079271,17820,2026,613B TAMPINES NTH DR 1 Singapore
235732,b4263b3b90bd479cfbbdcc2d81f02484306cfe06864f56e2c32b26a97d916a9a,2026-09-05 04:25:26,2026-04,TAMPINES,4 ROOM,614A,TAMPINES NTH DR 1,07 TO 09,93.00,Model A,2021,93 years 09 months,795000,0.06079271,17820,2026,614A TAMPINES NTH DR 1 Singapore
235733,302796bc237fb5e3d0b3012a623e9e3dedbe284ae714b862b6bf1c7cfebef815,2026-09-05 04:25:26,2026-04,TAMPINES,4 ROOM,608C,TAMPINES NTH DR 1,13 TO 15,93.00,Model A,2020,93 years 06 months,790000,0.06079271,17820,2026,608C TAMPINES NTH DR 1 Singapore
235734,8daa364a20baaa60aadb22bd7165a62c8a673ea260ddb5505cb8c1def208c68d,2026-09-05 04:25:26,2026-04,TAMPINES,4 ROOM,610B,TAMPINES NTH DR 1,10 TO 12,93.00,Model A,2020,93 years 06 months,775000,0.06079271,17820,2026,610B TAMPINES NTH DR 1 Singapore
235735,67edfe8df966fa4b7c790b49bad8fe1b660970b67f9467397076d3fe96e4f2b7,2026-09-05 04:25:26,2026-05,TAMPINES,4 ROOM,610A,TAMPINES NTH DR 1,07 TO 09,93.00,Model A,2020,93 years 06 months,770000,0.06079271,17820,2026,610A TAMPINES NTH DR 1 Singapore
235736,4c203ab27f2fd03278a52e6a8ec4828998454c9a7dffe450af74cd09cfaf9a29,2026-09-05 04:25:26,2026-05,TAMPINES,4 ROOM,613A,TAMPINES NTH DR 1,10 TO 12,93.00,Model A,2020,93 years 05 months,818000,0.06079271,17820,2026,613A TAMPINES NTH DR 1 Singapore
235737,ce6f6c4978c7108b10aac4a0491848d6266c029c968630ba24a651645a5a6ca5,2026-09-05 04:25:26,2026-06,TAMPINES,4 ROOM,614B,TAMPINES NTH DR 1,10 TO 12,93.00,Model A,2021,93 years 07 months,805000,0.06079271,17820,2026,614B TAMPINES NTH DR 1 Singapore
235738,fe51e65946f95f5a30690a2c478c8b3c0b6ddf438a3150a645c27d33a169348f,2026-09-05 04:25:26,2026-07,TAMPINES,4 ROOM,610C,TAMPINES NTH DR 1,01 TO 03,93.00,Model A,2020,93 years 04 months,717000,0.06079271,17820,2026,610C TAMPINES NTH DR 1 Singapore
235739,9127f9e8be4a597d4980f5651ea2c2be3e23f6fad73586c922ca3200e16fdf1d,2026-09-05 04:25:26,2026-07,TAMPINES,4 ROOM,608A,TAMPINES NTH DR 1,01 TO 03,93.00,Model A,2020,93 years 04 months,715000,0.06079271,17820,2026,608A TAMPINES NTH DR 1 Singapore
235740,9ff6f7e3cbdf0faa2f4579d07c52705543cc8f8ce0f960064dd22078d8c9bfad,2026-09-05 04:25:26,2026-07,TAMPINES,4 ROOM,608A,TAMPINES NTH DR 1,01 TO 03,93.00,Model A,2020,93 years 04 months,710000,0.06079271,17820,2026,608A TAMPINES NTH DR 1 Singapore
235741,36d0b475aa9bc342cb05886f7eca3819da832c9cdfcc6fc278e712fd70bf94c5,2026-09-05 04:25:26,2026-07,TAMPINES,4 ROOM,614A,TAMPINES NTH DR 1,07 TO 09,93.00,Model A,2021,93 years 07 months,780000,0.06079271,17820,2026,614A TAMPINES NTH DR 1 Singapore
235742,e8f24cad3a635dd45a9d324fa67d9c64372ad15aab24a353c40281ff0553de74,2026-09-05 04:25:26,2026-07,TAMPINES,4 ROOM,614A,TAMPINES NTH DR 1,13 TO 15,93.00,Model A,2021,93 years 07 months,828888,0.06079271,17820,2026,614A TAMPINES NTH DR 1 Singapore
235743,601537fda013259baa060e68d2fe312c91ae9b7abb802a27a01b5002474efe13,2026-09-05 04:25:26,2026-07,TAMPINES,4 ROOM,612A,TAMPINES NTH DR 1,04 TO 06,93.00,Model A,2020,93 years 03 months,762000,0.06079271,17820,2026,612A TAMPINES NTH DR 1 Singapore
235744,d1754ac9d0735bb8767b85c9f01310b3674711ead86f0d7d3b6e51ab67e30f86,2026-09-05 04:25:26,2026-07,TAMPINES,4 ROOM,614B,TAMPINES NTH DR 1,13 TO 15,93.00,Model A,2021,93 years 06 months,808000,0.06079271,17820,2026,614B TAMPINES NTH DR 1 Singapore
235745,c524a5a5f79f61c89fd96ebdd0abe28bd0ea5d8afea30baeecd727c3115742c1,2026-09-05 04:25:26,2026-08,TAMPINES,4 ROOM,610C,TAMPINES NTH DR 1,04 TO 06,93.00,Model A,2020,93 years 03 months,733000,0.06079271,17820,2026,610C TAMPINES NTH DR 1 Singapore
235746,5bd9e5d8dea6ac0c9e99cd1447541dd4a90b7b1dcc589f0ed9269fbc49294425,2026-09-05 04:25:26,2026-08,TAMPINES,4 ROOM,614A,TAMPINES NTH DR 1,04 TO 06,93.00,Model A,2021,93 years 06 months,771588,0.06079271,17820,2026,614A TAMPINES NTH DR 1 Singapore
235747,61631925bbc366ece6325ff512cc42c235fcf76eb309d8b07020b7dd857eb345,2026-09-05 04:25:26,2026-08,TAMPINES,4 ROOM,608B,TAMPINES NTH DR 1,01 TO 03,93.00,Model A,2020,93 years 02 months,705000,0.06079271,17820,2026,608B TAMPINES NTH DR 1 Singapore
235748,e61f60ba2f26af07c04279c00739e11492a6e5b47db49d8bb491569888e2a215,2026-09-05 04:25:26,2026-08,TAMPINES,4 ROOM,609B,TAMPINES NTH DR 1,13 TO 15,93.00,Model A,2020,93 years 03 months,810000,0.06079271,17820,2026,609B TAMPINES NTH DR 1 Singapore
235749,c89855fe4a013726e1a8814d9886f9addffc7331758ed0e79f376ffafd779275,2026-09-05 04:25:26,2026-08,TAMPINES,4 ROOM,613B,TAMPINES NTH DR 1,07 TO 09,93.00,Model A,2020,93 years 02 months,812888,0.06079271,17820,2026,613B TAMPINES NTH DR 1 Singapore
235750,6f55efc1a769a69aecd8affab790ecf2248c0ae254a753a8100e46753722545e,2026-09-05 04:25:26,2026-08,TAMPINES,4 ROOM,610C,TAMPINES NTH DR 1,01 TO 03,93.00,Model A,2020,93 years 02 months,700000,0.06079271,17820,2026,610C TAMPINES NTH DR 1 Singapore
235751,104a1e68a83dd91331628e925869f501e39b7d940b4b3ee4d4c643d3452b0194,2026-09-05 04:25:26,2026-09,TAMPINES,4 ROOM,613A,TAMPINES NTH DR 1,01 TO 03,93.00,Model A,2020,93 years 02 months,680000,0.06079271,17820,2026,613A TAMPINES NTH DR 1 Singapore
235752,cf05051d36fc8dbcd3e3902db2a912d659fbfa4b511d9216e7876c201c426b01,2026-09-05 04:25:26,2026-09,TAMPINES,4 ROOM,613A,TAMPINES NTH DR 1,04 TO 06,93.00,Model A,2020,93 years 02 months,755000,0.06079271,17820,2026,613A TAMPINES NTH DR 1 Singapore
235753,0d5f5b3c7e56b3bb447f3d05375181c1187a987a23c1bd819e78cc9da623723d,2026-09-05 04:25:26,2026-02,TAMPINES,4 ROOM,106,TAMPINES ST 11,04 TO 06,103.00,Model A,1984,57 years 06 months,625000,0.06079271,17820,2026,106 TAMPINES ST 11 Singapore
235754,5f9ee0f4ba2bcdf163faf052fc23dfc389e5ebc64e29bd8909d331c6fe0749ac,2026-09-05 04:25:26,2026-03,TAMPINES,4 ROOM,105,TAMPINES ST 11,10 TO 12,104.00,Model A,1982,55 years 09 months,600000,0.06079271,17820,2026,105 TAMPINES ST 11 Singapore
235755,aa7cc74a51ae47a60caa634992825150dfb3ddc587a8ce00c095f87577a3c1f3,2026-09-05 04:25:26,2026-04,TAMPINES,4 ROOM,107,TAMPINES ST 11,10 TO 12,115.00,Model A,1984,57 years 06 months,642888,0.06079271,17820,2026,107 TAMPINES ST 11 Singapore
235756,783f71fc5ae64f8cc1a547b948941124df689197ea9ec22f9b55d8b2ace95825,2026-09-05 04:25:26,2026-05,TAMPINES,4 ROOM,108,TAMPINES ST 11,10 TO 12,103.00,Model A,1984,57 years 03 months,628000,0.06079271,17820,2026,108 TAMPINES ST 11 Singapore
235757,872684b7bbc53f64f82e30b62696984cac0fd9d0b8f9b24b1069e2a8396380d7,2026-09-05 04:25:26,2026-01,TAMPINES,4 ROOM,161,TAMPINES ST 12,04 TO 06,103.00,Model A,1984,57 years 09 months,668000,0.06079271,17820,2026,161 TAMPINES ST 12 Singapore
235758,373093c0262c4474f40bb42dab2d9e3494afbcd769bfd447cd9d4ca1ab188648,2026-09-05 04:25:26,2026-01,TAMPINES,4 ROOM,145,TAMPINES ST 12,01 TO 03,103.00,Model A,1984,58 years,615000,0.06079271,17820,2026,145 TAMPINES ST 12 Singapore
235759,8c90d28e04ed431b2b14be00c97bcd62d27e53ec3f49147dc3bffa54ed73efed,2026-09-05 04:25:26,2026-01,TAMPINES,4 ROOM,141,TAMPINES ST 12,04 TO 06,103.00,Model A,1984,57 years 09 months,620000,0.06079271,17820,2026,141 TAMPINES ST 12 Singapore
235760,fd385de87df9a96bb06b8bf15caba2af7ab62f9479ee1215ac320a619b66a504,2026-09-05 04:25:26,2026-03,TAMPINES,4 ROOM,157,TAMPINES ST 12,07 TO 09,93.00,New Generation,1985,57 years 11 months,685000,0.06079271,17820,2026,157 TAMPINES ST 12 Singapore
235761,cf864f24e3ba29c98c87db8bec4d610d7cb9bcc4009c35d73e5f3392a2b068cf,2026-09-05 04:25:26,2026-03,TAMPINES,4 ROOM,159,TAMPINES ST 12,07 TO 09,91.00,New Generation,1984,57 years 03 months,655000,0.06079271,17820,2026,159 TAMPINES ST 12 Singapore
235762,cad052e62eed8389815fc01f662aedd2dd785c052a00a58f27ea4cee90f4f609,2026-09-05 04:25:26,2026-03,TAMPINES,4 ROOM,161,TAMPINES ST 12,04 TO 06,106.00,Model A,1984,57 years 06 months,668000,0.06079271,17820,2026,161 TAMPINES ST 12 Singapore
235763,395ddb60dfa3a51a8f6f05bd4c718afb73930f37f4c57b6bd85bad110042ccb8,2026-09-05 04:25:26,2026-05,TAMPINES,4 ROOM,141,TAMPINES ST 12,10 TO 12,106.00,Model A,1984,57 years 05 months,638888,0.06079271,17820,2026,141 TAMPINES ST 12 Singapore
235764,f23bda7519575f8ffba169290ae32265c79150eecaa1d6bd0cd26003ed612d81,2026-09-05 04:25:26,2026-05,TAMPINES,4 ROOM,141,TAMPINES ST 12,10 TO 12,103.00,Model A,1984,57 years 04 months,625000,0.06079271,17820,2026,141 TAMPINES ST 12 Singapore
235765,3195b1afaa656d3f71b9b79151d3c74505b27348a1f82ff127f6ab59cfc46a6b,2026-09-05 04:25:26,2026-06,TAMPINES,4 ROOM,141,TAMPINES ST 12,01 TO 03,107.00,Model A,1984,57 years 04 months,630000,0.06079271,17820,2026,141 TAMPINES ST 12 Singapore
235766,fc9a9df6092f849059e7dc9197c636b57263fb2369e00cb46906c93f1cfc2743,2026-09-05 04:25:26,2026-06,TAMPINES,4 ROOM,140,TAMPINES ST 12,04 TO 06,93.00,New Generation,1984,57 years 07 months,570000,0.06079271,17820,2026,140 TAMPINES ST 12 Singapore
235767,809ff323bdc9c960314081f707ee6c2b6d7a7871e62fb907748cf4087ff6310e,2026-09-05 04:25:26,2026-06,TAMPINES,4 ROOM,159,TAMPINES ST 12,01 TO 03,91.00,New Generation,1984,57 years,611000,0.06079271,17820,2026,159 TAMPINES ST 12 Singapore
235768,bbc42e3d247620437fd8b07e5e174bb00d40f7fb3294b020c022dada6306090e,2026-09-05 04:25:26,2026-06,TAMPINES,4 ROOM,160,TAMPINES ST 12,04 TO 06,98.00,New Generation,1984,56 years 10 months,680000,0.06079271,17820,2026,160 TAMPINES ST 12 Singapore
235769,c1bf69caffaafd7c439fbdf7482eb4a33f42c52376655ffced77ffef9057ef23,2026-09-05 04:25:26,2026-07,TAMPINES,4 ROOM,160,TAMPINES ST 12,10 TO 12,98.00,New Generation,1984,56 years 10 months,636000,0.06079271,17820,2026,160 TAMPINES ST 12 Singapore
235770,2112e613075b0880ffdf018c9787d6e3c2932f2a696eaf3c8980e543d0dda43b,2026-09-05 04:25:26,2026-07,TAMPINES,4 ROOM,140,TAMPINES ST 12,07 TO 09,91.00,New Generation,1984,57 years 06 months,570000,0.06079271,17820,2026,140 TAMPINES ST 12 Singapore
235771,335013a66412fbff3d5223b0baf0539984c818ffdaccc45ad05c656543a85db1,2026-09-05 04:25:26,2026-07,TAMPINES,4 ROOM,158,TAMPINES ST 12,01 TO 03,91.00,New Generation,1984,57 years 01 month,575000,0.06079271,17820,2026,158 TAMPINES ST 12 Singapore
235772,23545841492fd5f6d1e177f5434ab07f64e0d56ebedc8cfa02e5e09f9e44e609,2026-09-05 04:25:26,2026-07,TAMPINES,4 ROOM,164,TAMPINES ST 12,07 TO 09,106.00,Model A,1984,57 years 05 months,663000,0.06079271,17820,2026,164 TAMPINES ST 12 Singapore
235773,405e63b34abd3d2b9afc3b8ccb7d2246ce97870fe555e61482405a5ac38f5f28,2026-09-05 04:25:26,2026-07,TAMPINES,4 ROOM,145,TAMPINES ST 12,04 TO 06,104.00,Model A,1984,57 years 05 months,675000,0.06079271,17820,2026,145 TAMPINES ST 12 Singapore
235774,820abb1d3d08319e34288a28dfda9336466ee7664a61487f8149b44d054f6da1,2026-09-05 04:25:26,2026-07,TAMPINES,4 ROOM,163,TAMPINES ST 12,10 TO 12,103.00,Model A,1984,56 years 11 months,660000,0.06079271,17820,2026,163 TAMPINES ST 12 Singapore
235775,15dca469352a4f2eb41cd4a84013180ba37677e4a78e45bf87204beb64e3367a,2026-09-05 04:25:26,2026-09,TAMPINES,4 ROOM,140,TAMPINES ST 12,07 TO 09,91.00,New Generation,1984,57 years 04 months,570000,0.06079271,17820,2026,140 TAMPINES ST 12 Singapore
235776,d021d6f1b834d5968d6c3aea8aa5913ad413e7478d9e052d7655e273949715e7,2026-09-05 04:25:26,2026-01,TAMPINES,4 ROOM,247,TAMPINES ST 21,01 TO 03,91.00,New Generation,1984,57 years 04 months,670000,0.06079271,17820,2026,247 TAMPINES ST 21 Singapore
235777,107331be77e8b418dfa5ab1f6f8667773bbeb6d9b0a400565aea03837ecb59da,2026-09-05 04:25:26,2026-01,TAMPINES,4 ROOM,261,TAMPINES ST 21,07 TO 09,105.00,Model A,1984,57 years 09 months,660000,0.06079271,17820,2026,261 TAMPINES ST 21 Singapore
235778,e51dd36af2809a6ca76a4eecc3659c64fcaff5eda20b39b60b83bd0aeba27aa0,2026-09-05 04:25:26,2026-01,TAMPINES,4 ROOM,237,TAMPINES ST 21,01 TO 03,105.00,Model A,1984,57 years 09 months,645000,0.06079271,17820,2026,237 TAMPINES ST 21 Singapore
235779,0fb066d4a9afe617cc2a05fd304288c18440a36d78818cdeb5ef51bde562602e,2026-09-05 04:25:26,2026-02,TAMPINES,4 ROOM,248,TAMPINES ST 21,10 TO 12,91.00,New Generation,1984,57 years 11 months,648000,0.06079271,17820,2026,248 TAMPINES ST 21 Singapore
235780,e36df44d95faa51146a49af2611b41bf941f009d413599a5d1c5591274b7f294,2026-09-05 04:25:26,2026-03,TAMPINES,4 ROOM,241,TAMPINES ST 21,01 TO 03,105.00,Model A,1985,57 years 11 months,682000,0.06079271,17820,2026,241 TAMPINES ST 21 Singapore
235781,adc9a1c526a0d66f90ecc6de731bc6b8d7e7f0f0aa10fb536c60867b22de9cc6,2026-09-05 04:25:26,2026-03,TAMPINES,4 ROOM,271,TAMPINES ST 21,07 TO 09,116.00,Model A,1984,57 years 08 months,640000,0.06079271,17820,2026,271 TAMPINES ST 21 Singapore
235782,de9c05c8c789a2ee253c7c8a6ee1e31d42d54678a68b058c8d448a054ae02ba8,2026-09-05 04:25:26,2026-03,TAMPINES,4 ROOM,249,TAMPINES ST 21,04 TO 06,103.00,Model A,1984,57 years 07 months,612000,0.06079271,17820,2026,249 TAMPINES ST 21 Singapore
235783,04ea9df5d015f9795a93a6e59d635a97a2287d74067fdfe7d526cede0e876246,2026-09-05 04:25:26,2026-03,TAMPINES,4 ROOM,205,TAMPINES ST 21,01 TO 03,133.00,Model A,1983,56 years 05 months,698000,0.06079271,17820,2026,205 TAMPINES ST 21 Singapore
235784,813039147fd29bd63e2c9e7e06a5c21d6f76a41518f8c8350fa2d9b79b30f3a7,2026-09-05 04:25:26,2026-03,TAMPINES,4 ROOM,259,TAMPINES ST 21,04 TO 06,105.00,Model A,1985,58 years,600000,0.06079271,17820,2026,259 TAMPINES ST 21 Singapore
235785,91b0b88cdab26225df60e8df48d97e539d74515709a755f2b3d7ab86bc4eb868,2026-09-05 04:25:26,2026-04,TAMPINES,4 ROOM,253,TAMPINES ST 21,04 TO 06,102.00,Model A,1984,57 years 04 months,580000,0.06079271,17820,2026,253 TAMPINES ST 21 Singapore
235786,1d94960efa4d086bc468cd9ee5a4c4b78bd36a438f87ad0ebe8eb5938ce212b0,2026-09-05 04:25:26,2026-04,TAMPINES,4 ROOM,244,TAMPINES ST 21,10 TO 12,105.00,Model A,1984,57 years 03 months,688000,0.06079271,17820,2026,244 TAMPINES ST 21 Singapore
235787,1cde563bf81facd11c9845a3ab158fcbc7f38aa40797e51a9697caf63992af98,2026-09-05 04:25:26,2026-04,TAMPINES,4 ROOM,265,TAMPINES ST 21,04 TO 06,103.00,Model A,1984,57 years 06 months,615000,0.06079271,17820,2026,265 TAMPINES ST 21 Singapore
235788,d884f78ce62e5734bfcdc5b267b78c2fa21088ce41664aa6bb16f9d97012e150,2026-09-05 04:25:26,2026-04,TAMPINES,4 ROOM,270,TAMPINES ST 21,07 TO 09,104.00,Model A,1985,58 years 08 months,650000,0.06079271,17820,2026,270 TAMPINES ST 21 Singapore
235789,7c75ed50b13f7e340884058aa47ad21f0a208d82477e1fa812dcfd0e0d8835b3,2026-09-05 04:25:26,2026-05,TAMPINES,4 ROOM,240,TAMPINES ST 21,07 TO 09,104.00,Model A,1984,57 years 04 months,690000,0.06079271,17820,2026,240 TAMPINES ST 21 Singapore
235790,8588229e1bef3bda0ab9fc70b64f68ca2ac526ead9f269d03bdcaddf8bee7963,2026-09-05 04:25:26,2026-05,TAMPINES,4 ROOM,261,TAMPINES ST 21,04 TO 06,103.00,Model A,1984,57 years 05 months,573888,0.06079271,17820,2026,261 TAMPINES ST 21 Singapore
235791,e23c4d6bea12afd0b9dedb5044792fddf31d4d3e7c13fecf470b5e0981c8f8f2,2026-09-05 04:25:26,2026-05,TAMPINES,4 ROOM,231,TAMPINES ST 21,01 TO 03,93.00,New Generation,1985,57 years 09 months,553888,0.06079271,17820,2026,231 TAMPINES ST 21 Singapore
235792,52061fce54c0b93bb57561c6183c9243b0a369337740dc559d3b75549ee16ea6,2026-09-05 04:25:26,2026-06,TAMPINES,4 ROOM,264,TAMPINES ST 21,07 TO 09,103.00,Model A,1984,57 years 04 months,600000,0.06079271,17820,2026,264 TAMPINES ST 21 Singapore
235793,772c220b40626d1b38a0eca1bcfc51cab0f7ad7db4c3494e71bf10a23d75f87f,2026-09-05 04:25:26,2026-06,TAMPINES,4 ROOM,267,TAMPINES ST 21,07 TO 09,114.00,Model A,1983,56 years 02 months,608000,0.06079271,17820,2026,267 TAMPINES ST 21 Singapore
235794,77c5e8b5e1d1213cbbea0184b1e4d216918558b6f1958b367ebfc0a37bb06407,2026-09-05 04:25:26,2026-06,TAMPINES,4 ROOM,259,TAMPINES ST 21,04 TO 06,105.00,Model A,1985,57 years 09 months,618888,0.06079271,17820,2026,259 TAMPINES ST 21 Singapore
235795,b69beaf2cd7638e45b910ab308dd0bc82e5b64efdbf755880590457f596f49f8,2026-09-05 04:25:26,2026-06,TAMPINES,4 ROOM,247,TAMPINES ST 21,04 TO 06,92.00,New Generation,1984,56 years 10 months,550000,0.06079271,17820,2026,247 TAMPINES ST 21 Singapore
235796,25b72953638f3d3ad70d4f151aede0a9d6a31d05c408fc424e71dea8a0dc2483,2026-09-05 04:25:26,2026-06,TAMPINES,4 ROOM,261,TAMPINES ST 21,01 TO 03,105.00,Model A,1984,57 years 03 months,590000,0.06079271,17820,2026,261 TAMPINES ST 21 Singapore
235797,42fef7f20739caf5bdb62bb0bdb7448dd8e3c781cb893dbd6655ea10b780730d,2026-09-05 04:25:26,2026-06,TAMPINES,4 ROOM,268,TAMPINES ST 21,10 TO 12,103.00,Model A,1984,57 years 06 months,720000,0.06079271,17820,2026,268 TAMPINES ST 21 Singapore
235798,511b2f4afb9cef72dd676d99f3877a27cbe31fa8a5150089c1fc2fdfcce3bb6b,2026-09-05 04:25:26,2026-06,TAMPINES,4 ROOM,235,TAMPINES ST 21,01 TO 03,103.00,Model A,1993,66 years 02 months,618000,0.06079271,17820,2026,235 TAMPINES ST 21 Singapore
235799,89070b21bd364e2a12dced2ee0b5987b3126210c9ea772dedc2c89fba1761d9e,2026-09-05 04:25:26,2026-07,TAMPINES,4 ROOM,263,TAMPINES ST 21,01 TO 03,105.00,Model A,1984,57 years 04 months,560000,0.06079271,17820,2026,263 TAMPINES ST 21 Singapore
235800,2c826c30db106e65fd838d51223a8fcade73a47d9838f14f55ea239dddf675b5,2026-09-05 04:25:26,2026-07,TAMPINES,4 ROOM,243,TAMPINES ST 21,04 TO 06,104.00,Model A,1984,57 years,653000,0.06079271,17820,2026,243 TAMPINES ST 21 Singapore
235801,f8188c0e226e7546a1b0e4b7a6068305428f3ddf2bf9aabf335e398269c4bb22,2026-09-05 04:25:26,2026-07,TAMPINES,4 ROOM,250,TAMPINES ST 21,01 TO 03,103.00,Model A,1984,57 years 05 months,615000,0.06079271,17820,2026,250 TAMPINES ST 21 Singapore
235802,9f1362828f7f12d5f8d0431909231d88a5c46b2c47f39039b84fc8af983eb196,2026-09-05 04:25:26,2026-08,TAMPINES,4 ROOM,206,TAMPINES ST 21,04 TO 06,104.00,Model A,1982,55 years 01 month,570000,0.06079271,17820,2026,206 TAMPINES ST 21 Singapore
235803,08d2011b8db1bb85c1bdf44d19bf053bebc82e5939c40fb132bb734150d8fa0a,2026-09-05 04:25:26,2026-08,TAMPINES,4 ROOM,249,TAMPINES ST 21,04 TO 06,103.00,Model A,1984,57 years 01 month,612000,0.06079271,17820,2026,249 TAMPINES ST 21 Singapore
235804,8d150908dfc0667c95ba5fe841f0b03034874dabbc474744fcdd6a0c1d58abab,2026-09-05 04:25:26,2026-08,TAMPINES,4 ROOM,248,TAMPINES ST 21,01 TO 03,91.00,New Generation,1984,57 years 04 months,610000,0.06079271,17820,2026,248 TAMPINES ST 21 Singapore
235805,c9c0b37b84239284e8c165588b59997dc31619c04156e2e0e4bea36bc8431060,2026-09-05 04:25:26,2026-01,TAMPINES,4 ROOM,276,TAMPINES ST 22,01 TO 03,105.00,Model A,1984,58 years,592000,0.06079271,17820,2026,276 TAMPINES ST 22 Singapore
235806,5fe08e051ac3de2ba68bf942ba1785b78b3668d73331eec64e156c6afd5e4b5b,2026-09-05 04:25:26,2026-02,TAMPINES,4 ROOM,279,TAMPINES ST 22,04 TO 06,104.00,Model A,1985,58 years,550000,0.06079271,17820,2026,279 TAMPINES ST 22 Singapore
235807,224e9e47db7ef21def036b5e01a4e6ce1e363abf08b0da8852ef8d3074776c0c,2026-09-05 04:25:26,2026-03,TAMPINES,4 ROOM,285,TAMPINES ST 22,07 TO 09,103.00,Model A,1984,57 years 05 months,608000,0.06079271,17820,2026,285 TAMPINES ST 22 Singapore
235808,9f651c77eb42c3dbc9fa26e8e1f39d79d2d3313ea76c3d56d05454bcec6eac65,2026-09-05 04:25:26,2026-03,TAMPINES,4 ROOM,272,TAMPINES ST 22,04 TO 06,112.00,Model A,1984,57 years 05 months,653000,0.06079271,17820,2026,272 TAMPINES ST 22 Singapore
235809,1fb3f242de0667b1d61483174543afd60a1787338e4f0bcdbe53fc3133f1de88,2026-09-05 04:25:26,2026-03,TAMPINES,4 ROOM,293,TAMPINES ST 22,04 TO 06,104.00,Model A,1984,57 years 03 months,550000,0.06079271,17820,2026,293 TAMPINES ST 22 Singapore
235810,62d6d5cb6096a721cecd3bf1b71434fab91fcc5304cece27d1304b52472f77b6,2026-09-05 04:25:26,2026-03,TAMPINES,4 ROOM,277,TAMPINES ST 22,07 TO 09,104.00,Model A,1985,57 years 11 months,600000,0.06079271,17820,2026,277 TAMPINES ST 22 Singapore
235811,b8d4c5b5d00f6f282773f13b51dffecab2c6f429c306dc7ca162a787bcc4c9d0,2026-09-05 04:25:26,2026-05,TAMPINES,4 ROOM,275,TAMPINES ST 22,01 TO 03,105.00,Model A,1985,57 years 09 months,590000,0.06079271,17820,2026,275 TAMPINES ST 22 Singapore
235812,d9d6c8947f4b43ae88872b2f5d9ae88c6b38435c9e6a85b0b757932d4c28c5d3,2026-09-05 04:25:26,2026-06,TAMPINES,4 ROOM,294,TAMPINES ST 22,04 TO 06,98.00,New Generation,1985,58 years 01 month,570000,0.06079271,17820,2026,294 TAMPINES ST 22 Singapore
235813,f4072325c995fd5f271121d42d7c6b2c20672d5ccdcfbd8685ffa928003415e9,2026-09-05 04:25:26,2026-06,TAMPINES,4 ROOM,284,TAMPINES ST 22,10 TO 12,111.00,Model A,1984,57 years 01 month,625000,0.06079271,17820,2026,284 TAMPINES ST 22 Singapore
235814,4f5e54c3bd1db323177107aaac223e16ff6600eeeddfb7d7c25232d603e782c8,2026-09-05 04:25:26,2026-07,TAMPINES,4 ROOM,283,TAMPINES ST 22,01 TO 03,105.00,Model A,1984,57 years 03 months,570000,0.06079271,17820,2026,283 TAMPINES ST 22 Singapore
235815,96001e2373bfe4a808ed741fdab6a386dac618658431a1a693d2cfc8dcd70de6,2026-09-05 04:25:26,2026-07,TAMPINES,4 ROOM,286,TAMPINES ST 22,04 TO 06,103.00,Model A,1984,57 years,618000,0.06079271,17820,2026,286 TAMPINES ST 22 Singapore
235816,e1befd3370cac1dff6fa6da4d2d373701e00afac3b8d1f588a39bb1eff17d229,2026-09-05 04:25:26,2026-07,TAMPINES,4 ROOM,281,TAMPINES ST 22,01 TO 03,103.00,Model A,1984,57 years 06 months,585000,0.06079271,17820,2026,281 TAMPINES ST 22 Singapore
235817,4f19ae7e379e946988247a39a45bd9770b76ae786d8ae1b449fa79e84fbf8bd8,2026-09-05 04:25:26,2026-07,TAMPINES,4 ROOM,283,TAMPINES ST 22,07 TO 09,103.00,Model A,1984,57 years 03 months,623000,0.06079271,17820,2026,283 TAMPINES ST 22 Singapore
235818,1511e4b233c6c48be1564b03b7bf01fd4679890bbbb253d3d9c248f7c82f93b1,2026-09-05 04:25:26,2026-07,TAMPINES,4 ROOM,297,TAMPINES ST 22,07 TO 09,104.00,Model A,1984,56 years 11 months,600000,0.06079271,17820,2026,297 TAMPINES ST 22 Singapore
235819,2aa9cccc23634c7358583970faac118da84d82809d03b6026c2952fca5136389,2026-09-05 04:25:26,2026-07,TAMPINES,4 ROOM,283,TAMPINES ST 22,01 TO 03,103.00,Model A,1984,57 years 03 months,600000,0.06079271,17820,2026,283 TAMPINES ST 22 Singapore
235820,f1ea36548f9d7051c945c52d59740e5c9655bcee3b45d81735d74c3952ae94c1,2026-09-05 04:25:26,2026-07,TAMPINES,4 ROOM,286,TAMPINES ST 22,07 TO 09,105.00,Model A,1984,57 years,625000,0.06079271,17820,2026,286 TAMPINES ST 22 Singapore
235821,dd92b9451daa2660dea1e62c5de63be61417c021706d90cbb5c70138df2149c9,2026-09-05 04:25:26,2026-07,TAMPINES,4 ROOM,286,TAMPINES ST 22,10 TO 12,105.00,Model A,1984,57 years,590000,0.06079271,17820,2026,286 TAMPINES ST 22 Singapore
235822,bf7f49db66cb80532c37169988f31827b7574069287c1d4def9ea5fa653d1125,2026-09-05 04:25:26,2026-07,TAMPINES,4 ROOM,283,TAMPINES ST 22,10 TO 12,103.00,Model A,1984,57 years 03 months,580000,0.06079271,17820,2026,283 TAMPINES ST 22 Singapore
235823,664b87f0b33f6f451a04951f41b7e1d93f80076980701a92a6581fba104fb7d0,2026-09-05 04:25:26,2026-07,TAMPINES,4 ROOM,277,TAMPINES ST 22,07 TO 09,104.00,Model A,1985,57 years 07 months,600000,0.06079271,17820,2026,277 TAMPINES ST 22 Singapore
235824,f0206582a5d89773e221f16cc6d4a698143203cd48996e515d4d4962eb3ab6c7,2026-09-05 04:25:26,2026-07,TAMPINES,4 ROOM,293,TAMPINES ST 22,04 TO 06,105.00,Model A,1984,56 years 10 months,600000,0.06079271,17820,2026,293 TAMPINES ST 22 Singapore
235825,b016420610ff6296510302065753da48a9ee3a3fc0606c9a4e463a621ef0a9d0,2026-09-05 04:25:26,2026-08,TAMPINES,4 ROOM,275,TAMPINES ST 22,01 TO 03,107.00,Model A,1985,57 years 06 months,600000,0.06079271,17820,2026,275 TAMPINES ST 22 Singapore
235826,8dfbe53f1f03a076276d4ad4eed57238ba365e59e05c9c42567c98340f2b45e6,2026-09-05 04:25:26,2026-08,TAMPINES,4 ROOM,291,TAMPINES ST 22,10 TO 12,104.00,Model A,1984,56 years 11 months,605000,0.06079271,17820,2026,291 TAMPINES ST 22 Singapore
235827,e643bcf8aff305171bf7a8da3c5e851ac7685abb611b4c32f212e69a59c335e8,2026-09-05 04:25:26,2026-08,TAMPINES,4 ROOM,297,TAMPINES ST 22,04 TO 06,105.00,Model A,1984,56 years 10 months,610000,0.06079271,17820,2026,297 TAMPINES ST 22 Singapore
235828,e55f5c3e624b436874f9496fd3893d2677192422e6b74e507a577abbb5cab270,2026-09-05 04:25:26,2026-02,TAMPINES,4 ROOM,226,TAMPINES ST 23,10 TO 12,105.00,Model A,1985,58 years 02 months,638000,0.06079271,17820,2026,226 TAMPINES ST 23 Singapore
235829,8c700a9b8fffa058c37d659620f8112872671d9e4c05e38d83383a9c0eff7d2d,2026-09-05 04:25:26,2026-03,TAMPINES,4 ROOM,212,TAMPINES ST 23,10 TO 12,104.00,Model A,1985,58 years 02 months,618000,0.06079271,17820,2026,212 TAMPINES ST 23 Singapore
235830,40ca33506714c38fac01d6f8cbe8cc2e6e444cfcc10474ba6f1ea26a1a7855e9,2026-09-05 04:25:26,2026-04,TAMPINES,4 ROOM,214,TAMPINES ST 23,04 TO 06,93.00,New Generation,1985,58 years 10 months,575000,0.06079271,17820,2026,214 TAMPINES ST 23 Singapore
235831,cecede1a5a72c816d46163d62f1934a7fb92744a716831b6352108db76232e97,2026-09-05 04:25:26,2026-04,TAMPINES,4 ROOM,226,TAMPINES ST 23,07 TO 09,108.00,Model A,1985,58 years,648000,0.06079271,17820,2026,226 TAMPINES ST 23 Singapore
235832,b45413ca340a314ccc6a557abb6183c6e2ad550446db8521684ee38f4964a42c,2026-09-05 04:25:26,2026-04,TAMPINES,4 ROOM,228,TAMPINES ST 23,01 TO 03,96.00,New Generation,1985,57 years 09 months,610000,0.06079271,17820,2026,228 TAMPINES ST 23 Singapore
235833,0bcc119c51acbb15a5bac79d16c17bd6fe65fe964351f691d83696de625373d0,2026-09-05 04:25:26,2026-05,TAMPINES,4 ROOM,211,TAMPINES ST 23,07 TO 09,93.00,New Generation,1985,58 years 02 months,615000,0.06079271,17820,2026,211 TAMPINES ST 23 Singapore
235834,871deae78ab88bed27195e1843372e9a82916de3234159c24cecc2d4ff8fa137,2026-09-05 04:25:26,2026-05,TAMPINES,4 ROOM,213,TAMPINES ST 23,07 TO 09,105.00,Model A,1985,57 years 11 months,635000,0.06079271,17820,2026,213 TAMPINES ST 23 Singapore
235835,64cfd6f30267869cfbf772cabea7efe7e36aa6d6eefbddd7d7906b18d8e21a94,2026-09-05 04:25:26,2026-05,TAMPINES,4 ROOM,211,TAMPINES ST 23,04 TO 06,93.00,New Generation,1985,58 years 01 month,586888,0.06079271,17820,2026,211 TAMPINES ST 23 Singapore
235836,d1e4a6b0ac7f772a303bb19ec1207d3fda0a6372590cde92f02e796df82bc56c,2026-09-05 04:25:26,2026-08,TAMPINES,4 ROOM,217,TAMPINES ST 23,07 TO 09,93.00,New Generation,1986,58 years 07 months,620000,0.06079271,17820,2026,217 TAMPINES ST 23 Singapore
235837,0461bf48960a4459e80821fabc5b1c1f9911ac759777a7ad5f9a514945e48d5c,2026-09-05 04:25:26,2026-08,TAMPINES,4 ROOM,226,TAMPINES ST 23,01 TO 03,104.00,Model A,1985,57 years 07 months,574000,0.06079271,17820,2026,226 TAMPINES ST 23 Singapore
235838,318b7c9e57cf7abe21ab7a16d42c6d4feed6d935c49a52c1c532026d87557713,2026-09-05 04:25:26,2026-03,TAMPINES,4 ROOM,230B,TAMPINES ST 24,01 TO 03,108.00,Model A,1993,66 years 05 months,654000,0.06079271,17820,2026,230B TAMPINES ST 24 Singapore
235839,87679ec965ace38d1436d37d00354c4c00e19aec1ab9b1a4c44866ce86585102,2026-09-05 04:25:26,2026-07,TAMPINES,4 ROOM,221,TAMPINES ST 24,01 TO 03,104.00,Model A,1984,57 years 04 months,610000,0.06079271,17820,2026,221 TAMPINES ST 24 Singapore
235840,ba98fec11af8e8262dbabbf1b9cabb45e415450cb695ff6cf63fa12ac2836d52,2026-09-05 04:25:26,2026-05,TAMPINES,4 ROOM,301,TAMPINES ST 32,07 TO 09,107.00,Model A,1993,66 years 03 months,670000,0.06079271,17820,2026,301 TAMPINES ST 32 Singapore
235841,2e540480c4c9aab915efc972f7f70b7a5c3fc63a4ed845c510111bc9482729b0,2026-09-05 04:25:26,2026-01,TAMPINES,4 ROOM,317,TAMPINES ST 33,07 TO 09,108.00,Model A,1995,68 years 08 months,655000,0.06079271,17820,2026,317 TAMPINES ST 33 Singapore
235842,86cc8b0166a0d6095ab3b70b607f447ab2803fbb0a71ec36d6b0847e20323fe7,2026-09-05 04:25:26,2026-01,TAMPINES,4 ROOM,347,TAMPINES ST 33,01 TO 03,108.00,Model A,1996,69 years 06 months,600000,0.06079271,17820,2026,347 TAMPINES ST 33 Singapore
235843,d8a5e0c2fe56d0103853e82473da0260fac59d0a7827917377811bd2e41d0c2a,2026-09-05 04:25:26,2026-01,TAMPINES,4 ROOM,321,TAMPINES ST 33,04 TO 06,111.00,Model A,1995,68 years 09 months,628000,0.06079271,17820,2026,321 TAMPINES ST 33 Singapore
235844,c859fb4af1998a09188dda0ee297f7db0b1645f3558b7e1122ef6f3aa099266c,2026-09-05 04:25:26,2026-02,TAMPINES,4 ROOM,318,TAMPINES ST 33,01 TO 03,112.00,Model A,1995,68 years 06 months,608000,0.06079271,17820,2026,318 TAMPINES ST 33 Singapore
235845,4dacc8330ad63543718865962fcb8cd7f1ba8c2eecf58a5c4c51502ba14649df,2026-09-05 04:25:26,2026-03,TAMPINES,4 ROOM,351,TAMPINES ST 33,07 TO 09,106.00,Model A,1996,69 years 03 months,635000,0.06079271,17820,2026,351 TAMPINES ST 33 Singapore
235846,51e3dd429a5f992dfb7f7372ec393d5df256e90e0bc2d25f9993bda03815531b,2026-09-05 04:25:26,2026-03,TAMPINES,4 ROOM,342,TAMPINES ST 33,01 TO 03,111.00,Model A,1995,68 years 10 months,620000,0.06079271,17820,2026,342 TAMPINES ST 33 Singapore
235847,c8cfecb03d47cb97baa81f80747689c5ef9fc7e90538e96542c2389483d0081a,2026-09-05 04:25:26,2026-04,TAMPINES,4 ROOM,320,TAMPINES ST 33,10 TO 12,111.00,Model A,1995,68 years 07 months,638000,0.06079271,17820,2026,320 TAMPINES ST 33 Singapore
235848,7a3a49f778f7a55144275f2848214fa98b51a54a83f2e8bd37d08015563ab59a,2026-09-05 04:25:26,2026-04,TAMPINES,4 ROOM,321,TAMPINES ST 33,07 TO 09,111.00,Model A,1995,68 years 06 months,615000,0.06079271,17820,2026,321 TAMPINES ST 33 Singapore
235849,3915cdbaead08f24083c1b4409e7a204efda625cfad8446061c32724deb55b28,2026-09-05 04:25:26,2026-04,TAMPINES,4 ROOM,343,TAMPINES ST 33,07 TO 09,107.00,Model A,1995,68 years 08 months,640000,0.06079271,17820,2026,343 TAMPINES ST 33 Singapore
235850,8b642a85b2097cc03f3052a81bdb52c2e96da0e395225c5bbc8d5001c6cae7e6,2026-09-05 04:25:26,2026-05,TAMPINES,4 ROOM,319,TAMPINES ST 33,10 TO 12,108.00,Model A,1995,68 years 05 months,625000,0.06079271,17820,2026,319 TAMPINES ST 33 Singapore
235851,a8730153a19eba9f657681425708306331521c4afec38fb24023036cf455cd2f,2026-09-05 04:25:26,2026-06,TAMPINES,4 ROOM,347,TAMPINES ST 33,01 TO 03,105.00,Model A,1996,69 years 01 month,610000,0.06079271,17820,2026,347 TAMPINES ST 33 Singapore
235852,128388fc9abf62e7480c6d83f112232759ad520236ba13e2ad2974f4182a528f,2026-09-05 04:25:26,2026-07,TAMPINES,4 ROOM,341,TAMPINES ST 33,10 TO 12,111.00,Model A,1995,68 years 06 months,640000,0.06079271,17820,2026,341 TAMPINES ST 33 Singapore
235853,899cb32007f2b5653350a828fce4a5a6898a8760356cc7bddd4413bab1ae8568,2026-09-05 04:25:26,2026-07,TAMPINES,4 ROOM,342,TAMPINES ST 33,01 TO 03,112.00,Model A,1995,68 years 06 months,570000,0.06079271,17820,2026,342 TAMPINES ST 33 Singapore
235854,65b9df864ea2901d7c28a5f1e06a62c9313dbc97e81219e732094b29d8e50a73,2026-09-05 04:25:26,2026-07,TAMPINES,4 ROOM,346,TAMPINES ST 33,01 TO 03,109.00,Model A,1996,69 years,590000,0.06079271,17820,2026,346 TAMPINES ST 33 Singapore
235855,00478e529bc0639112ae64559c622187be498b1376a609fdccfa61ca96a0d777,2026-09-05 04:25:26,2026-08,TAMPINES,4 ROOM,316,TAMPINES ST 33,07 TO 09,108.00,Model A,1995,68 years 01 month,660000,0.06079271,17820,2026,316 TAMPINES ST 33 Singapore
235856,6e088330c2ae97dc1247b747da3abdb60b0d8b4c5308dc75597bf6c6333de754,2026-09-05 04:25:26,2026-08,TAMPINES,4 ROOM,346,TAMPINES ST 33,01 TO 03,108.00,Model A,1996,68 years 11 months,585000,0.06079271,17820,2026,346 TAMPINES ST 33 Singapore
235857,ccc0c91de0c9527a8768b96696b4b3254850d20af28a954f7582ffd7fc5e0c55,2026-09-05 04:25:26,2026-08,TAMPINES,4 ROOM,347,TAMPINES ST 33,07 TO 09,105.00,Model A,1996,68 years 11 months,633000,0.06079271,17820,2026,347 TAMPINES ST 33 Singapore
235858,56955fd52ae38f61e783b154eb1a989b558daf5794be04cc635ba8ea52b5378d,2026-09-05 04:25:26,2026-08,TAMPINES,4 ROOM,338,TAMPINES ST 33,07 TO 09,107.00,Model A,1995,68 years 04 months,640000,0.06079271,17820,2026,338 TAMPINES ST 33 Singapore
235859,803641adc367e8f34b67e2ef895728bddd0caec5d86257be5b23534c4e4851aa,2026-09-05 04:25:26,2026-01,TAMPINES,4 ROOM,367A,TAMPINES ST 34,01 TO 03,100.00,Model A,1997,70 years 01 month,625000,0.06079271,17820,2026,367A TAMPINES ST 34 Singapore
235860,8d821b4467b000c86037b3df2f9465115dbead13912a872d4b6144499ee67264,2026-09-05 04:25:26,2026-01,TAMPINES,4 ROOM,370,TAMPINES ST 34,04 TO 06,100.00,Model A,1997,70 years 01 month,630000,0.06079271,17820,2026,370 TAMPINES ST 34 Singapore
235861,151e1a25d6394122c8233e680a5b39c555f423cb74c96e8831e5d4d6305fe0cd,2026-09-05 04:25:26,2026-02,TAMPINES,4 ROOM,365,TAMPINES ST 34,07 TO 09,100.00,Model A,1997,70 years,610000,0.06079271,17820,2026,365 TAMPINES ST 34 Singapore
235862,90e1ae9a25e9785b9c78e0e6e46dd11395a06c96ba5e8314a7794e0e54762b3a,2026-09-05 04:25:26,2026-03,TAMPINES,4 ROOM,374,TAMPINES ST 34,07 TO 09,105.00,Model A,1995,68 years 07 months,655000,0.06079271,17820,2026,374 TAMPINES ST 34 Singapore
235863,407259a14f3c40df3d3f7c7ac5c08fa7372f22c5352820be40b7580ada697848,2026-09-05 04:25:26,2026-04,TAMPINES,4 ROOM,359,TAMPINES ST 34,07 TO 09,107.00,Model A,1996,69 years,638000,0.06079271,17820,2026,359 TAMPINES ST 34 Singapore
235864,266416554a3e965b275231e0cdb6af586661a3c253422311cb6cd00022f7eff6,2026-09-05 04:25:26,2026-05,TAMPINES,4 ROOM,362,TAMPINES ST 34,07 TO 09,109.00,Model A,1996,68 years 11 months,630000,0.06079271,17820,2026,362 TAMPINES ST 34 Singapore
235865,d34f9ce8081da855faba5983ae0035aba2d37e749cbe78891d979c9e80d8313a,2026-09-05 04:25:26,2026-05,TAMPINES,4 ROOM,364,TAMPINES ST 34,04 TO 06,101.00,Model A,1997,69 years 11 months,610000,0.06079271,17820,2026,364 TAMPINES ST 34 Singapore
235866,d0cf06f3a1ffc2100c16ccf8657f80daa1819c5c829180360723a148edc212c4,2026-09-05 04:25:26,2026-06,TAMPINES,4 ROOM,361,TAMPINES ST 34,04 TO 06,107.00,Model A,1996,69 years,610000,0.06079271,17820,2026,361 TAMPINES ST 34 Singapore
235867,1ce74a59ab953edb9774463f540d3320af987fdae77a06f15ce57f96edc46f3f,2026-09-05 04:25:26,2026-06,TAMPINES,4 ROOM,370,TAMPINES ST 34,07 TO 09,100.00,Model A,1997,69 years 08 months,650000,0.06079271,17820,2026,370 TAMPINES ST 34 Singapore
235868,df3a33b0719245250022bddbc199ca6078cf26240a0dd89559df4824e7505741,2026-09-05 04:25:26,2026-07,TAMPINES,4 ROOM,368,TAMPINES ST 34,01 TO 03,101.00,Model A,1997,69 years 11 months,635000,0.06079271,17820,2026,368 TAMPINES ST 34 Singapore
235869,7bb69067f6744039d5c16941a2e8714f6a43a3cbe4bd19906ebc6c26f7029d04,2026-09-05 04:25:26,2026-07,TAMPINES,4 ROOM,367,TAMPINES ST 34,04 TO 06,100.00,Model A,1997,69 years 10 months,620000,0.06079271,17820,2026,367 TAMPINES ST 34 Singapore
235870,8b159165020e5d42d73d2d0715057ce73ddeb80acf392514be5c372769bd08fd,2026-09-05 04:25:26,2026-07,TAMPINES,4 ROOM,368,TAMPINES ST 34,04 TO 06,102.00,Model A,1997,69 years 10 months,610000,0.06079271,17820,2026,368 TAMPINES ST 34 Singapore
235871,5e87db381ad79c318fdba66b7e4361137bf1713f0f572cfddfbf133d0dacb6bd,2026-09-05 04:25:26,2026-08,TAMPINES,4 ROOM,365,TAMPINES ST 34,04 TO 06,100.00,Model A,1997,69 years 06 months,610000,0.06079271,17820,2026,365 TAMPINES ST 34 Singapore
235872,2032971ac12ba6d31551eff7165f9512b5c8004618c2bd2f07b9e4454c5fa126,2026-09-05 04:25:26,2026-08,TAMPINES,4 ROOM,364,TAMPINES ST 34,04 TO 06,100.00,Model A,1997,69 years 09 months,620000,0.06079271,17820,2026,364 TAMPINES ST 34 Singapore
235873,6d51b0bdc264462a5d76c7f98fe38bf0a7c5c062011cd740fa699461f8bff8ac,2026-09-05 04:25:26,2026-09,TAMPINES,4 ROOM,371,TAMPINES ST 34,07 TO 09,105.00,Model A,1995,68 years 01 month,650000,0.06079271,17820,2026,371 TAMPINES ST 34 Singapore
235874,4e976773d353daa7f093bd0ab3c4bcbe3c0f075daf84ed070e6844d89fd22aa9,2026-09-05 04:25:26,2026-03,TAMPINES,4 ROOM,421,TAMPINES ST 41,01 TO 03,104.00,Model A,1985,58 years 04 months,605000,0.06079271,17820,2026,421 TAMPINES ST 41 Singapore
235875,8ba968015014ffa9b3a9d4054307d6c403e4171f6918e7f85576d4f5677a8906,2026-09-05 04:25:26,2026-04,TAMPINES,4 ROOM,416,TAMPINES ST 41,01 TO 03,84.00,Simplified,1987,60 years 01 month,535000,0.06079271,17820,2026,416 TAMPINES ST 41 Singapore
235876,eb62ec0940d6a38d1905e0fc7a07a7c09efec39df65c303ccf41e2f0d48063c2,2026-09-05 04:25:26,2026-04,TAMPINES,4 ROOM,406,TAMPINES ST 41,07 TO 09,89.00,Simplified,1986,59 years 07 months,621000,0.06079271,17820,2026,406 TAMPINES ST 41 Singapore
235877,26a61c085a96f8f72419849ff0eda8ec827decdba61df227d6e9991a314478d5,2026-09-05 04:25:26,2026-04,TAMPINES,4 ROOM,409,TAMPINES ST 41,07 TO 09,103.00,Model A,1986,59 years 07 months,662000,0.06079271,17820,2026,409 TAMPINES ST 41 Singapore
235878,6a32fd76582db3f843da38a3a3b3d2f7e3996c37a115a17f4f661ab089366800,2026-09-05 04:25:26,2026-04,TAMPINES,4 ROOM,418,TAMPINES ST 41,01 TO 03,104.00,Model A,1985,58 years 02 months,615000,0.06079271,17820,2026,418 TAMPINES ST 41 Singapore
235879,724600db7e1a78dc7deba92642c09ef7278428f6175873a57bf8b48d849c4cca,2026-09-05 04:25:26,2026-05,TAMPINES,4 ROOM,418,TAMPINES ST 41,04 TO 06,105.00,Model A,1985,58 years 02 months,588000,0.06079271,17820,2026,418 TAMPINES ST 41 Singapore
235880,73cab2757cf157695cf602cae04319406de4c1c4579a3ec2e7f780e9e51aeff1,2026-09-05 04:25:26,2026-05,TAMPINES,4 ROOM,418,TAMPINES ST 41,04 TO 06,105.00,Model A,1985,58 years 02 months,559888,0.06079271,17820,2026,418 TAMPINES ST 41 Singapore
235881,b99011a38c9235a7b07e0f9ff0884208e3a951e948c84b90418709950c45af89,2026-09-05 04:25:26,2026-05,TAMPINES,4 ROOM,432,TAMPINES ST 41,07 TO 09,84.00,Simplified,1986,58 years 11 months,550000,0.06079271,17820,2026,432 TAMPINES ST 41 Singapore
235882,d33d98f680dd8e699ca86f1e66fc614dfcb7103929f826a2a2247b09cc48f7f5,2026-09-05 04:25:26,2026-06,TAMPINES,4 ROOM,414,TAMPINES ST 41,04 TO 06,84.00,Simplified,1987,60 years 01 month,560000,0.06079271,17820,2026,414 TAMPINES ST 41 Singapore
235883,f8f53012d82da2b7d484d5769055ee705906516920c63a8e561e7771f53883bf,2026-09-05 04:25:26,2026-06,TAMPINES,4 ROOM,419,TAMPINES ST 41,10 TO 12,84.00,Simplified,1985,58 years 06 months,576000,0.06079271,17820,2026,419 TAMPINES ST 41 Singapore
235884,e1ce4652972cc18c3394e7abf06f5045d9cf0e291e7a765ead02c620c997a130,2026-09-05 04:25:26,2026-06,TAMPINES,4 ROOM,432,TAMPINES ST 41,10 TO 12,103.00,Model A,1986,58 years 11 months,605000,0.06079271,17820,2026,432 TAMPINES ST 41 Singapore
235885,85a72be53c3ddc362a1a14fae7862807aee2032b223e75b974a23aadebe5eca7,2026-09-05 04:25:26,2026-07,TAMPINES,4 ROOM,418,TAMPINES ST 41,01 TO 03,105.00,Model A,1985,58 years,620000,0.06079271,17820,2026,418 TAMPINES ST 41 Singapore
235886,d90c9f2f01e7c1f3b033200288e0b0ad46f8e14463ab5787ce6103abc0272e40,2026-09-05 04:25:26,2026-08,TAMPINES,4 ROOM,425,TAMPINES ST 41,07 TO 09,84.00,Simplified,1985,58 years 04 months,550000,0.06079271,17820,2026,425 TAMPINES ST 41 Singapore
235887,f815c79d7bf1263d98c2109cdb5396c66ed4ac3eeb971fb4faf491c39539ee97,2026-09-05 04:25:26,2026-08,TAMPINES,4 ROOM,432,TAMPINES ST 41,04 TO 06,84.00,Simplified,1986,58 years 09 months,530000,0.06079271,17820,2026,432 TAMPINES ST 41 Singapore
235888,0222295d8dc991c5c829979fe6f3f55af410f4ca6366bb6e26875c7f65562c5a,2026-09-05 04:25:26,2026-01,TAMPINES,4 ROOM,455,TAMPINES ST 42,10 TO 12,84.00,Simplified,1988,61 years 01 month,585000,0.06079271,17820,2026,455 TAMPINES ST 42 Singapore
235889,6aeaa24b2f05e0a0678e89e3c0d2543d02512fb348c29aa9714178dfc6654b37,2026-09-05 04:25:26,2026-01,TAMPINES,4 ROOM,444,TAMPINES ST 42,01 TO 03,108.00,Model A,1985,58 years 05 months,620000,0.06079271,17820,2026,444 TAMPINES ST 42 Singapore
235890,4da3a96668593c027d769d8e62b7359a74a49126d64a8aea0f65019670951886,2026-09-05 04:25:26,2026-01,TAMPINES,4 ROOM,459,TAMPINES ST 42,10 TO 12,88.00,Simplified,1987,60 years 09 months,600000,0.06079271,17820,2026,459 TAMPINES ST 42 Singapore
235891,5e7f201abded07f911838c74d51145a5b66fc44e6bfc221778df8bb6eea60dfa,2026-09-05 04:25:26,2026-02,TAMPINES,4 ROOM,459,TAMPINES ST 42,01 TO 03,84.00,Simplified,1987,60 years 08 months,553000,0.06079271,17820,2026,459 TAMPINES ST 42 Singapore
235892,e785ecb6db7a8805fd9ba618a80352ee30b803becf6a313f43421365987518b3,2026-09-05 04:25:26,2026-02,TAMPINES,4 ROOM,453,TAMPINES ST 42,01 TO 03,84.00,Simplified,1987,60 years 10 months,570000,0.06079271,17820,2026,453 TAMPINES ST 42 Singapore
235893,6c12cb220f4ffc26862938577cd193127f375b5eef2e265cac3e89c55c287923,2026-09-05 04:25:26,2026-02,TAMPINES,4 ROOM,450A,TAMPINES ST 42,04 TO 06,106.00,Model A,1996,69 years 09 months,685000,0.06079271,17820,2026,450A TAMPINES ST 42 Singapore
235894,043e834e78cdc37a340dac8203b1c3867f524b90dcddeff56e92439b48d94eae,2026-09-05 04:25:26,2026-03,TAMPINES,4 ROOM,446,TAMPINES ST 42,10 TO 12,104.00,Model A,1985,58 years 04 months,640000,0.06079271,17820,2026,446 TAMPINES ST 42 Singapore
235895,7a7e35f1c855a2ff1eb3d66d0b2a0b1218ceafffb03c2ebae086e484389cad7f,2026-09-05 04:25:26,2026-04,TAMPINES,4 ROOM,444,TAMPINES ST 42,10 TO 12,105.00,Model A,1985,58 years 01 month,640000,0.06079271,17820,2026,444 TAMPINES ST 42 Singapore
235896,331bacc8809536ccef0cf7eb4d19b39273b2ba9de0b04c623fcefcbf531fe378,2026-09-05 04:25:26,2026-05,TAMPINES,4 ROOM,447,TAMPINES ST 42,04 TO 06,84.00,Simplified,1985,57 years 09 months,535000,0.06079271,17820,2026,447 TAMPINES ST 42 Singapore
235897,0d4e2e8290ae9957fb69f4213460a3cce55e91158dcd64310054778bc7a53bce,2026-09-05 04:25:26,2026-06,TAMPINES,4 ROOM,458,TAMPINES ST 42,01 TO 03,84.00,Simplified,1988,60 years 08 months,555000,0.06079271,17820,2026,458 TAMPINES ST 42 Singapore
235898,b5260dffc7f4de111c08045ebe40cc7a95f7dcfdfa62f46dd42cdfc8410175a4,2026-09-05 04:25:26,2026-07,TAMPINES,4 ROOM,450A,TAMPINES ST 42,07 TO 09,106.00,Model A,1996,69 years 05 months,672000,0.06079271,17820,2026,450A TAMPINES ST 42 Singapore
235899,36456f2674e72dd9a6c20aa74a0f356705393f7cbedd8976a94cddfa5eca4e9c,2026-09-05 04:25:26,2026-07,TAMPINES,4 ROOM,448,TAMPINES ST 42,07 TO 09,104.00,Model A,1985,57 years 07 months,605000,0.06079271,17820,2026,448 TAMPINES ST 42 Singapore
235900,8cb43eed715d9ecd3e7841cc33b26be47e4459f0f9d7c6b6ae2aa1a8717a575a,2026-09-05 04:25:26,2026-08,TAMPINES,4 ROOM,458,TAMPINES ST 42,04 TO 06,84.00,Simplified,1988,60 years 06 months,560000,0.06079271,17820,2026,458 TAMPINES ST 42 Singapore
235901,48e92c44314374f7934353e21951691e91e21612a0f82dd562a1764c0a478c6c,2026-09-05 04:25:26,2026-09,TAMPINES,4 ROOM,455,TAMPINES ST 42,07 TO 09,84.00,Simplified,1988,60 years 05 months,583000,0.06079271,17820,2026,455 TAMPINES ST 42 Singapore
235902,ef5247b3700fbe665a4a5e1b91bc036d7a6fd0fd35b386c4227cd66ef97f2dca,2026-09-05 04:25:26,2026-09,TAMPINES,4 ROOM,455,TAMPINES ST 42,10 TO 12,84.00,Simplified,1988,60 years 05 months,582888,0.06079271,17820,2026,455 TAMPINES ST 42 Singapore
235903,7fbeccce2b90f89a9efa086aae86a4d2f3639a975ad3bd65c4726be9018e76fb,2026-09-05 04:25:26,2026-01,TAMPINES,4 ROOM,496B,TAMPINES ST 43,10 TO 12,107.00,Model A,1993,66 years 07 months,630000,0.06079271,17820,2026,496B TAMPINES ST 43 Singapore
235904,e5d2c9ae5e9c0dc19df70a9b020950ec44b50aaaac9ee42fd7b8fae50541cc84,2026-09-05 04:25:26,2026-02,TAMPINES,4 ROOM,440,TAMPINES ST 43,04 TO 06,84.00,Simplified,1986,59 years 04 months,555000,0.06079271,17820,2026,440 TAMPINES ST 43 Singapore
235905,4beaae55cae84b5956d8b332685f8fa126e4b909c66840b280ba406213531c01,2026-09-05 04:25:26,2026-02,TAMPINES,4 ROOM,477,TAMPINES ST 43,04 TO 06,86.00,Simplified,1993,66 years 06 months,548000,0.06079271,17820,2026,477 TAMPINES ST 43 Singapore
235906,90aaf669cf2c8bbbd54d0c6aeb23e35bd0a61fd81fcdbc90f625a703f5dce869,2026-09-05 04:25:26,2026-02,TAMPINES,4 ROOM,440,TAMPINES ST 43,04 TO 06,84.00,Simplified,1986,59 years 04 months,510000,0.06079271,17820,2026,440 TAMPINES ST 43 Singapore
235907,88bddd1d0bbaf43401c2ef2dbc0c8eccb257825588ad0e1d57ca75cded23f159,2026-09-05 04:25:26,2026-02,TAMPINES,4 ROOM,496B,TAMPINES ST 43,04 TO 06,106.00,Model A,1993,66 years 06 months,640000,0.06079271,17820,2026,496B TAMPINES ST 43 Singapore
235908,eab72b64dcec28ee70c3492cc8b94bec7c7747f742bb460d0a952ba9eb6c8aac,2026-09-05 04:25:26,2026-02,TAMPINES,4 ROOM,496B,TAMPINES ST 43,07 TO 09,106.00,Model A,1993,66 years 06 months,640000,0.06079271,17820,2026,496B TAMPINES ST 43 Singapore
235909,2285d4ffc2bf5a17f04b444879a48ef172ea61037362d1db20f0f3eb3b824f8b,2026-09-05 04:25:26,2026-04,TAMPINES,4 ROOM,433,TAMPINES ST 43,04 TO 06,89.00,Simplified,1987,60 years 06 months,560000,0.06079271,17820,2026,433 TAMPINES ST 43 Singapore
235910,0162837b42954b1f1ed7ed6e783ae1c9d85fa511613d3a7af4dc542d860bb653,2026-09-05 04:25:26,2026-08,TAMPINES,4 ROOM,438,TAMPINES ST 43,04 TO 06,105.00,Model A,1985,58 years 05 months,605000,0.06079271,17820,2026,438 TAMPINES ST 43 Singapore
235911,96b8f010076e3ba031f87108519d94d006341d2069c5bd5d68aa96bf2fe1c06b,2026-09-05 04:25:26,2026-09,TAMPINES,4 ROOM,434,TAMPINES ST 43,10 TO 12,104.00,Model A,1986,59 years,640000,0.06079271,17820,2026,434 TAMPINES ST 43 Singapore
235912,b92cb74baab5d31a8991f12243fea58a8ed55f4c23964bec367a9079d6c5ef84,2026-09-05 04:25:26,2026-09,TAMPINES,4 ROOM,437,TAMPINES ST 43,10 TO 12,104.00,Model A,1986,59 years,625000,0.06079271,17820,2026,437 TAMPINES ST 43 Singapore
235913,ce99429f1cd9a4de480c398a5617bd8bd781c93b7c101ea1b9df19526f3fc3de,2026-09-05 04:25:26,2026-01,TAMPINES,4 ROOM,462,TAMPINES ST 44,04 TO 06,89.00,Simplified,1987,60 years 07 months,568000,0.06079271,17820,2026,462 TAMPINES ST 44 Singapore
235914,8bca6d74cd3d512dffd4ce73cfb7f882004db3c22d8b55a85955062ed862bfe7,2026-09-05 04:25:26,2026-04,TAMPINES,4 ROOM,467,TAMPINES ST 44,04 TO 06,108.00,Model A,1987,60 years 02 months,630000,0.06079271,17820,2026,467 TAMPINES ST 44 Singapore
235915,78de6d385a9ff1d8dbc8686e1eec869b92391ee9dc040b25232031cd5b4af1b2,2026-09-05 04:25:26,2026-07,TAMPINES,4 ROOM,470,TAMPINES ST 44,07 TO 09,84.00,Simplified,1986,58 years 11 months,543000,0.06079271,17820,2026,470 TAMPINES ST 44 Singapore
235916,1a08358f706f8428f989ebd98eb98bf9c4bfe0fe292598de39093b2482d54638,2026-09-05 04:25:26,2026-08,TAMPINES,4 ROOM,461,TAMPINES ST 44,10 TO 12,84.00,Simplified,1986,58 years 10 months,530000,0.06079271,17820,2026,461 TAMPINES ST 44 Singapore
235917,86b5b20a061b624a5e6c81730d0c79863e19df0476c88435484cf309144f66f3,2026-09-05 04:25:26,2026-08,TAMPINES,4 ROOM,470,TAMPINES ST 44,07 TO 09,84.00,Simplified,1986,58 years 10 months,530888,0.06079271,17820,2026,470 TAMPINES ST 44 Singapore
235918,b0435e99c45e9713a1adadedd2ea127070380b947630b319cbac8f810b311787,2026-09-05 04:25:26,2026-01,TAMPINES,4 ROOM,491C,TAMPINES ST 45,01 TO 03,104.00,Model A,1993,66 years 07 months,625000,0.06079271,17820,2026,491C TAMPINES ST 45 Singapore
235919,7bcefeb7f40425ee394dd16b42d051adffcef0617f0dbafd0a9007de2e65089e,2026-09-05 04:25:26,2026-01,TAMPINES,4 ROOM,491F,TAMPINES ST 45,04 TO 06,105.00,Model A,1993,66 years 07 months,635000,0.06079271,17820,2026,491F TAMPINES ST 45 Singapore
235920,aab478bc220a1585e94773bb9147fa33560883d1f98114db874cf7d8dd6b611a,2026-09-05 04:25:26,2026-01,TAMPINES,4 ROOM,498M,TAMPINES ST 45,04 TO 06,106.00,Premium Apartment,1997,70 years 06 months,675000,0.06079271,17820,2026,498M TAMPINES ST 45 Singapore
235921,76b006f924bc5f52e439a9fbc7e5f89b35f942ac1c4eeb9176a5f38ecc38afed,2026-09-05 04:25:26,2026-02,TAMPINES,4 ROOM,488B,TAMPINES ST 45,04 TO 06,105.00,Model A,1989,62 years 09 months,610000,0.06079271,17820,2026,488B TAMPINES ST 45 Singapore
235922,375ac14aaa5eff91d6b44465324e8b3e94f355e55819f115cf7152a5c5a89804,2026-09-05 04:25:26,2026-02,TAMPINES,4 ROOM,498M,TAMPINES ST 45,04 TO 06,106.00,Premium Apartment,1997,70 years 05 months,640000,0.06079271,17820,2026,498M TAMPINES ST 45 Singapore
235923,1941c2e690a24d94fc36e812f17a60f86c7a60a1912279bdfb101884c3655fb0,2026-09-05 04:25:26,2026-03,TAMPINES,4 ROOM,492G,TAMPINES ST 45,10 TO 12,92.00,Model A,2018,91 years 09 months,712888,0.06079271,17820,2026,492G TAMPINES ST 45 Singapore
235924,fbb0cd02c89cf5161813fa69b330fc11af18fcffad47cc70eb8c6e50c2384d02,2026-09-05 04:25:26,2026-03,TAMPINES,4 ROOM,498M,TAMPINES ST 45,01 TO 03,106.00,Premium Apartment,1997,70 years 05 months,635000,0.06079271,17820,2026,498M TAMPINES ST 45 Singapore
235925,186d9358f17c26de2d38443824af10076c8c59624b04df784f58cabb3072282e,2026-09-05 04:25:26,2026-04,TAMPINES,4 ROOM,491C,TAMPINES ST 45,13 TO 15,103.00,Model A,1993,66 years 04 months,675000,0.06079271,17820,2026,491C TAMPINES ST 45 Singapore
235926,a22e15caf77e07a8d27ecec4dfd2788633f1725b27b22d5bb78c1f73e4be4fcd,2026-09-05 04:25:26,2026-04,TAMPINES,4 ROOM,489A,TAMPINES ST 45,04 TO 06,104.00,Model A,1989,62 years 02 months,580000,0.06079271,17820,2026,489A TAMPINES ST 45 Singapore
235927,6c4fe632f9122ff0e8d9ee9e6b42c749d10b30fc84c32e982a6a90af7a6f6625,2026-09-05 04:25:26,2026-04,TAMPINES,4 ROOM,488B,TAMPINES ST 45,07 TO 09,114.00,Model A,1989,62 years 06 months,688000,0.06079271,17820,2026,488B TAMPINES ST 45 Singapore
235928,0311bfa63709feb1f60bdd19ead10478574aebb23ee2e711bcdf36aacd7ce2c6,2026-09-05 04:25:26,2026-05,TAMPINES,4 ROOM,497C,TAMPINES ST 45,07 TO 09,102.00,Premium Apartment,1996,69 years 02 months,683888,0.06079271,17820,2026,497C TAMPINES ST 45 Singapore
235929,6cb8e2b53d2d70a345b46feefae734c986ee747eeafec90acc392a5e9dbc363c,2026-09-05 04:25:26,2026-05,TAMPINES,4 ROOM,487B,TAMPINES ST 45,07 TO 09,105.00,Model A,1989,62 years 07 months,648000,0.06079271,17820,2026,487B TAMPINES ST 45 Singapore
235930,58f85d2c29a2695f2967feb071e7d2acb0940165ff39e7c1a6d08bf7a1b8df23,2026-09-05 04:25:26,2026-05,TAMPINES,4 ROOM,494H,TAMPINES ST 45,01 TO 03,92.00,Model A,2018,91 years 06 months,665000,0.06079271,17820,2026,494H TAMPINES ST 45 Singapore
235931,122a77b63aeb3351e48fd7ef8e3110e13e7a06fc90cee2af1dcd2eb9c27b6032,2026-09-05 04:25:26,2026-05,TAMPINES,4 ROOM,487B,TAMPINES ST 45,01 TO 03,109.00,Model A,1989,62 years 06 months,610000,0.06079271,17820,2026,487B TAMPINES ST 45 Singapore
235932,05ba90964958a1ed1f3a6f91b97978530348989ee965895704805bddb830ee3b,2026-09-05 04:25:26,2026-05,TAMPINES,4 ROOM,497H,TAMPINES ST 45,04 TO 06,102.00,Premium Apartment,1996,69 years 01 month,625888,0.06079271,17820,2026,497H TAMPINES ST 45 Singapore
235933,cfd4a9a4e5378f3210c0e95bb6339a075a6f1da4bda2db67830378a44e58f431,2026-09-05 04:25:26,2026-06,TAMPINES,4 ROOM,497B,TAMPINES ST 45,07 TO 09,102.00,Premium Apartment,1996,69 years 01 month,658000,0.06079271,17820,2026,497B TAMPINES ST 45 Singapore
235934,315430c25cf24758cb8d5b7b1b383a98cb04b0ddefdbf9f0dd85ffb9cbb74a50,2026-09-05 04:25:26,2026-07,TAMPINES,4 ROOM,498H,TAMPINES ST 45,07 TO 09,106.00,Premium Apartment,1997,69 years 10 months,640000,0.06079271,17820,2026,498H TAMPINES ST 45 Singapore
235935,96625e3c73cb25f9995c5e168d77bca4bcca72293011fe83718fd825ff02666e,2026-09-05 04:25:26,2026-07,TAMPINES,4 ROOM,498G,TAMPINES ST 45,01 TO 03,106.00,Premium Apartment,1997,70 years 01 month,640000,0.06079271,17820,2026,498G TAMPINES ST 45 Singapore
235936,cc5750d10dec562d8ae82329bbe380ad9114f6bc7b8410c7b63f5cbfce609b44,2026-09-05 04:25:26,2026-08,TAMPINES,4 ROOM,498J,TAMPINES ST 45,07 TO 09,106.00,Premium Apartment,1997,69 years 09 months,680000,0.06079271,17820,2026,498J TAMPINES ST 45 Singapore
235937,c5c6154b90895c2f29554c7ddd7227d6a5866354deb2d9417d8ced806a4a138b,2026-09-05 04:25:26,2026-09,TAMPINES,4 ROOM,492G,TAMPINES ST 45,10 TO 12,92.00,Model A,2018,91 years 03 months,740000,0.06079271,17820,2026,492G TAMPINES ST 45 Singapore
235938,3ec7eaf1992529b6ecb3928cd468786fac00189496d5ce0e4e894a76b37e399e,2026-09-05 04:25:26,2026-01,TAMPINES,4 ROOM,605A,TAMPINES ST 61,07 TO 09,92.00,Model A,2020,93 years 02 months,824800,0.06079271,17820,2026,605A TAMPINES ST 61 Singapore
235939,d0cd16dc6d072c4a7b561eb8d3f2200303d1b91ec54c5125999f5ee714114de9,2026-09-05 04:25:26,2026-01,TAMPINES,4 ROOM,606D,TAMPINES ST 61,01 TO 03,92.00,Model A,2020,93 years 02 months,700000,0.06079271,17820,2026,606D TAMPINES ST 61 Singapore
235940,89d721fc24c6ccb1ec490e73cf6689166c5bbb56437115d12bdbdd711d559082,2026-09-05 04:25:26,2026-01,TAMPINES,4 ROOM,605C,TAMPINES ST 61,10 TO 12,92.00,Model A,2020,93 years 02 months,790000,0.06079271,17820,2026,605C TAMPINES ST 61 Singapore
235941,ac2c76e0ee32e4f9171d40406c2a19af1d93227d9a13658f76dda7e5fe9042bb,2026-09-05 04:25:26,2026-01,TAMPINES,4 ROOM,605C,TAMPINES ST 61,01 TO 03,92.00,Model A,2020,93 years 02 months,725000,0.06079271,17820,2026,605C TAMPINES ST 61 Singapore
235942,1c0a29197c46d1cb2bb7610ef7e8bba0a15a4508c4ec9dd1e8b127fa335a39aa,2026-09-05 04:25:26,2026-01,TAMPINES,4 ROOM,605C,TAMPINES ST 61,10 TO 12,92.00,Model A,2020,93 years 02 months,818000,0.06079271,17820,2026,605C TAMPINES ST 61 Singapore
235943,5642cc71ddc0eb8c7b0624bf5af57dd5a45dfb1424284a82dde33e0354350683,2026-09-05 04:25:26,2026-02,TAMPINES,4 ROOM,605C,TAMPINES ST 61,01 TO 03,92.00,Model A,2020,93 years 01 month,730000,0.06079271,17820,2026,605C TAMPINES ST 61 Singapore
235944,f00d92f94172af7ae852abdce20f76dcf5d7af9893295b1f92add8e41c87efaa,2026-09-05 04:25:26,2026-02,TAMPINES,4 ROOM,605C,TAMPINES ST 61,04 TO 06,92.00,Model A,2020,93 years 01 month,750000,0.06079271,17820,2026,605C TAMPINES ST 61 Singapore
235945,6c311c02af64efcfb86b93a46841d7d11e5f82fdf887c17b715a7cae132f6f89,2026-09-05 04:25:26,2026-03,TAMPINES,4 ROOM,619B,TAMPINES ST 61,04 TO 06,93.00,Model A,2021,94 years 07 months,758000,0.06079271,17820,2026,619B TAMPINES ST 61 Singapore
235946,b3a6802627ee0482ab447332b4a3414274c5e3cf99ea3ac2303b5b1359cc5629,2026-09-05 04:25:26,2026-04,TAMPINES,4 ROOM,618B,TAMPINES ST 61,13 TO 15,93.00,Model A,2021,94 years 07 months,818000,0.06079271,17820,2026,618B TAMPINES ST 61 Singapore
235947,2168aa5defa5726b676639acd71e6f98fbc4728897eee42850442468ea7af6b5,2026-09-05 04:25:26,2026-04,TAMPINES,4 ROOM,619A,TAMPINES ST 61,04 TO 06,93.00,Model A,2021,94 years 07 months,745000,0.06079271,17820,2026,619A TAMPINES ST 61 Singapore
235948,f741e53684119d0d2509506d47748815f6c3cf012af8ef2bc8d149bb172d9e0c,2026-09-05 04:25:26,2026-04,TAMPINES,4 ROOM,618B,TAMPINES ST 61,10 TO 12,93.00,Model A,2021,94 years 07 months,800000,0.06079271,17820,2026,618B TAMPINES ST 61 Singapore
235949,0c0ecc33441429dd794d29b8c1750502e7c8d13ba2828589ec0a8a94ae78334d,2026-09-05 04:25:26,2026-04,TAMPINES,4 ROOM,620A,TAMPINES ST 61,13 TO 15,93.00,Model A,2021,94 years 06 months,798000,0.06079271,17820,2026,620A TAMPINES ST 61 Singapore
235950,888a7faa2c4464ee844b42c98d8717093b41b34f7c8b1497db4a030f4b345b19,2026-09-05 04:25:26,2026-05,TAMPINES,4 ROOM,620A,TAMPINES ST 61,10 TO 12,93.00,Model A,2021,94 years 06 months,780000,0.06079271,17820,2026,620A TAMPINES ST 61 Singapore
235951,21084f6a4923f511a1c543982c4236cfd3454e73edc63efe081245f88dd0cbf8,2026-09-05 04:25:26,2026-05,TAMPINES,4 ROOM,618B,TAMPINES ST 61,07 TO 09,93.00,Model A,2021,94 years 06 months,770000,0.06079271,17820,2026,618B TAMPINES ST 61 Singapore
235952,1a665b3bab4354d87c121bac65eb46b90834d3293470707e15ce02c93caaa80b,2026-09-05 04:25:26,2026-05,TAMPINES,4 ROOM,618B,TAMPINES ST 61,13 TO 15,93.00,Model A,2021,94 years 06 months,800000,0.06079271,17820,2026,618B TAMPINES ST 61 Singapore
235953,6df9abbabcfc2afb373fb5a051bf0b9b5a49e2becb35beccec6b93b809c0755a,2026-09-05 04:25:26,2026-05,TAMPINES,4 ROOM,619B,TAMPINES ST 61,10 TO 12,93.00,Model A,2021,94 years 06 months,820000,0.06079271,17820,2026,619B TAMPINES ST 61 Singapore
235954,764ba7ba4764a2a30dbfcebd2d95c46080b0945fce159fb9fd5b4f41bf75bbc6,2026-09-05 04:25:26,2026-05,TAMPINES,4 ROOM,619A,TAMPINES ST 61,04 TO 06,93.00,Model A,2021,94 years 06 months,740888,0.06079271,17820,2026,619A TAMPINES ST 61 Singapore
235955,89caac9851d8ff41f48caad8447189c929256b4b56d49975f7313e2c0f040b23,2026-09-05 04:25:26,2026-05,TAMPINES,4 ROOM,619B,TAMPINES ST 61,04 TO 06,93.00,Model A,2021,94 years 06 months,715000,0.06079271,17820,2026,619B TAMPINES ST 61 Singapore
235956,47c96386b255b1b458fda47e8ff959d5927bfbe66df65ab7473525c568511f8f,2026-09-05 04:25:26,2026-05,TAMPINES,4 ROOM,620A,TAMPINES ST 61,16 TO 18,93.00,Model A,2021,94 years 06 months,825000,0.06079271,17820,2026,620A TAMPINES ST 61 Singapore
235957,81c4023b68e2952d9676653f5fdde84fdbe3520cef86cefeaeae293d8cd89148,2026-09-05 04:25:26,2026-05,TAMPINES,4 ROOM,618B,TAMPINES ST 61,13 TO 15,93.00,Model A,2021,94 years 06 months,835000,0.06079271,17820,2026,618B TAMPINES ST 61 Singapore
235958,6f44e38c510120c7fba50e887b0f8af2897ad2424174525f5d42124628c0578a,2026-09-05 04:25:26,2026-05,TAMPINES,4 ROOM,618A,TAMPINES ST 61,10 TO 12,93.00,Model A,2021,94 years 06 months,800000,0.06079271,17820,2026,618A TAMPINES ST 61 Singapore
235959,61200179011d16be677ff12e0478e4014451bda163f0ed5fce15635c45130739,2026-09-05 04:25:26,2026-05,TAMPINES,4 ROOM,620A,TAMPINES ST 61,04 TO 06,93.00,Model A,2021,94 years 05 months,750000,0.06079271,17820,2026,620A TAMPINES ST 61 Singapore
235960,04ae4e9e59b33197f61fc48650d9ad0926fba6113acf7650dbe531b8dc057773,2026-09-05 04:25:26,2026-05,TAMPINES,4 ROOM,618B,TAMPINES ST 61,13 TO 15,93.00,Model A,2021,94 years 05 months,820000,0.06079271,17820,2026,618B TAMPINES ST 61 Singapore
235961,f4843ef6fedc3e12b98ff2d5dfc4fdc87ae1b3d99a8fff5a4221f133561f9b73,2026-09-05 04:25:26,2026-05,TAMPINES,4 ROOM,619A,TAMPINES ST 61,01 TO 03,93.00,Model A,2021,94 years 05 months,732000,0.06079271,17820,2026,619A TAMPINES ST 61 Singapore
235962,79d3ae8c3aac221646e2294c83c2282dbe60939b2984d89d7d328633b9ba7751,2026-09-05 04:25:26,2026-05,TAMPINES,4 ROOM,618B,TAMPINES ST 61,10 TO 12,93.00,Model A,2021,94 years 05 months,804888,0.06079271,17820,2026,618B TAMPINES ST 61 Singapore
235963,d49603863f57f6d937460f0722aad85725054c44401aec270f01748514874d37,2026-09-05 04:25:26,2026-05,TAMPINES,4 ROOM,619A,TAMPINES ST 61,13 TO 15,93.00,Model A,2021,94 years 05 months,750000,0.06079271,17820,2026,619A TAMPINES ST 61 Singapore
235964,9aa606e347c605d7b674d6703b8d958634a6f9939a00eb8c726029ab6f32bca4,2026-09-05 04:25:26,2026-06,TAMPINES,4 ROOM,619B,TAMPINES ST 61,10 TO 12,93.00,Model A,2021,94 years 05 months,770000,0.06079271,17820,2026,619B TAMPINES ST 61 Singapore
235965,5aa636c822b174cadb65c4a982d6c95f8e3adfa5a49ac9c2ea2787630bceadea,2026-09-05 04:25:26,2026-06,TAMPINES,4 ROOM,605A,TAMPINES ST 61,07 TO 09,92.00,Model A,2020,92 years 09 months,780000,0.06079271,17820,2026,605A TAMPINES ST 61 Singapore
235966,ac0122e20994304be495fcbbb2b5d0a82727cfb214554cb8d11639b252b7e14f,2026-09-05 04:25:26,2026-06,TAMPINES,4 ROOM,618A,TAMPINES ST 61,10 TO 12,93.00,Model A,2021,94 years 05 months,802888,0.06079271,17820,2026,618A TAMPINES ST 61 Singapore
235967,5352934d00b266df0209e20e6dccfd783e4ac9a95e13f0e5b0034929a014d20f,2026-09-05 04:25:26,2026-06,TAMPINES,4 ROOM,618B,TAMPINES ST 61,13 TO 15,93.00,Model A,2021,94 years 05 months,818000,0.06079271,17820,2026,618B TAMPINES ST 61 Singapore
235968,15961df64c4d0b9fd60661cc620c48a2f0312a804fbceafe579283ddd13825e3,2026-09-05 04:25:26,2026-06,TAMPINES,4 ROOM,618B,TAMPINES ST 61,07 TO 09,93.00,Model A,2021,94 years 05 months,760000,0.06079271,17820,2026,618B TAMPINES ST 61 Singapore
235969,643a190ed454de01ff9100b256cc27a142e51decf61f5090717c8a6943fa95ba,2026-09-05 04:25:26,2026-06,TAMPINES,4 ROOM,619A,TAMPINES ST 61,07 TO 09,93.00,Model A,2021,94 years 05 months,758888,0.06079271,17820,2026,619A TAMPINES ST 61 Singapore
235970,d5d63aac81efc4ba64e78c94450fdfad3f579fe99469ae9d7241b1f47ee96581,2026-09-05 04:25:26,2026-06,TAMPINES,4 ROOM,619B,TAMPINES ST 61,01 TO 03,93.00,Model A,2021,94 years 05 months,750000,0.06079271,17820,2026,619B TAMPINES ST 61 Singapore
235971,26a25ac38be2998bced176bb064738c30a962afd10650d8cceb99efd16ef56ec,2026-09-05 04:25:26,2026-06,TAMPINES,4 ROOM,618A,TAMPINES ST 61,10 TO 12,93.00,Model A,2021,94 years 04 months,830000,0.06079271,17820,2026,618A TAMPINES ST 61 Singapore
235972,0e5ba93bddb1e398636ab470e2b4e3a864de19ba1a64d298fe2d5852b30f1b12,2026-09-05 04:25:26,2026-06,TAMPINES,4 ROOM,620B,TAMPINES ST 61,07 TO 09,93.00,Model A,2021,94 years 05 months,780000,0.06079271,17820,2026,620B TAMPINES ST 61 Singapore
235973,14ddc60788beb370d48eea130ec60c1e6f03c8b1f65411fd4ee2e5cd034e6b1d,2026-09-05 04:25:26,2026-06,TAMPINES,4 ROOM,618B,TAMPINES ST 61,10 TO 12,93.00,Model A,2021,94 years 05 months,820000,0.06079271,17820,2026,618B TAMPINES ST 61 Singapore
235974,bdee356a42ea409102dd78262132819ae44d669b0405c25e4fd29d8c13161ffb,2026-09-05 04:25:26,2026-06,TAMPINES,4 ROOM,618B,TAMPINES ST 61,10 TO 12,93.00,Model A,2021,94 years 04 months,795000,0.06079271,17820,2026,618B TAMPINES ST 61 Singapore
235975,317e0f0d5d9a8ec7bc95f301e172500cd223dd872b760f471157ba8bb6dfc899,2026-09-05 04:25:26,2026-06,TAMPINES,4 ROOM,620A,TAMPINES ST 61,07 TO 09,93.00,Model A,2021,94 years 04 months,768000,0.06079271,17820,2026,620A TAMPINES ST 61 Singapore
235976,540029c956a4f63f7e3869e61626ec7bb4750973d341d420468bbc7c6b056e0d,2026-09-05 04:25:26,2026-07,TAMPINES,4 ROOM,606C,TAMPINES ST 61,01 TO 03,92.00,Model A,2020,92 years 08 months,723000,0.06079271,17820,2026,606C TAMPINES ST 61 Singapore
235977,c41f2338b3806cf546836229efa3a2a52c6febf618613b8ebfaf6c8eaf0834a7,2026-09-05 04:25:26,2026-07,TAMPINES,4 ROOM,619A,TAMPINES ST 61,16 TO 18,93.00,Model A,2021,94 years 04 months,840000,0.06079271,17820,2026,619A TAMPINES ST 61 Singapore
235978,bc4d9a8cf76c52e517cea12cb6ed670caf7acd3d15ab7e54642826e592f813c0,2026-09-05 04:25:26,2026-07,TAMPINES,4 ROOM,621B,TAMPINES ST 61,10 TO 12,93.00,Model A,2022,94 years 07 months,850000,0.06079271,17820,2026,621B TAMPINES ST 61 Singapore
235979,444350aa427735bb7fc23d167e3189714c8ff04c509acd633d3669853f013b95,2026-09-05 04:25:26,2026-07,TAMPINES,4 ROOM,606B,TAMPINES ST 61,01 TO 03,92.00,Model A,2020,92 years 08 months,699000,0.06079271,17820,2026,606B TAMPINES ST 61 Singapore
235980,57b74182595c4b0a587d644ceeca42d17bd88979879fd856d49bb9e545e9d9a6,2026-09-05 04:25:26,2026-07,TAMPINES,4 ROOM,618A,TAMPINES ST 61,07 TO 09,93.00,Model A,2021,94 years 04 months,768000,0.06079271,17820,2026,618A TAMPINES ST 61 Singapore
235981,513bd7fe888e1334daac153698315d8bf4ed0e0eb0da0335248d39fd0648195a,2026-09-05 04:25:26,2026-07,TAMPINES,4 ROOM,618A,TAMPINES ST 61,10 TO 12,93.00,Model A,2021,94 years 04 months,780000,0.06079271,17820,2026,618A TAMPINES ST 61 Singapore
235982,5b89798459e1e477f4dcb0e0b1f903c65ee884e029d11a5f149d18f0fe01ab64,2026-09-05 04:25:26,2026-07,TAMPINES,4 ROOM,618B,TAMPINES ST 61,13 TO 15,93.00,Model A,2021,94 years 04 months,818000,0.06079271,17820,2026,618B TAMPINES ST 61 Singapore
235983,8fa2833c779623e607227a365c3ce447951a8279911d05c51771cd8e6513c4f8,2026-09-05 04:25:26,2026-07,TAMPINES,4 ROOM,618A,TAMPINES ST 61,13 TO 15,93.00,Model A,2021,94 years 04 months,868000,0.06079271,17820,2026,618A TAMPINES ST 61 Singapore
235984,6d0243fae970162e964b41fef659cee27c93e640dc722bcb6c2b0afaa9066953,2026-09-05 04:25:26,2026-07,TAMPINES,4 ROOM,618A,TAMPINES ST 61,04 TO 06,93.00,Model A,2021,94 years 04 months,760000,0.06079271,17820,2026,618A TAMPINES ST 61 Singapore
235985,1c64226466cb81349a19b653578f514e5fef3f7fa54a0868313da5c7ad146f0b,2026-09-05 04:25:26,2026-07,TAMPINES,4 ROOM,620A,TAMPINES ST 61,10 TO 12,93.00,Model A,2021,94 years 04 months,785000,0.06079271,17820,2026,620A TAMPINES ST 61 Singapore
235986,7b7069ed31a68443268ad30bdb9c172d44281a672732c783510afc30e6bd01af,2026-09-05 04:25:26,2026-07,TAMPINES,4 ROOM,619B,TAMPINES ST 61,04 TO 06,93.00,Model A,2021,94 years 04 months,730000,0.06079271,17820,2026,619B TAMPINES ST 61 Singapore
235987,3c38f1aac9185344fb20ec605fe80f2c9c770c29873dfa91a63b08b158cad89c,2026-09-05 04:25:26,2026-07,TAMPINES,4 ROOM,618A,TAMPINES ST 61,01 TO 03,93.00,Model A,2021,94 years 03 months,718000,0.06079271,17820,2026,618A TAMPINES ST 61 Singapore
235988,d0f966d20ca4812a0f09c0a966de36883ba905ad270a0713e0e4349500fbea5c,2026-09-05 04:25:26,2026-07,TAMPINES,4 ROOM,620A,TAMPINES ST 61,04 TO 06,93.00,Model A,2021,94 years 04 months,758000,0.06079271,17820,2026,620A TAMPINES ST 61 Singapore
235989,53e9f2d563363f214f401e152db6a30dcb13c893dde2bc8193e9f6d7ec8abfe4,2026-09-05 04:25:26,2026-07,TAMPINES,4 ROOM,621A,TAMPINES ST 61,04 TO 06,93.00,Model A,2022,94 years 06 months,750000,0.06079271,17820,2026,621A TAMPINES ST 61 Singapore
235990,913111c297e5ea075515310bef8260a3f7217689b05d1231f73cd91962549fec,2026-09-05 04:25:26,2026-07,TAMPINES,4 ROOM,620A,TAMPINES ST 61,16 TO 18,93.00,Model A,2021,94 years 03 months,805000,0.06079271,17820,2026,620A TAMPINES ST 61 Singapore
235991,ece9286ec923214caec87bbf13b7ee5971f354ba2a92240cd041a5e3e3b45630,2026-09-05 04:25:26,2026-07,TAMPINES,4 ROOM,621A,TAMPINES ST 61,04 TO 06,93.00,Model A,2022,94 years 06 months,749000,0.06079271,17820,2026,621A TAMPINES ST 61 Singapore
235992,fff95acc6160ab45626867f112c7b4263f3da7c955606db85fc4f02331cb5252,2026-09-05 04:25:26,2026-07,TAMPINES,4 ROOM,606D,TAMPINES ST 61,04 TO 06,92.00,Model A,2020,92 years 07 months,740000,0.06079271,17820,2026,606D TAMPINES ST 61 Singapore
235993,76c091740a7c148950b0106253737df32921221cc9a74dd7067b873f868412bf,2026-09-05 04:25:26,2026-07,TAMPINES,4 ROOM,606B,TAMPINES ST 61,13 TO 15,92.00,Model A,2020,92 years 08 months,790000,0.06079271,17820,2026,606B TAMPINES ST 61 Singapore
235994,0a2c88b87a5e169b84efb23e0f664180e1ba211940b6a9c4ddbba1c4aa030770,2026-09-05 04:25:26,2026-07,TAMPINES,4 ROOM,606C,TAMPINES ST 61,07 TO 09,92.00,Model A,2020,92 years 07 months,745000,0.06079271,17820,2026,606C TAMPINES ST 61 Singapore
235995,6ff817c77662d8313fc5ef86c9f16425526c0ef38081217a6063cdb4bfd9d9b3,2026-09-05 04:25:26,2026-07,TAMPINES,4 ROOM,620A,TAMPINES ST 61,01 TO 03,93.00,Model A,2021,94 years 03 months,737000,0.06079271,17820,2026,620A TAMPINES ST 61 Singapore
235996,f9c2706e728e860792662124ccfa6b16f25d13e07d42b31a39dac4331df4741c,2026-09-05 04:25:26,2026-08,TAMPINES,4 ROOM,620A,TAMPINES ST 61,10 TO 12,93.00,Model A,2021,94 years 03 months,805000,0.06079271,17820,2026,620A TAMPINES ST 61 Singapore
235997,f429f168ca9e2078f3566da0444bdf7dfcfba6322494a4a486b6693cc212ab60,2026-09-05 04:25:26,2026-08,TAMPINES,4 ROOM,619A,TAMPINES ST 61,13 TO 15,93.00,Model A,2021,94 years 03 months,762000,0.06079271,17820,2026,619A TAMPINES ST 61 Singapore
235998,e0719f67ce4549ef24fcf349105599c1444f0a2f466e97bd97b5bb90891d30dd,2026-09-05 04:25:26,2026-08,TAMPINES,4 ROOM,621A,TAMPINES ST 61,04 TO 06,93.00,Model A,2022,94 years 06 months,730000,0.06079271,17820,2026,621A TAMPINES ST 61 Singapore
235999,61a6c2d16813470afeced7ebd21cba86d5b8cdf23242da954bce4cf0a4cbd920,2026-09-05 04:25:26,2026-08,TAMPINES,4 ROOM,620A,TAMPINES ST 61,07 TO 09,93.00,Model A,2021,94 years 03 months,778000,0.06079271,17820,2026,620A TAMPINES ST 61 Singapore
236000,108b946301b3adbcd0a23cbf52c6808b450b78546ecb84cb8c8d15d3c28c0e8a,2026-09-05 04:25:26,2026-08,TAMPINES,4 ROOM,620B,TAMPINES ST 61,01 TO 03,93.00,Model A,2021,94 years 03 months,740000,0.06079271,17820,2026,620B TAMPINES ST 61 Singapore
236001,53df59bfd354896c0c1361404c97ce6f9243df4d669e31cb40b2f45ffc9f2429,2026-09-05 04:25:26,2026-08,TAMPINES,4 ROOM,621A,TAMPINES ST 61,04 TO 06,93.00,Model A,2022,94 years 06 months,720000,0.06079271,17820,2026,621A TAMPINES ST 61 Singapore
236002,89c3f6bb93b67fa6201325874aa1b6d7994bc7075f7998eb683a46128f77dea6,2026-09-05 04:25:26,2026-08,TAMPINES,4 ROOM,621A,TAMPINES ST 61,16 TO 18,93.00,Model A,2022,94 years 06 months,825000,0.06079271,17820,2026,621A TAMPINES ST 61 Singapore
236003,5490491e7a86fa05003bbf44f595ea4044fa6a46f60d290995f37823bd890640,2026-09-05 04:25:26,2026-08,TAMPINES,4 ROOM,619A,TAMPINES ST 61,16 TO 18,93.00,Model A,2021,94 years 03 months,800000,0.06079271,17820,2026,619A TAMPINES ST 61 Singapore
236004,157e16074a95121b63da2a47c80d40fce00078c23327649d3df1cc71354905e1,2026-09-05 04:25:26,2026-08,TAMPINES,4 ROOM,627A,TAMPINES ST 61,10 TO 12,93.00,Model A,2022,94 years 06 months,788000,0.06079271,17820,2026,627A TAMPINES ST 61 Singapore
236005,9c9f50e211ff15680383951cc03734db86e0684007963a22cfc1c7ef23bd0d99,2026-09-05 04:25:26,2026-08,TAMPINES,4 ROOM,621A,TAMPINES ST 61,13 TO 15,93.00,Model A,2022,94 years 06 months,838888,0.06079271,17820,2026,621A TAMPINES ST 61 Singapore
236006,6f53eb6e87e1b7a2727fb0d3afce1195adc04b289bd6071f4af013a5aa518e49,2026-09-05 04:25:26,2026-08,TAMPINES,4 ROOM,621A,TAMPINES ST 61,13 TO 15,93.00,Model A,2022,94 years 06 months,818000,0.06079271,17820,2026,621A TAMPINES ST 61 Singapore
236007,ee3cf40addfe1bc0c0ac85217736b6d792e70df8f634efb55133b957af11776f,2026-09-05 04:25:26,2026-08,TAMPINES,4 ROOM,621A,TAMPINES ST 61,07 TO 09,93.00,Model A,2022,94 years 06 months,768888,0.06079271,17820,2026,621A TAMPINES ST 61 Singapore
236008,4d331e400789a0ef9cf49eb85f049eac9a027ecf08c55ec72ec46c2d30bf589b,2026-09-05 04:25:26,2026-08,TAMPINES,4 ROOM,618B,TAMPINES ST 61,13 TO 15,93.00,Model A,2021,94 years 03 months,808000,0.06079271,17820,2026,618B TAMPINES ST 61 Singapore
236009,1014c25ea7ffd3714bd1b3a677f4dfb626c6355d6062482e4c8e501a57a0b135,2026-09-05 04:25:26,2026-08,TAMPINES,4 ROOM,618A,TAMPINES ST 61,04 TO 06,93.00,Model A,2021,94 years 03 months,756000,0.06079271,17820,2026,618A TAMPINES ST 61 Singapore
236010,be048f4899b398f39b3cfdd0de8e451bff691e9ce30773aa707c6e080be37a76,2026-09-05 04:25:26,2026-08,TAMPINES,4 ROOM,619A,TAMPINES ST 61,07 TO 09,93.00,Model A,2021,94 years 03 months,748800,0.06079271,17820,2026,619A TAMPINES ST 61 Singapore
236011,c85bc00a4b7e5886a36388b0321e008caa5d46b134e7f78788818919d479637b,2026-09-05 04:25:26,2026-08,TAMPINES,4 ROOM,620B,TAMPINES ST 61,10 TO 12,93.00,Model A,2021,94 years 02 months,798888,0.06079271,17820,2026,620B TAMPINES ST 61 Singapore
236012,0b5a1b35dd1b5cff8077031060d8da6142e3e3a73a7469892c5d1990fbfee625,2026-09-05 04:25:26,2026-08,TAMPINES,4 ROOM,627B,TAMPINES ST 61,04 TO 06,96.00,Model A,2022,94 years 05 months,835000,0.06079271,17820,2026,627B TAMPINES ST 61 Singapore
236013,0fa0bd371d6491743e74d7233194315b487ab6c8b94d85dacd8d7694475d8b4b,2026-09-05 04:25:26,2026-09,TAMPINES,4 ROOM,606B,TAMPINES ST 61,13 TO 15,92.00,Model A,2020,92 years 06 months,788000,0.06079271,17820,2026,606B TAMPINES ST 61 Singapore
236014,92f03d93b577ce41b0c683c25d62dcaf58c18459d1baf617eb41c134aed8b7cf,2026-09-05 04:25:26,2026-09,TAMPINES,4 ROOM,621A,TAMPINES ST 61,10 TO 12,93.00,Model A,2022,94 years 05 months,825000,0.06079271,17820,2026,621A TAMPINES ST 61 Singapore
236015,65a45c7c6317df57863372c1a507c85ef0b214851fb30c1160cd88dfdc5908fc,2026-09-05 04:25:26,2026-01,TAMPINES,4 ROOM,726,TAMPINES ST 71,10 TO 12,103.00,Model A,1997,70 years 08 months,688000,0.06079271,17820,2026,726 TAMPINES ST 71 Singapore
236016,4f2b9c37a76ace342c61ccef586e663576c647b875ca96f20eaa1418d558d2b5,2026-09-05 04:25:26,2026-01,TAMPINES,4 ROOM,714,TAMPINES ST 71,10 TO 12,100.00,Model A,1997,70 years 03 months,648000,0.06079271,17820,2026,714 TAMPINES ST 71 Singapore
236017,61dcc53cf06c91d08de588166acd5e4260fd61062fd820981420a6f95631b7f6,2026-09-05 04:25:26,2026-01,TAMPINES,4 ROOM,727,TAMPINES ST 71,07 TO 09,103.00,Model A,1997,70 years 09 months,660000,0.06079271,17820,2026,727 TAMPINES ST 71 Singapore
236018,3b082e73f8f4169eaa099d614c0c408466bf03f4a1b59fe3588b60ce25706182,2026-09-05 04:25:26,2026-01,TAMPINES,4 ROOM,716,TAMPINES ST 71,10 TO 12,99.00,Model A,1997,70 years 04 months,678888,0.06079271,17820,2026,716 TAMPINES ST 71 Singapore
236019,82de2bbf2f3af3bcb60e9db8e1e2427875febde1d2eea2819bea0bab71e1e0c1,2026-09-05 04:25:26,2026-01,TAMPINES,4 ROOM,730,TAMPINES ST 71,07 TO 09,103.00,Model A,1997,71 years,660000,0.06079271,17820,2026,730 TAMPINES ST 71 Singapore
236020,9d549606f9ecfc752ef324ac4295127c52837147a0472faac6f637e0dc0845f5,2026-09-05 04:25:26,2026-01,TAMPINES,4 ROOM,713,TAMPINES ST 71,10 TO 12,102.00,Model A,1997,70 years 02 months,655000,0.06079271,17820,2026,713 TAMPINES ST 71 Singapore
236021,eb608f7d06adbc80b8dafb15f9c5fa1ace3b60a086b6f6aa01056cb9ac3d315c,2026-09-05 04:25:26,2026-02,TAMPINES,4 ROOM,721,TAMPINES ST 71,10 TO 12,99.00,Model A,1997,70 years 03 months,675000,0.06079271,17820,2026,721 TAMPINES ST 71 Singapore
236022,fc3e6b63540ea46a6611b0719504598c98103ce48acff7f4664568ede4a3362b,2026-09-05 04:25:26,2026-03,TAMPINES,4 ROOM,731,TAMPINES ST 71,04 TO 06,104.00,Model A,1997,70 years 04 months,660000,0.06079271,17820,2026,731 TAMPINES ST 71 Singapore
236023,a37f009ca7472cd361acbe728b1db3d7e5f2cfad26752f5aa4f28e61cb60f455,2026-09-05 04:25:26,2026-04,TAMPINES,4 ROOM,705,TAMPINES ST 71,04 TO 06,99.00,Model A,1997,70 years 04 months,650000,0.06079271,17820,2026,705 TAMPINES ST 71 Singapore
236024,cf2f73b0ba7d0fcef10f6b3780a08bd9a3450f92fc03e0f0534e3c07290fe4d9,2026-09-05 04:25:26,2026-04,TAMPINES,4 ROOM,733,TAMPINES ST 71,13 TO 15,100.00,Model A,1997,70 years 03 months,670000,0.06079271,17820,2026,733 TAMPINES ST 71 Singapore
236025,df8bec33a26f214c8feeb6b5a8fbd09d3e7932d24bd519ca2f5369c0d3025eb9,2026-09-05 04:25:26,2026-04,TAMPINES,4 ROOM,708,TAMPINES ST 71,07 TO 09,102.00,Model A,1997,70 years 02 months,650000,0.06079271,17820,2026,708 TAMPINES ST 71 Singapore
236026,ceb29afad875952650d33ff7d2bd6133449e5fd270aa0858cc167548260fa52d,2026-09-05 04:25:26,2026-05,TAMPINES,4 ROOM,709,TAMPINES ST 71,10 TO 12,99.00,Model A,1997,70 years 02 months,668000,0.06079271,17820,2026,709 TAMPINES ST 71 Singapore
236027,14ddb0640252642ff1c701b4740a64cc7cc5cda2193d25172f5566011cdf5671,2026-09-05 04:25:26,2026-05,TAMPINES,4 ROOM,727,TAMPINES ST 71,13 TO 15,103.00,Model A,1997,70 years 04 months,693800,0.06079271,17820,2026,727 TAMPINES ST 71 Singapore
236028,6e2b5e674b105b71af502bb961e6bbfb74f05934711c9e42c7cca8d196cf0e38,2026-09-05 04:25:26,2026-06,TAMPINES,4 ROOM,707,TAMPINES ST 71,01 TO 03,100.00,Model A,1997,70 years 01 month,615000,0.06079271,17820,2026,707 TAMPINES ST 71 Singapore
236029,cb598169b4287b48b488c3805c827374f9c92f1bf5c2dc6fa58a22be548a8313,2026-09-05 04:25:26,2026-06,TAMPINES,4 ROOM,713,TAMPINES ST 71,13 TO 15,100.00,Model A,1997,69 years 10 months,655000,0.06079271,17820,2026,713 TAMPINES ST 71 Singapore
236030,197eaad5af9b2240419110ba75c90e219e063919510ddb5bd7da20195c970b32,2026-09-05 04:25:26,2026-06,TAMPINES,4 ROOM,703,TAMPINES ST 71,07 TO 09,100.00,Model A,1997,70 years 02 months,650000,0.06079271,17820,2026,703 TAMPINES ST 71 Singapore
236031,e44c1893fde0dc00d124393f905091e676fdbd3050465fed8309557ec11e593f,2026-09-05 04:25:26,2026-06,TAMPINES,4 ROOM,714,TAMPINES ST 71,01 TO 03,100.00,Model A,1997,69 years 09 months,660000,0.06079271,17820,2026,714 TAMPINES ST 71 Singapore
236032,ff0df4cef8e1df6c5ade950f01a14068734ce53da4d09bce1dd4b3d75cd0c5fb,2026-09-05 04:25:26,2026-07,TAMPINES,4 ROOM,724,TAMPINES ST 71,10 TO 12,103.00,Model A,1997,70 years 02 months,680000,0.06079271,17820,2026,724 TAMPINES ST 71 Singapore
236033,8d393174d1fb61e5191166d56fac5aa291cd7292bf111384369889f344075cf1,2026-09-05 04:25:26,2026-07,TAMPINES,4 ROOM,733,TAMPINES ST 71,13 TO 15,103.00,Model A,1997,70 years,678000,0.06079271,17820,2026,733 TAMPINES ST 71 Singapore
236034,d46dfec18def240ac0bfdbae550c5d4df50d075440818e592ee2d28f8be4876f,2026-09-05 04:25:26,2026-07,TAMPINES,4 ROOM,729,TAMPINES ST 71,01 TO 03,104.00,Model A,1997,70 years 02 months,650000,0.06079271,17820,2026,729 TAMPINES ST 71 Singapore
236035,57bd229f491761ea234ac75111eb220b34f254ee2340ddc6f309008ed7b558d0,2026-09-05 04:25:26,2026-08,TAMPINES,4 ROOM,708,TAMPINES ST 71,04 TO 06,100.00,Model A,1997,69 years 11 months,645000,0.06079271,17820,2026,708 TAMPINES ST 71 Singapore
236036,8d4e143ff745a394ec9d61f660f6b06ad512f82e36f776c09c63c8c7ca45375d,2026-09-05 04:25:26,2026-08,TAMPINES,4 ROOM,702,TAMPINES ST 71,04 TO 06,100.00,Model A,1997,70 years 01 month,650000,0.06079271,17820,2026,702 TAMPINES ST 71 Singapore
236037,18ac8c1fd7c40113a0c29d2ce35658316eff8e1f622d28fa2ea99d0e7d882a2e,2026-09-05 04:25:26,2026-08,TAMPINES,4 ROOM,710,TAMPINES ST 71,04 TO 06,101.00,Model A,1997,69 years 11 months,660000,0.06079271,17820,2026,710 TAMPINES ST 71 Singapore
236038,7a59dd53a1a898f22e6c751acfa21e47506a1a725cf246d2cb07839fd18f2e35,2026-09-05 04:25:26,2026-08,TAMPINES,4 ROOM,724,TAMPINES ST 71,10 TO 12,103.00,Model A,1997,70 years,683888,0.06079271,17820,2026,724 TAMPINES ST 71 Singapore
236039,034432b98e58f826722e1d078fe31576cab8d31489b4bc96d3dbf2d1b47cdd57,2026-09-05 04:25:26,2026-08,TAMPINES,4 ROOM,703,TAMPINES ST 71,07 TO 09,100.00,Model A,1997,70 years,670000,0.06079271,17820,2026,703 TAMPINES ST 71 Singapore
236040,1239a8e17cff1509bd599587dad663ea868bebc63d3af5531c4fca1256e7639d,2026-09-05 04:25:26,2026-08,TAMPINES,4 ROOM,733,TAMPINES ST 71,13 TO 15,103.00,Model A,1997,69 years 10 months,680000,0.06079271,17820,2026,733 TAMPINES ST 71 Singapore
236041,faa0325bf1aee51cb4b4f122df02d11a7ad95091db4504598819d332b38c90de,2026-09-05 04:25:26,2026-01,TAMPINES,4 ROOM,717,TAMPINES ST 72,07 TO 09,100.00,Model A,1997,70 years 05 months,635000,0.06079271,17820,2026,717 TAMPINES ST 72 Singapore
236042,351f783b9a19c86b9625ff3597f5c0c2f18eff3e5c26f7b7d4b9e66c0c820e12,2026-09-05 04:25:26,2026-01,TAMPINES,4 ROOM,719,TAMPINES ST 72,13 TO 15,101.00,Model A,1997,70 years 05 months,675000,0.06079271,17820,2026,719 TAMPINES ST 72 Singapore
236043,55cdf36ccf22dfc709aa067a2686543c1cdc8ea5a8cf1b570bfc4f6aec5c4a19,2026-09-05 04:25:26,2026-02,TAMPINES,4 ROOM,736,TAMPINES ST 72,10 TO 12,100.00,Model A,1997,70 years 07 months,650000,0.06079271,17820,2026,736 TAMPINES ST 72 Singapore
236044,9b1edcd12c8894e9c6f69bda4d3cdbb9b9e069e4a72bd973c70b4543b8244c20,2026-09-05 04:25:26,2026-02,TAMPINES,4 ROOM,717,TAMPINES ST 72,07 TO 09,100.00,Model A,1997,70 years 03 months,610000,0.06079271,17820,2026,717 TAMPINES ST 72 Singapore
236045,1ad92d7bd0e0e6f3422e81a8eb69cf54d7d10de82d8e700ac34f5a9d690a7372,2026-09-05 04:25:26,2026-03,TAMPINES,4 ROOM,736,TAMPINES ST 72,07 TO 09,100.00,Model A,1997,70 years 07 months,668000,0.06079271,17820,2026,736 TAMPINES ST 72 Singapore
236046,0abb25353faf0893fb5edee636d5cc75ac6f6a556a571cb5a09c914905bae9f4,2026-09-05 04:25:26,2026-04,TAMPINES,4 ROOM,722,TAMPINES ST 72,04 TO 06,99.00,Model A,1997,70 years 01 month,650000,0.06079271,17820,2026,722 TAMPINES ST 72 Singapore
236047,6223e02e0b667056bbcaac02e60e194bb0b6fcdae902ce011077ce1956836ba8,2026-09-05 04:25:26,2026-05,TAMPINES,4 ROOM,720,TAMPINES ST 72,13 TO 15,99.00,Model A,1997,70 years,677000,0.06079271,17820,2026,720 TAMPINES ST 72 Singapore
236048,c475fbb013bb8afe6951f824e05aa631dbd90f8865d8de1391e9a0d66b13affc,2026-09-05 04:25:26,2026-05,TAMPINES,4 ROOM,735,TAMPINES ST 72,04 TO 06,102.00,Model A,1997,70 years 08 months,625000,0.06079271,17820,2026,735 TAMPINES ST 72 Singapore
236049,7ac9a46bed7974b7d94839a515d1e9dc29889e7c998abf28f63b15b53eb5344a,2026-09-05 04:25:26,2026-05,TAMPINES,4 ROOM,742,TAMPINES ST 72,04 TO 06,100.00,Model A,1997,70 years 05 months,630000,0.06079271,17820,2026,742 TAMPINES ST 72 Singapore
236050,dec457a8975bc80a592f50f5661a3742c70fbb7ca08e6fbca36b809a34fc1c46,2026-09-05 04:25:26,2026-06,TAMPINES,4 ROOM,719,TAMPINES ST 72,04 TO 06,99.00,Model A,1997,70 years,643000,0.06079271,17820,2026,719 TAMPINES ST 72 Singapore
236051,4d7008817645a689fa45cf02cd8104138d24262fb43bfbc5a0ac4eb551f4fd69,2026-09-05 04:25:26,2026-07,TAMPINES,4 ROOM,741,TAMPINES ST 72,10 TO 12,101.00,Model A,1997,70 years 06 months,695000,0.06079271,17820,2026,741 TAMPINES ST 72 Singapore
236052,4ff4f9f7cddf34e50c825b54db0052cbce8751a077ad68f5ce4b7bd5f2368594,2026-09-05 04:25:26,2026-07,TAMPINES,4 ROOM,723,TAMPINES ST 72,13 TO 15,99.00,Model A,1997,69 years 10 months,700000,0.06079271,17820,2026,723 TAMPINES ST 72 Singapore
236053,c2c6366756443a22fc7504b419ce2321bc634a55b288d3eee4e6a459d42202ae,2026-09-05 04:25:26,2026-08,TAMPINES,4 ROOM,719,TAMPINES ST 72,07 TO 09,100.00,Model A,1997,69 years 09 months,655000,0.06079271,17820,2026,719 TAMPINES ST 72 Singapore
236054,bbef1b5aa118f54db344c4c86becfa491670214a5823caf28dd87e57ca628136,2026-09-05 04:25:26,2026-08,TAMPINES,4 ROOM,722,TAMPINES ST 72,07 TO 09,99.00,Model A,1997,69 years 08 months,660000,0.06079271,17820,2026,722 TAMPINES ST 72 Singapore
236055,d0eef3f2020727fd12fa46a415cceca009530d32761f0fa7aea6402ea3d0f4da,2026-09-05 04:25:26,2026-05,TAMPINES,4 ROOM,818,TAMPINES ST 81,01 TO 03,105.00,Model A,1984,57 years 02 months,655000,0.06079271,17820,2026,818 TAMPINES ST 81 Singapore
236056,4eff2f0aa9845f966fd7886634d791a3bc77b7c526d27ca101705c45c43322a1,2026-09-05 04:25:26,2026-05,TAMPINES,4 ROOM,888A,TAMPINES ST 81,10 TO 12,104.00,Model A,1989,61 years 10 months,668000,0.06079271,17820,2026,888A TAMPINES ST 81 Singapore
236057,ae74315838a0b9dcfdb426441db5c3bfd2ced8868f72d7977f54da29c1cd6ac5,2026-09-05 04:25:26,2026-06,TAMPINES,4 ROOM,813,TAMPINES ST 81,01 TO 03,104.00,Model A,1984,57 years 03 months,608888,0.06079271,17820,2026,813 TAMPINES ST 81 Singapore
236058,4252266d5d56fc6dfdf31cb40959816a31dcd4f98d0276ece3f848c36f223a18,2026-09-05 04:25:26,2026-06,TAMPINES,4 ROOM,888,TAMPINES ST 81,04 TO 06,104.00,Model A,1988,61 years 05 months,610000,0.06079271,17820,2026,888 TAMPINES ST 81 Singapore
236059,a0190f607fa5bac4bfbaa19dd1573721fe65c23c7288ea9a551d171cbf0af4c2,2026-09-05 04:25:26,2026-07,TAMPINES,4 ROOM,888A,TAMPINES ST 81,07 TO 09,104.00,Model A,1989,61 years 07 months,675000,0.06079271,17820,2026,888A TAMPINES ST 81 Singapore
236060,d310ff975a1212e4cf9445df69307dbc11e57c8b85e646311fbc73929ab6cbb1,2026-09-05 04:25:26,2026-08,TAMPINES,4 ROOM,896,TAMPINES ST 81,01 TO 03,104.00,Model A,1988,61 years 02 months,640000,0.06079271,17820,2026,896 TAMPINES ST 81 Singapore
236061,4317937cb6ae7cfda32e02595ce3e29443df882193396763e511848432cc8114,2026-09-05 04:25:26,2026-08,TAMPINES,4 ROOM,814,TAMPINES ST 81,04 TO 06,104.00,Model A,1984,57 years,638000,0.06079271,17820,2026,814 TAMPINES ST 81 Singapore
236062,a1241560628eff96487c24a4e9395d362bb816310090193a7b85304bfd978d20,2026-09-05 04:25:26,2026-09,TAMPINES,4 ROOM,889A,TAMPINES ST 81,01 TO 03,104.00,Model A,1989,61 years 06 months,618000,0.06079271,17820,2026,889A TAMPINES ST 81 Singapore
236063,25e9556d85e21a6725b4f5c445b9055382cfd2178676ef46b531fad4f98ee1c2,2026-09-05 04:25:26,2026-01,TAMPINES,4 ROOM,842G,TAMPINES ST 82,10 TO 12,108.00,Model A,1995,68 years 08 months,695000,0.06079271,17820,2026,842G TAMPINES ST 82 Singapore
236064,739a3553b6d6e028ea1a5dd477690b97afa6afeb4a83e1078a0bffd6bb34a72b,2026-09-05 04:25:26,2026-01,TAMPINES,4 ROOM,836,TAMPINES ST 82,01 TO 03,105.00,Model A,1985,58 years 04 months,620000,0.06079271,17820,2026,836 TAMPINES ST 82 Singapore
236065,0191e18877c7c02b44efae8b6d9ce42ccc0d7155d1b9da8ddf25af12cc843941,2026-09-05 04:25:26,2026-01,TAMPINES,4 ROOM,842H,TAMPINES ST 82,01 TO 03,106.00,Model A,1995,68 years 08 months,650000,0.06079271,17820,2026,842H TAMPINES ST 82 Singapore
236066,6143ec5ea3ccd14bbce755e21e4c1de2c3a5aef4a0701575e946c230701d1309,2026-09-05 04:25:26,2026-01,TAMPINES,4 ROOM,836,TAMPINES ST 82,04 TO 06,84.00,Simplified,1985,58 years 03 months,540000,0.06079271,17820,2026,836 TAMPINES ST 82 Singapore
236067,a21daa65f8db45180542be63b850fadffbd02da8367519daca8b8a733f2aa473,2026-09-05 04:25:26,2026-02,TAMPINES,4 ROOM,840,TAMPINES ST 82,04 TO 06,84.00,Simplified,1986,59 years,560000,0.06079271,17820,2026,840 TAMPINES ST 82 Singapore
236068,5f7e7ef406c0c47e0d5903c448e5a5045487e56c5c9ce0e04845e58125d2c911,2026-09-05 04:25:26,2026-03,TAMPINES,4 ROOM,854,TAMPINES ST 82,07 TO 09,104.00,Model A,1985,58 years 07 months,660000,0.06079271,17820,2026,854 TAMPINES ST 82 Singapore
236069,685e02ef677162b40fda06ef39baab76e8b98fded58fe222ba9cc111bea47df6,2026-09-05 04:25:26,2026-03,TAMPINES,4 ROOM,842,TAMPINES ST 82,04 TO 06,103.00,Model A,1986,59 years 03 months,620000,0.06079271,17820,2026,842 TAMPINES ST 82 Singapore
236070,6214087af2ff2d7173310687c03618ca500c709d1a1dc6d0ff7fcc2cd9c6b4c6,2026-09-05 04:25:26,2026-03,TAMPINES,4 ROOM,842G,TAMPINES ST 82,10 TO 12,107.00,Model A,1995,68 years 05 months,695000,0.06079271,17820,2026,842G TAMPINES ST 82 Singapore
236071,5d4401bb5e122b1fb3dee8d850668fd06a40c3f56b89dced50203ec9a49f5f97,2026-09-05 04:25:26,2026-05,TAMPINES,4 ROOM,838,TAMPINES ST 82,07 TO 09,84.00,Simplified,1985,58 years 03 months,550000,0.06079271,17820,2026,838 TAMPINES ST 82 Singapore
236072,091e7815ad20dc4115a7c9247115c20eb3a28c31431dc790f7a1207f01d716ff,2026-09-05 04:25:26,2026-05,TAMPINES,4 ROOM,838,TAMPINES ST 82,04 TO 06,104.00,Model A,1985,58 years 03 months,602000,0.06079271,17820,2026,838 TAMPINES ST 82 Singapore
236073,18d22b7d6aa0602b500f3d1bece95c4e5c38c23796d2e35ec8fef1e87ae3402d,2026-09-05 04:25:26,2026-05,TAMPINES,4 ROOM,842C,TAMPINES ST 82,01 TO 03,108.00,Model A,1995,67 years 09 months,645000,0.06079271,17820,2026,842C TAMPINES ST 82 Singapore
236074,527235f3ed716543a6a03eafa85cb7d8014b9ffe9af96a6e79cee25dc04c0c4e,2026-09-05 04:25:26,2026-06,TAMPINES,4 ROOM,856,TAMPINES ST 82,04 TO 06,84.00,Simplified,1986,58 years 11 months,518888,0.06079271,17820,2026,856 TAMPINES ST 82 Singapore
236075,5cefa587bb859b016e51b947752c1d945972855ee8928b44efad89e452f1e030,2026-09-05 04:25:26,2026-06,TAMPINES,4 ROOM,840,TAMPINES ST 82,01 TO 03,84.00,Simplified,1986,58 years 08 months,515000,0.06079271,17820,2026,840 TAMPINES ST 82 Singapore
236076,add9874b2ee86abbf7e32c66043188c81cae0cb3f4c0653771d0f84acc988498,2026-09-05 04:25:26,2026-07,TAMPINES,4 ROOM,854,TAMPINES ST 82,04 TO 06,104.00,Model A,1985,58 years 03 months,600000,0.06079271,17820,2026,854 TAMPINES ST 82 Singapore
236077,6536a245315732f6d4eb33ac92b993be3bcb5eda774a1a8fddeb873581380e3c,2026-09-05 04:25:26,2026-07,TAMPINES,4 ROOM,852,TAMPINES ST 82,04 TO 06,104.00,Model A,1985,57 years 11 months,650000,0.06079271,17820,2026,852 TAMPINES ST 82 Singapore
236078,d908a5517a4e3299c5aef81b8bba3a2fdfc7eda44960d6f583e6ad4d4d2db9c5,2026-09-05 04:25:26,2026-08,TAMPINES,4 ROOM,836,TAMPINES ST 82,01 TO 03,105.00,Model A,1985,57 years 09 months,620000,0.06079271,17820,2026,836 TAMPINES ST 82 Singapore
236079,9d94530ad473c798deba5fc1a4b45707ca11a8089ca4cac73079a2a1e1aedd42,2026-09-05 04:25:26,2026-01,TAMPINES,4 ROOM,831,TAMPINES ST 83,01 TO 03,89.00,Simplified,1986,59 years 05 months,578000,0.06079271,17820,2026,831 TAMPINES ST 83 Singapore
236080,fe4cc27f71823ce2793682857cfcca8c8a5a19f44d366709edb2c381d9cad030,2026-09-05 04:25:26,2026-01,TAMPINES,4 ROOM,868,TAMPINES ST 83,04 TO 06,104.00,Model A,1989,62 years 03 months,650000,0.06079271,17820,2026,868 TAMPINES ST 83 Singapore
236081,bf1d748295240f945704357239b81138f88c67695267847077c38509a0026f0e,2026-09-05 04:25:26,2026-01,TAMPINES,4 ROOM,886,TAMPINES ST 83,04 TO 06,104.00,Model A,1988,61 years 04 months,630000,0.06079271,17820,2026,886 TAMPINES ST 83 Singapore
236082,c9650b49a1f7d079103b7e6e194f703d859c0145414c0dc646e638008e5dcef8,2026-09-05 04:25:26,2026-01,TAMPINES,4 ROOM,870,TAMPINES ST 83,04 TO 06,104.00,Model A,1989,62 years 06 months,625000,0.06079271,17820,2026,870 TAMPINES ST 83 Singapore
236083,7bdf7f40927cfc4c729fa6d10bba5560f26e19536e84b6e3692662790523a684,2026-09-05 04:25:26,2026-01,TAMPINES,4 ROOM,841,TAMPINES ST 83,04 TO 06,84.00,Simplified,1986,59 years 05 months,552000,0.06079271,17820,2026,841 TAMPINES ST 83 Singapore
236084,ac273abda579d2b87f93fbe2e8780bd90243e73a2806998c30c7c6df2a2fe9f9,2026-09-05 04:25:26,2026-01,TAMPINES,4 ROOM,862,TAMPINES ST 83,10 TO 12,104.00,Model A,1988,61 years 04 months,680000,0.06079271,17820,2026,862 TAMPINES ST 83 Singapore
236085,a6e54d72f62af1762b0aee86099771c49a6fdeff79944530c4c5411e608d8b88,2026-09-05 04:25:26,2026-03,TAMPINES,4 ROOM,855,TAMPINES ST 83,07 TO 09,84.00,Simplified,1987,60 years 03 months,570000,0.06079271,17820,2026,855 TAMPINES ST 83 Singapore
236086,f3024176026b133bc097fb8b13f7dbe44bc065ddc94a27669fe4b64618a8d380,2026-09-05 04:25:26,2026-03,TAMPINES,4 ROOM,843,TAMPINES ST 83,10 TO 12,103.00,Model A,1988,60 years 11 months,590000,0.06079271,17820,2026,843 TAMPINES ST 83 Singapore
236087,c7964bbd0d6e8224d349dbd7d67e5bbdaef0454a37f9a1c3a940aa6696924721,2026-09-05 04:25:26,2026-03,TAMPINES,4 ROOM,837,TAMPINES ST 83,01 TO 03,105.00,Model A,1985,58 years 01 month,615000,0.06079271,17820,2026,837 TAMPINES ST 83 Singapore
236088,34362bd1cf058871ce8a9c3a6ec225cf26c784571d89c5f0f2891bfed5ff5c72,2026-09-05 04:25:26,2026-03,TAMPINES,4 ROOM,841,TAMPINES ST 83,07 TO 09,84.00,Simplified,1986,59 years 03 months,568800,0.06079271,17820,2026,841 TAMPINES ST 83 Singapore
236089,1657b0acae747108c3fae78a38cd265192ce8ba4ef574608d64e09e7f15cef78,2026-09-05 04:25:26,2026-03,TAMPINES,4 ROOM,870,TAMPINES ST 83,07 TO 09,104.00,Model A,1989,62 years 04 months,650000,0.06079271,17820,2026,870 TAMPINES ST 83 Singapore
236090,618cdbd0e88c3433a135de838f54e5ccf1ab8d622937d6879d07c5e0adc9c047,2026-09-05 04:25:26,2026-04,TAMPINES,4 ROOM,841,TAMPINES ST 83,01 TO 03,84.00,Simplified,1986,59 years 03 months,510000,0.06079271,17820,2026,841 TAMPINES ST 83 Singapore
236091,6c2e79acea7a9d63b76178e9fa98f58bf1d1db5745c5f0f2d4e91c17560447a5,2026-09-05 04:25:26,2026-04,TAMPINES,4 ROOM,841,TAMPINES ST 83,04 TO 06,103.00,Model A,1986,59 years 03 months,600000,0.06079271,17820,2026,841 TAMPINES ST 83 Singapore
236092,9cc1c97c4f65e7daf0e4a4dde40d66dd60579b5084ad39a7bde97386ab027553,2026-09-05 04:25:26,2026-05,TAMPINES,4 ROOM,855,TAMPINES ST 83,01 TO 03,84.00,Simplified,1987,60 years 01 month,535000,0.06079271,17820,2026,855 TAMPINES ST 83 Singapore
236093,0b02f3e4c1e2f17bc47df9c9d1fe10f9098ff75c458d71b6f09d69f253c0eb2f,2026-09-05 04:25:26,2026-05,TAMPINES,4 ROOM,864A,TAMPINES ST 83,01 TO 03,104.00,Model A,1988,61 years 04 months,608888,0.06079271,17820,2026,864A TAMPINES ST 83 Singapore
236094,8f128e94d1b286eb7ee06bdd4bcf726915d115c3d0cde54bed978ed6bc408367,2026-09-05 04:25:26,2026-05,TAMPINES,4 ROOM,864,TAMPINES ST 83,07 TO 09,104.00,Model A,1988,61 years 02 months,675000,0.06079271,17820,2026,864 TAMPINES ST 83 Singapore
236095,f22a5486b1cc34315fdeac1b3dec0c1514dd6c5249c4c576672c40c5622fdd39,2026-09-05 04:25:26,2026-06,TAMPINES,4 ROOM,864A,TAMPINES ST 83,07 TO 09,104.00,Model A,1988,61 years 03 months,600000,0.06079271,17820,2026,864A TAMPINES ST 83 Singapore
236096,1b43b76dc697a903867fd0fd9dd1ecdef964e3d43c8b3806268eb65aed432bda,2026-09-05 04:25:26,2026-06,TAMPINES,4 ROOM,864,TAMPINES ST 83,07 TO 09,104.00,Model A,1988,61 years 02 months,660000,0.06079271,17820,2026,864 TAMPINES ST 83 Singapore
236097,d65fc58b7733ba87aa02f4d9bee33a8d19e9d8b70d632228cb48e06478639488,2026-09-05 04:25:26,2026-06,TAMPINES,4 ROOM,886A,TAMPINES ST 83,01 TO 03,104.00,Model A,1988,61 years 02 months,570000,0.06079271,17820,2026,886A TAMPINES ST 83 Singapore
236098,14482fed087078bf0452b62aa82d82839ac781dc5dcbc3e027f7c0d61f4eafec,2026-09-05 04:25:26,2026-06,TAMPINES,4 ROOM,853,TAMPINES ST 83,10 TO 12,105.00,Model A,1987,60 years 07 months,608000,0.06079271,17820,2026,853 TAMPINES ST 83 Singapore
236099,c07cfd5651fd38bf9fdd08822bd2ef3dfa0bd4500155f7fab243d0bb1bdb91fb,2026-09-05 04:25:26,2026-06,TAMPINES,4 ROOM,867,TAMPINES ST 83,04 TO 06,104.00,Model A,1989,61 years 08 months,650000,0.06079271,17820,2026,867 TAMPINES ST 83 Singapore
236100,c992dfe319b9bdce7cc8ac92a2b90e3336236f83961c26c420c54896545a0458,2026-09-05 04:25:26,2026-06,TAMPINES,4 ROOM,845,TAMPINES ST 83,04 TO 06,105.00,Model A,1987,60 years 06 months,620000,0.06079271,17820,2026,845 TAMPINES ST 83 Singapore
236101,f4b58cb029fb1c1fbeb4862470c850611494aca9e9f330108ef9223865f8a156,2026-09-05 04:25:26,2026-07,TAMPINES,4 ROOM,886,TAMPINES ST 83,07 TO 09,104.00,Model A,1988,60 years 10 months,635888,0.06079271,17820,2026,886 TAMPINES ST 83 Singapore
236102,3c5c22838899bc83e0601ccad2b8c403c895f9c3aaf5dafaac55ca5451216d60,2026-09-05 04:25:26,2026-07,TAMPINES,4 ROOM,841,TAMPINES ST 83,07 TO 09,84.00,Simplified,1986,59 years,555000,0.06079271,17820,2026,841 TAMPINES ST 83 Singapore
236103,6693a6d80484f949d35688950807203f76fcda120d2079463a1ae239055e6773,2026-09-05 04:25:26,2026-07,TAMPINES,4 ROOM,833,TAMPINES ST 83,07 TO 09,84.00,Simplified,1985,57 years 07 months,580000,0.06079271,17820,2026,833 TAMPINES ST 83 Singapore
236104,a50e7eecd23a953686a13f7746e122fc67a223e545313737e45107a3e42a88c6,2026-09-05 04:25:26,2026-07,TAMPINES,4 ROOM,839,TAMPINES ST 83,10 TO 12,84.00,Simplified,1985,58 years,568000,0.06079271,17820,2026,839 TAMPINES ST 83 Singapore
236105,37b41b9b5ab8dffe068af1d892bae13d3acc39ec249da4ff1b2de5eff210bd72,2026-09-05 04:25:26,2026-08,TAMPINES,4 ROOM,855,TAMPINES ST 83,07 TO 09,84.00,Simplified,1987,59 years 10 months,570000,0.06079271,17820,2026,855 TAMPINES ST 83 Singapore
236106,2d189d68a902a20ea8874c720486aa598b2627188e62640fe4ac88ebe1fbbb1c,2026-09-05 04:25:26,2026-08,TAMPINES,4 ROOM,870,TAMPINES ST 83,01 TO 03,104.00,Model A,1989,62 years,630000,0.06079271,17820,2026,870 TAMPINES ST 83 Singapore
236107,74cac70a41e98e984051c9ac0dc8d0ac4950b091059eab4a2cf3fa48573730aa,2026-09-05 04:25:26,2026-08,TAMPINES,4 ROOM,839,TAMPINES ST 83,04 TO 06,84.00,Simplified,1985,57 years 10 months,570000,0.06079271,17820,2026,839 TAMPINES ST 83 Singapore
236108,3a3edeaf21bc539b561fe3efaa5a35596b327dcf936b191ac24be96ac30de2b7,2026-09-05 04:25:26,2026-02,TAMPINES,4 ROOM,881,TAMPINES ST 84,07 TO 09,107.00,Model A,1988,61 years 06 months,670000,0.06079271,17820,2026,881 TAMPINES ST 84 Singapore
236109,e1f0698d8e9470eb2eb511ba2589aec9348439b6ddcad398da4e021a5d6434ed,2026-09-05 04:25:26,2026-02,TAMPINES,4 ROOM,873,TAMPINES ST 84,10 TO 12,104.00,Model A,1988,61 years 10 months,627000,0.06079271,17820,2026,873 TAMPINES ST 84 Singapore
236110,a1dc89b593aaac0a991ca0d7f268c10075c811a8e194627daeb1af1b851397f2,2026-09-05 04:25:26,2026-04,TAMPINES,4 ROOM,873,TAMPINES ST 84,04 TO 06,104.00,Model A,1988,61 years 08 months,630000,0.06079271,17820,2026,873 TAMPINES ST 84 Singapore
236111,9ba79749792cc16c8d15f5051c6a38b7bb3af7970315dd606248732f61f90fcb,2026-09-05 04:25:26,2026-04,TAMPINES,4 ROOM,881,TAMPINES ST 84,07 TO 09,104.00,Model A,1988,61 years 03 months,662000,0.06079271,17820,2026,881 TAMPINES ST 84 Singapore
236112,dc47df9ee9f6eb388e2522cd8822dff324daafef7e24335e519c23fb12f947c5,2026-09-05 04:25:26,2026-06,TAMPINES,4 ROOM,877,TAMPINES ST 84,01 TO 03,104.00,Model A,1988,61 years 02 months,622000,0.06079271,17820,2026,877 TAMPINES ST 84 Singapore
236113,8c594893554c1ab1dc4e1296c9db7c7bb91d60f66b3fe73acb59cdeb58961b57,2026-09-05 04:25:26,2026-03,TAMPINES,4 ROOM,874B,TAMPINES ST 85,07 TO 09,93.00,Model A,2021,94 years 08 months,760000,0.06079271,17820,2026,874B TAMPINES ST 85 Singapore
236114,3d2d744721e3428c607da30593baf052bf6099cf78b0d9c00cc6e4aad2eff7b8,2026-09-05 04:25:26,2026-03,TAMPINES,4 ROOM,874B,TAMPINES ST 85,07 TO 09,93.00,Model A,2021,94 years 08 months,765000,0.06079271,17820,2026,874B TAMPINES ST 85 Singapore
236115,57a2edf55c72d1041719ca8437ea43133756cdb9711abda49422cf2cd963c73b,2026-09-05 04:25:26,2026-03,TAMPINES,4 ROOM,874C,TAMPINES ST 85,01 TO 03,93.00,Model A,2021,94 years 08 months,708888,0.06079271,17820,2026,874C TAMPINES ST 85 Singapore
236116,9cd826910cdaa30ae258dba78b678ee2a062b9a0eb6009ad1d62100e081b1906,2026-09-05 04:25:26,2026-04,TAMPINES,4 ROOM,874C,TAMPINES ST 85,07 TO 09,93.00,Model A,2021,94 years 07 months,770000,0.06079271,17820,2026,874C TAMPINES ST 85 Singapore
236117,d03f89d03fe4453eb62c9efc89ae4e72778e994e58a6202e955bd5342e3ab9a0,2026-09-05 04:25:26,2026-04,TAMPINES,4 ROOM,874D,TAMPINES ST 85,07 TO 09,93.00,Model A,2021,94 years 07 months,750000,0.06079271,17820,2026,874D TAMPINES ST 85 Singapore
236118,bff6a62bc12adeddd80ce22be38f94429ad494bb2d419b8c6c146f7f79f90295,2026-09-05 04:25:26,2026-04,TAMPINES,4 ROOM,874C,TAMPINES ST 85,10 TO 12,93.00,Model A,2021,94 years 07 months,785000,0.06079271,17820,2026,874C TAMPINES ST 85 Singapore
236119,beb3cf3fba563e196b34789dd65786e7809c92463cf106980e7b7f9bc555888c,2026-09-05 04:25:26,2026-04,TAMPINES,4 ROOM,874B,TAMPINES ST 85,01 TO 03,93.00,Model A,2021,94 years 07 months,720888,0.06079271,17820,2026,874B TAMPINES ST 85 Singapore
236120,e1b1c1c2ba201d03bff2bfa7fa9cd1ab2c393cd32eb0baa52456742b4cfd77af,2026-09-05 04:25:26,2026-04,TAMPINES,4 ROOM,874C,TAMPINES ST 85,10 TO 12,93.00,Model A,2021,94 years 07 months,770000,0.06079271,17820,2026,874C TAMPINES ST 85 Singapore
236121,8d789b8c44dbd8ed38938d0df3904e000e50d9a5f19b7752e9a16fc72aa332d7,2026-09-05 04:25:26,2026-04,TAMPINES,4 ROOM,874D,TAMPINES ST 85,13 TO 15,93.00,Model A,2021,94 years 07 months,796888,0.06079271,17820,2026,874D TAMPINES ST 85 Singapore
236122,88892ce61676d5de425b4185fe5f01f37d9593c8de16456ecbd185c33cc66b88,2026-09-05 04:25:26,2026-04,TAMPINES,4 ROOM,874D,TAMPINES ST 85,04 TO 06,93.00,Model A,2021,94 years 07 months,745000,0.06079271,17820,2026,874D TAMPINES ST 85 Singapore
236123,9cbd909a3f4da61222bdc43448ad7b88ca975746c5ec7cb719058b125907bf81,2026-09-05 04:25:26,2026-04,TAMPINES,4 ROOM,874D,TAMPINES ST 85,01 TO 03,93.00,Model A,2021,94 years 06 months,710000,0.06079271,17820,2026,874D TAMPINES ST 85 Singapore
236124,7a7c0d88eba6d7ceb6dfd8613065433acdbf18bdb6cb50e781e81b0a8c67dd5e,2026-09-05 04:25:26,2026-05,TAMPINES,4 ROOM,874B,TAMPINES ST 85,13 TO 15,93.00,Model A,2021,94 years 06 months,785000,0.06079271,17820,2026,874B TAMPINES ST 85 Singapore
236125,6fc85e2a9ad1f1a763d5eb9b20ea1c454415a3545850c712dc97f75a58323f3c,2026-09-05 04:25:26,2026-05,TAMPINES,4 ROOM,874B,TAMPINES ST 85,07 TO 09,93.00,Model A,2021,94 years 06 months,738000,0.06079271,17820,2026,874B TAMPINES ST 85 Singapore
236126,5bcc566cc08247eaf46b33af0a0ab4181a9947eb534219812154b378c362918a,2026-09-05 04:25:26,2026-05,TAMPINES,4 ROOM,874B,TAMPINES ST 85,04 TO 06,93.00,Model A,2021,94 years 06 months,720000,0.06079271,17820,2026,874B TAMPINES ST 85 Singapore
236127,dc7fcad871e28118c951f2aec6b74b3b6b0c78ef28cd6519779e67e08abfb697,2026-09-05 04:25:26,2026-05,TAMPINES,4 ROOM,874D,TAMPINES ST 85,13 TO 15,93.00,Model A,2021,94 years 06 months,800000,0.06079271,17820,2026,874D TAMPINES ST 85 Singapore
236128,dea6700b3bec7bdb57261ee7e212ac7c372febc1e271bfc7e4535d0cec044ccd,2026-09-05 04:25:26,2026-05,TAMPINES,4 ROOM,874B,TAMPINES ST 85,04 TO 06,93.00,Model A,2021,94 years 05 months,728000,0.06079271,17820,2026,874B TAMPINES ST 85 Singapore
236129,bd081f475521f3875b23709a583f89187fb3fed6a9653d539296e150e0ee7cca,2026-09-05 04:25:26,2026-05,TAMPINES,4 ROOM,874B,TAMPINES ST 85,10 TO 12,93.00,Model A,2021,94 years 05 months,768000,0.06079271,17820,2026,874B TAMPINES ST 85 Singapore
236130,07643e1752db1fcc848fa84941a65a0106c19b170486783f226003d123127fc1,2026-09-05 04:25:26,2026-05,TAMPINES,4 ROOM,874C,TAMPINES ST 85,04 TO 06,93.00,Model A,2021,94 years 05 months,745000,0.06079271,17820,2026,874C TAMPINES ST 85 Singapore
236131,fe09f65c8ed40eb11191a6901e839d87ccd10cb6fd7dda92ca9a0fdb776191c1,2026-09-05 04:25:26,2026-06,TAMPINES,4 ROOM,874D,TAMPINES ST 85,01 TO 03,93.00,Model A,2021,94 years 04 months,705000,0.06079271,17820,2026,874D TAMPINES ST 85 Singapore
236132,33c1ce29b1a6de0229c38d425da190580772aa6ee2195c9de0678e790dcb26d0,2026-09-05 04:25:26,2026-06,TAMPINES,4 ROOM,874D,TAMPINES ST 85,04 TO 06,93.00,Model A,2021,94 years 04 months,750000,0.06079271,17820,2026,874D TAMPINES ST 85 Singapore
236133,98f13ceab44def26702581440bd61ee86ec5180f986e358ff2ab15460955ee92,2026-09-05 04:25:26,2026-07,TAMPINES,4 ROOM,874B,TAMPINES ST 85,04 TO 06,93.00,Model A,2021,94 years 04 months,740000,0.06079271,17820,2026,874B TAMPINES ST 85 Singapore
236134,b5d2fdfdcde825776fc481fcbbeee37ede3be1ff36a39d4eab26937a9bd3cf05,2026-09-05 04:25:26,2026-07,TAMPINES,4 ROOM,874B,TAMPINES ST 85,04 TO 06,93.00,Model A,2021,94 years 04 months,738000,0.06079271,17820,2026,874B TAMPINES ST 85 Singapore
236135,d6835b58176fa01e3719ab07ad8d49d47f8865afdbfdee882a04387a789c46ed,2026-09-05 04:25:26,2026-07,TAMPINES,4 ROOM,874C,TAMPINES ST 85,10 TO 12,93.00,Model A,2021,94 years 03 months,790000,0.06079271,17820,2026,874C TAMPINES ST 85 Singapore
236136,3911f6562eea3575dad476979752ae6ec31a25f66c4b09aa86b997c68bee9fcf,2026-09-05 04:25:26,2026-07,TAMPINES,4 ROOM,874C,TAMPINES ST 85,13 TO 15,93.00,Model A,2021,94 years 03 months,805000,0.06079271,17820,2026,874C TAMPINES ST 85 Singapore
236137,510aceba947da085a66442db5db94492d804268de7cdffac5f2337f3e285b533,2026-09-05 04:25:26,2026-08,TAMPINES,4 ROOM,874B,TAMPINES ST 85,04 TO 06,93.00,Model A,2021,94 years 03 months,745000,0.06079271,17820,2026,874B TAMPINES ST 85 Singapore
236138,d9c8f6e555c5b173608fe3caeda4e47224a1b370a3887e0bdbf1fa8639daa1dc,2026-09-05 04:25:26,2026-08,TAMPINES,4 ROOM,874B,TAMPINES ST 85,04 TO 06,93.00,Model A,2021,94 years 03 months,755000,0.06079271,17820,2026,874B TAMPINES ST 85 Singapore
236139,2e76b8b14b8a8a6f7c22e827a9d708d9fccc11aa8ffab66e173b9ac5da75cfe1,2026-09-05 04:25:26,2026-08,TAMPINES,4 ROOM,874D,TAMPINES ST 85,04 TO 06,93.00,Model A,2021,94 years 03 months,745000,0.06079271,17820,2026,874D TAMPINES ST 85 Singapore
236140,dc0aade2b0d3cc7c36a3776c9e36424a0688b9a085de38fc076b41cca1d41fb7,2026-09-05 04:25:26,2026-08,TAMPINES,4 ROOM,874C,TAMPINES ST 85,01 TO 03,93.00,Model A,2021,94 years 02 months,708000,0.06079271,17820,2026,874C TAMPINES ST 85 Singapore
236141,ddcf3a0b1d527fc987f112a9c8d54be8f14a85054f5602fcd39f6b4423c0ad36,2026-09-05 04:25:26,2026-01,TAMPINES,4 ROOM,871B,TAMPINES ST 86,13 TO 15,93.00,Model A,2017,90 years 02 months,744000,0.06079271,17820,2026,871B TAMPINES ST 86 Singapore
236142,04a22302941f4e21b94bc84e62dd65fd1c2775b9098e5a44555ff46992b6a80d,2026-09-05 04:25:26,2026-01,TAMPINES,4 ROOM,871B,TAMPINES ST 86,16 TO 18,94.00,Model A,2017,90 years 02 months,745000,0.06079271,17820,2026,871B TAMPINES ST 86 Singapore
236143,5c4ac4235390c0a20eeff3ad555ef990fd34f99333ba0f70c343caf185728e74,2026-09-05 04:25:26,2026-02,TAMPINES,4 ROOM,875B,TAMPINES ST 86,04 TO 06,93.00,Model A,2021,94 years 09 months,783333,0.06079271,17820,2026,875B TAMPINES ST 86 Singapore
236144,054d2959a2631f4cafe31cdc4c24637b12c8073c918a82d1854808622ac5661c,2026-09-05 04:25:26,2026-03,TAMPINES,4 ROOM,870A,TAMPINES ST 86,04 TO 06,94.00,Model A,2017,89 years 11 months,710000,0.06079271,17820,2026,870A TAMPINES ST 86 Singapore
236145,8d2244e349b9c682c1faf2ea85ebe7eaf7b7b7fce24b3dfae195343ecc454d5d,2026-09-05 04:25:26,2026-03,TAMPINES,4 ROOM,871B,TAMPINES ST 86,16 TO 18,94.00,Model A,2017,89 years 11 months,760000,0.06079271,17820,2026,871B TAMPINES ST 86 Singapore
236146,a7e58bf94135791af4d7f986dc3cca7a5fac7ccde3761eb0ddb403f1a9536794,2026-09-05 04:25:26,2026-04,TAMPINES,4 ROOM,870A,TAMPINES ST 86,10 TO 12,94.00,Model A,2017,89 years 11 months,725000,0.06079271,17820,2026,870A TAMPINES ST 86 Singapore
236147,0914daf89a8b39e754d2c2f29d060a21a32a1a1f457ac4dd5aab88a962bb5d93,2026-09-05 04:25:26,2026-04,TAMPINES,4 ROOM,875B,TAMPINES ST 86,10 TO 12,93.00,Model A,2021,94 years 06 months,780000,0.06079271,17820,2026,875B TAMPINES ST 86 Singapore
236148,54887e10fb93a3969bc251d3288fccc4cbebdf033e982dfee345e3de280ad799,2026-09-05 04:25:26,2026-05,TAMPINES,4 ROOM,875B,TAMPINES ST 86,04 TO 06,93.00,Model A,2021,94 years 05 months,748000,0.06079271,17820,2026,875B TAMPINES ST 86 Singapore
236149,8fd43a5f621c9b4f9524a67b1fa2c4f3c06f9bd0bfb8f753ffb4e7b29153422e,2026-09-05 04:25:26,2026-05,TAMPINES,4 ROOM,875B,TAMPINES ST 86,13 TO 15,93.00,Model A,2021,94 years 05 months,810000,0.06079271,17820,2026,875B TAMPINES ST 86 Singapore
236150,60ab568c9977703452dea5a243d7233f5cf2094c4aa80b3c1e9622a2d9b94675,2026-09-05 04:25:26,2026-06,TAMPINES,4 ROOM,875B,TAMPINES ST 86,01 TO 03,93.00,Model A,2021,94 years 05 months,725000,0.06079271,17820,2026,875B TAMPINES ST 86 Singapore
236151,3b9c546dbed0ca69786f803d22610b57054da4e29b687b1f1d0927b8ddee0fd3,2026-09-05 04:25:26,2026-06,TAMPINES,4 ROOM,875B,TAMPINES ST 86,01 TO 03,93.00,Model A,2021,94 years 05 months,700000,0.06079271,17820,2026,875B TAMPINES ST 86 Singapore
236152,51499bc1d2b80993833095261958c625486b7a08abc9db68b979bed5fd89e15a,2026-09-05 04:25:26,2026-06,TAMPINES,4 ROOM,875B,TAMPINES ST 86,13 TO 15,93.00,Model A,2021,94 years 05 months,780000,0.06079271,17820,2026,875B TAMPINES ST 86 Singapore
236153,97d2fec9613e56f4350a03e773e90c0f019f87cd182920abdfbdbc499d5a8e42,2026-09-05 04:25:26,2026-07,TAMPINES,4 ROOM,871B,TAMPINES ST 86,04 TO 06,94.00,Model A,2017,89 years 08 months,720000,0.06079271,17820,2026,871B TAMPINES ST 86 Singapore
236154,3a81370643cb558c95b2b69014f5001bc6bb18fb6eaea9db92c2b6df5b9515fe,2026-09-05 04:25:26,2026-07,TAMPINES,4 ROOM,875B,TAMPINES ST 86,07 TO 09,93.00,Model A,2021,94 years 03 months,768000,0.06079271,17820,2026,875B TAMPINES ST 86 Singapore
236155,e4345862ebabb6364fcde25f1c7faf0697bbbc504c03dac2e0137ea5186abc08,2026-09-05 04:25:26,2026-08,TAMPINES,4 ROOM,875B,TAMPINES ST 86,04 TO 06,93.00,Model A,2021,94 years 03 months,748000,0.06079271,17820,2026,875B TAMPINES ST 86 Singapore
236156,e6a6c886cc7043311652b28bda52424a28cd8c6aa948b98064170c37be3003b8,2026-09-05 04:25:26,2026-01,TAMPINES,4 ROOM,914,TAMPINES ST 91,10 TO 12,104.00,Model A,1984,57 years 09 months,668000,0.06079271,17820,2026,914 TAMPINES ST 91 Singapore
236157,3804541d646343658b1566a19641814ac070420a802d8d42245598e1c8c5bc2d,2026-09-05 04:25:26,2026-02,TAMPINES,4 ROOM,921,TAMPINES ST 91,04 TO 06,103.00,Model A,1984,57 years 09 months,685000,0.06079271,17820,2026,921 TAMPINES ST 91 Singapore
236158,b5da9becd8e1afac73c66c8cc718adc17151463e79b111cf184ecf80bc9f163f,2026-09-05 04:25:26,2026-03,TAMPINES,4 ROOM,912,TAMPINES ST 91,01 TO 03,108.00,Model A,1984,57 years 07 months,620000,0.06079271,17820,2026,912 TAMPINES ST 91 Singapore
236159,76c91439dd4f1e9e1a7d80c7d53c4f17cc122070e5695f4fc40da957d794ba4d,2026-09-05 04:25:26,2026-03,TAMPINES,4 ROOM,934,TAMPINES ST 91,04 TO 06,104.00,Model A,1985,58 years,650000,0.06079271,17820,2026,934 TAMPINES ST 91 Singapore
236160,e660ee7590f055f0d04b5b33eab5862cdf42cf6072b6f3f2b7d4cc1ba21d7180,2026-09-05 04:25:26,2026-05,TAMPINES,4 ROOM,935,TAMPINES ST 91,04 TO 06,106.00,Model A,1984,57 years 05 months,630000,0.06079271,17820,2026,935 TAMPINES ST 91 Singapore
236161,07270308506d999840c91156a2965a84856970e9a4eb1904a3dbf4a57685351b,2026-09-05 04:25:26,2026-05,TAMPINES,4 ROOM,911,TAMPINES ST 91,04 TO 06,104.00,Model A,1984,57 years 03 months,625000,0.06079271,17820,2026,911 TAMPINES ST 91 Singapore
236162,be512d092d448a2b6ca5355ec0fa30290190f590544399850fdce5b8c1ac121a,2026-09-05 04:25:26,2026-05,TAMPINES,4 ROOM,910,TAMPINES ST 91,07 TO 09,104.00,Model A,1984,57 years 05 months,640000,0.06079271,17820,2026,910 TAMPINES ST 91 Singapore
236163,0874a833e55d7851a77120aa9860f05fae1d43ca879126811a62c7bdd50651c1,2026-09-05 04:25:26,2026-05,TAMPINES,4 ROOM,911,TAMPINES ST 91,04 TO 06,104.00,Model A,1984,57 years 02 months,640000,0.06079271,17820,2026,911 TAMPINES ST 91 Singapore
236164,3220eadd57b27e001ac200095e6e76cba59f5a533dd9bf3ec6f3838df140453d,2026-09-05 04:25:26,2026-05,TAMPINES,4 ROOM,911,TAMPINES ST 91,04 TO 06,104.00,Model A,1984,57 years 02 months,648888,0.06079271,17820,2026,911 TAMPINES ST 91 Singapore
236165,b205fb3bb5120b586ccc6d24899ebe6d5b28dcf09fd3af68f4b6fb6df78ab4e7,2026-09-05 04:25:26,2026-06,TAMPINES,4 ROOM,931,TAMPINES ST 91,01 TO 03,102.00,Model A,1984,57 years 04 months,625000,0.06079271,17820,2026,931 TAMPINES ST 91 Singapore
236166,f2a0beb08063a57bc457d2016b36da9f8a88837a5c123d229922fb336d3653c7,2026-09-05 04:25:26,2026-06,TAMPINES,4 ROOM,916,TAMPINES ST 91,04 TO 06,104.00,Model A,1984,57 years 04 months,628000,0.06079271,17820,2026,916 TAMPINES ST 91 Singapore
236167,0adcc8119a6cf021bf1f62219d8411415d96584da29ba8c9272c4b7bd9e6c02a,2026-09-05 04:25:26,2026-06,TAMPINES,4 ROOM,932,TAMPINES ST 91,07 TO 09,102.00,Model A,1985,58 years 07 months,660000,0.06079271,17820,2026,932 TAMPINES ST 91 Singapore
236168,0c24b1af2d78f999d2c9958756c65b5d8491871c8e1ab2ab9c3409845b5cf5d2,2026-09-05 04:25:26,2026-07,TAMPINES,4 ROOM,921,TAMPINES ST 91,07 TO 09,104.00,Model A,1984,57 years 04 months,665000,0.06079271,17820,2026,921 TAMPINES ST 91 Singapore
236169,a67de9f98a882f2f87af3d14857e29e429eaaebaded0b0f70a83d02f52c0b47f,2026-09-05 04:25:26,2026-07,TAMPINES,4 ROOM,921,TAMPINES ST 91,10 TO 12,104.00,Model A,1984,57 years 03 months,707000,0.06079271,17820,2026,921 TAMPINES ST 91 Singapore
236170,39f2223c519f982be5d03588ffc86385d13b7d622a2b08936b2a0d6fd95df17e,2026-09-05 04:25:26,2026-07,TAMPINES,4 ROOM,934,TAMPINES ST 91,07 TO 09,107.00,Model A,1985,57 years 07 months,670000,0.06079271,17820,2026,934 TAMPINES ST 91 Singapore
236171,d22d299a7c920839a55722a68b300401bbae35861e917b23f9b257d6906c9677,2026-09-05 04:25:26,2026-07,TAMPINES,4 ROOM,931,TAMPINES ST 91,04 TO 06,102.00,Model A,1984,57 years 02 months,605000,0.06079271,17820,2026,931 TAMPINES ST 91 Singapore
236172,225ccc7f96cedf5afc87ac26d00602ee79060fb2056d51eb52d770c82533dcad,2026-09-05 04:25:26,2026-08,TAMPINES,4 ROOM,911,TAMPINES ST 91,10 TO 12,104.00,Model A,1984,57 years,650000,0.06079271,17820,2026,911 TAMPINES ST 91 Singapore
236173,d53347cd52167e80c2e62f17be280203fdb3baebefaaf945cc30000ad535d6e5,2026-09-05 04:25:26,2026-08,TAMPINES,4 ROOM,924,TAMPINES ST 91,07 TO 09,104.00,Model A,1983,56 years 03 months,668000,0.06079271,17820,2026,924 TAMPINES ST 91 Singapore
236174,f768ae22a2849fdbd166a6880bb69744b2f3ad36507b8f5ec2685eeec83d96ff,2026-09-05 04:25:26,2026-08,TAMPINES,4 ROOM,921,TAMPINES ST 91,13 TO 15,104.00,Model A,1984,57 years 02 months,648000,0.06079271,17820,2026,921 TAMPINES ST 91 Singapore
236175,e0996b7898d24b9939af012328660dd7ffc2e94ceff8d7c45d3ac33da452b3bc,2026-09-05 04:25:26,2026-02,TAMPINES,5 ROOM,167A,SIMEI LANE,04 TO 06,107.00,DBSS,2011,84 years 02 months,942888,0.06079271,17820,2026,167A SIMEI LANE Singapore
236176,419e4e161b169778b5bb81481a7f2dcc5470857d5da23e0222d1b5796a5fab3c,2026-09-05 04:25:26,2026-03,TAMPINES,5 ROOM,167B,SIMEI LANE,04 TO 06,110.00,DBSS,2011,84 years,908000,0.06079271,17820,2026,167B SIMEI LANE Singapore
236177,b965d160d1734a58eb626873ad399a08ca29b2ae04dea0616531f35e543f0901,2026-09-05 04:25:26,2026-03,TAMPINES,5 ROOM,168D,SIMEI LANE,07 TO 09,107.00,DBSS,2011,84 years,940000,0.06079271,17820,2026,168D SIMEI LANE Singapore
236178,e2b0734dce440dd0f0f1b4bc8e4bdd0c0647773806cfce8dd80c7d4d540aa6cc,2026-09-05 04:25:26,2026-04,TAMPINES,5 ROOM,167A,SIMEI LANE,10 TO 12,107.00,DBSS,2011,84 years,1005000,0.06079271,17820,2026,167A SIMEI LANE Singapore
236179,a276790fb9a62ff59e936f4777399cdd4e2258cd2743e3db249e31ad2fa1ba4f,2026-09-05 04:25:26,2026-05,TAMPINES,5 ROOM,167A,SIMEI LANE,10 TO 12,111.00,DBSS,2011,83 years 11 months,990000,0.06079271,17820,2026,167A SIMEI LANE Singapore
236180,b937329fd8e6105943b2a8f44faf4d6ded613a8d4bd2a17ac63bfdd5df891395,2026-09-05 04:25:26,2026-05,TAMPINES,5 ROOM,168D,SIMEI LANE,04 TO 06,111.00,DBSS,2011,83 years 10 months,961888,0.06079271,17820,2026,168D SIMEI LANE Singapore
236181,576aacd46ded292b7066151e0a1ae2b473650fec0d0d7aeeed4337b318b63067,2026-09-05 04:25:26,2026-06,TAMPINES,5 ROOM,168D,SIMEI LANE,07 TO 09,111.00,DBSS,2011,83 years 10 months,960000,0.06079271,17820,2026,168D SIMEI LANE Singapore
236182,ffa566e8c043deafd743af8b40d6440fd660ff3bc90eda920541e13d59757730,2026-09-05 04:25:26,2026-07,TAMPINES,5 ROOM,168D,SIMEI LANE,04 TO 06,111.00,DBSS,2011,83 years 08 months,965000,0.06079271,17820,2026,168D SIMEI LANE Singapore
236183,d52ca01fdaa06c52c6e0fcf912288e36a7502e3b2f809480691fb9f83a2ab59d,2026-09-05 04:25:26,2026-01,TAMPINES,5 ROOM,160,SIMEI RD,10 TO 12,129.00,Improved,1989,62 years 05 months,800000,0.06079271,17820,2026,160 SIMEI RD Singapore
236184,60c7b8ef3e58322c3e9732db2103ef7f407380798aabb7899c0ec8acbdf50ed8,2026-09-05 04:25:26,2026-03,TAMPINES,5 ROOM,156,SIMEI RD,04 TO 06,122.00,Improved,1989,62 years,760000,0.06079271,17820,2026,156 SIMEI RD Singapore
236185,09f0dc5ca37a60fda204c967a172c78ceb2136847f7b9f2998fc7343b2b5a8c8,2026-09-05 04:25:26,2026-04,TAMPINES,5 ROOM,156,SIMEI RD,04 TO 06,122.00,Improved,1989,61 years 11 months,750000,0.06079271,17820,2026,156 SIMEI RD Singapore
236186,48a5fb45b39298985278d21a00b4efd8c3b4a310c9c99a2ea8bb5010f514048e,2026-09-05 04:25:26,2026-04,TAMPINES,5 ROOM,163,SIMEI RD,04 TO 06,122.00,Improved,1989,62 years 02 months,728000,0.06079271,17820,2026,163 SIMEI RD Singapore
236187,bf45b204a83734462c3833cae6d55dab6bd3d02278bb47bbb1181c2ee80317da,2026-09-05 04:25:26,2026-07,TAMPINES,5 ROOM,165,SIMEI RD,07 TO 09,122.00,Improved,1989,61 years 09 months,730000,0.06079271,17820,2026,165 SIMEI RD Singapore
236188,3bab771fe3dc3dd45d7a629790b54e1cbb60d105e28a658a35764149563e672b,2026-09-05 04:25:26,2026-09,TAMPINES,5 ROOM,165,SIMEI RD,10 TO 12,122.00,Improved,1989,61 years 08 months,772000,0.06079271,17820,2026,165 SIMEI RD Singapore
236189,72c6699918079e191c2ea7fc84e65705a510ec9a7ec02700315f8c8d88618303,2026-09-05 04:25:26,2026-09,TAMPINES,5 ROOM,161,SIMEI RD,01 TO 03,122.00,Improved,1989,61 years 07 months,715000,0.06079271,17820,2026,161 SIMEI RD Singapore
236190,99d8d6d099b0a817641df616e465730d047c29291dbf3007a04431ba84a22b22,2026-09-05 04:25:26,2026-01,TAMPINES,5 ROOM,135,SIMEI ST 1,10 TO 12,121.00,Improved,1988,61 years 06 months,752000,0.06079271,17820,2026,135 SIMEI ST 1 Singapore
236191,003c9655db1641c2148cf4b5aa96eba0fc91ab6975a0a67d3786f1fc06957831,2026-09-05 04:25:26,2026-01,TAMPINES,5 ROOM,126,SIMEI ST 1,07 TO 09,121.00,Improved,1988,61 years 03 months,770000,0.06079271,17820,2026,126 SIMEI ST 1 Singapore
236192,4a9bd8972ede636094d8d9ddadc9a0d8d2b0f084b8b10f2857e0857a95114298,2026-09-05 04:25:26,2026-01,TAMPINES,5 ROOM,114,SIMEI ST 1,10 TO 12,121.00,Improved,1988,61 years 01 month,755000,0.06079271,17820,2026,114 SIMEI ST 1 Singapore
236193,ec8f048793be5e921fe6265afc0755aacd78b8a29f5692372a16e777ff9a6049,2026-09-05 04:25:26,2026-01,TAMPINES,5 ROOM,126,SIMEI ST 1,07 TO 09,123.00,Improved,1988,61 years 02 months,750000,0.06079271,17820,2026,126 SIMEI ST 1 Singapore
236194,6fa973b718ca73f7d5c665b91c66ee3fdbed256b55e72749915e507e5d899636,2026-09-05 04:25:26,2026-02,TAMPINES,5 ROOM,112,SIMEI ST 1,10 TO 12,122.00,Improved,1988,61 years,788000,0.06079271,17820,2026,112 SIMEI ST 1 Singapore
236195,eec8f963c89a47d745dd473d787ec5882d674f54784f96f42caa54a32183443a,2026-09-05 04:25:26,2026-02,TAMPINES,5 ROOM,253,SIMEI ST 1,04 TO 06,119.00,Improved,1996,69 years 07 months,800000,0.06079271,17820,2026,253 SIMEI ST 1 Singapore
236196,8a370b61e819c8620e93c59cdcacd9dbcc977cb63c7978e5e959701b5efd3804,2026-09-05 04:25:26,2026-02,TAMPINES,5 ROOM,113,SIMEI ST 1,04 TO 06,122.00,Improved,1988,61 years 01 month,695000,0.06079271,17820,2026,113 SIMEI ST 1 Singapore
236197,29412fc89c64cdbe2abbc63b61f65f26265354e4168500ab00bc8c9826ad7bea,2026-09-05 04:25:26,2026-03,TAMPINES,5 ROOM,255,SIMEI ST 1,10 TO 12,118.00,Improved,1996,69 years 07 months,888000,0.06079271,17820,2026,255 SIMEI ST 1 Singapore
236198,251f764d85fecf37603838a3491405837eac7ac9d3d09881c05d873081e87f1b,2026-09-05 04:25:26,2026-04,TAMPINES,5 ROOM,138,SIMEI ST 1,10 TO 12,122.00,Improved,1988,61 years 04 months,750000,0.06079271,17820,2026,138 SIMEI ST 1 Singapore
236199,6a68c8a76fb0ad03db917d6a96a846cba2e87fc9607685fcf53351ca87fa3d9f,2026-09-05 04:25:26,2026-04,TAMPINES,5 ROOM,120,SIMEI ST 1,07 TO 09,128.00,Improved,1988,61 years 03 months,760000,0.06079271,17820,2026,120 SIMEI ST 1 Singapore
236200,f6a4fa5c51123deb16184ebac6ff966e092dba0973529b6fbeac9dc1740181fc,2026-09-05 04:25:26,2026-04,TAMPINES,5 ROOM,150,SIMEI ST 1,07 TO 09,122.00,Improved,1987,60 years 09 months,738000,0.06079271,17820,2026,150 SIMEI ST 1 Singapore
236201,0b23a22b9048f87305b1f039ad8ef3e0bd888c6527af6d20dd394360f638f207,2026-09-05 04:25:26,2026-05,TAMPINES,5 ROOM,154,SIMEI ST 1,07 TO 09,122.00,Improved,1988,60 years 11 months,775000,0.06079271,17820,2026,154 SIMEI ST 1 Singapore
236202,da7835980ac6b5a1cc42d4d4e3cbb51ffd92f456d4f4ba5db398fc6411fc5664,2026-09-05 04:25:26,2026-05,TAMPINES,5 ROOM,126,SIMEI ST 1,01 TO 03,122.00,Improved,1988,60 years 11 months,700000,0.06079271,17820,2026,126 SIMEI ST 1 Singapore
236203,1ee8d13fea19a05211e183c73b3edb8a1f4ba5a93dd5885b59eee6fb7c1b7eff,2026-09-05 04:25:26,2026-05,TAMPINES,5 ROOM,150,SIMEI ST 1,01 TO 03,122.00,Improved,1987,60 years 08 months,725000,0.06079271,17820,2026,150 SIMEI ST 1 Singapore
236204,ce32a4de7a31c00cd4c9d4d1f7c95a5ff9b7f642204fb0e27cadadbc4b90a750,2026-09-05 04:25:26,2026-05,TAMPINES,5 ROOM,107,SIMEI ST 1,01 TO 03,122.00,Improved,1988,61 years 07 months,665000,0.06079271,17820,2026,107 SIMEI ST 1 Singapore
236205,d673eeb515e179c1d0ec54369a08c79687709085ce1c528f0c77c60168ab6317,2026-09-05 04:25:26,2026-05,TAMPINES,5 ROOM,106,SIMEI ST 1,04 TO 06,122.00,Improved,1988,61 years 05 months,753000,0.06079271,17820,2026,106 SIMEI ST 1 Singapore
236206,d22831d9f31b427176f320da0aeb3091bf8c7e58900453352e9a732b8150906b,2026-09-05 04:25:26,2026-06,TAMPINES,5 ROOM,122,SIMEI ST 1,04 TO 06,122.00,Improved,1988,60 years 10 months,700000,0.06079271,17820,2026,122 SIMEI ST 1 Singapore
236207,edc6655fcccffc661c729846479191b8d50b77d6292baa0a10ff2016b33f072c,2026-09-05 04:25:26,2026-06,TAMPINES,5 ROOM,117,SIMEI ST 1,07 TO 09,121.00,Improved,1988,60 years 11 months,750000,0.06079271,17820,2026,117 SIMEI ST 1 Singapore
236208,91c0a51351c7db595b1db53f730852b19f0672251af602d4ef5157b735931227,2026-09-05 04:25:26,2026-06,TAMPINES,5 ROOM,135,SIMEI ST 1,07 TO 09,123.00,Improved,1988,61 years 01 month,830888,0.06079271,17820,2026,135 SIMEI ST 1 Singapore
236209,c914c3e282f0b496c5184e78dde4e02d97ee25be8052b1dcea9d67dbafb5710b,2026-09-05 04:25:26,2026-07,TAMPINES,5 ROOM,102,SIMEI ST 1,07 TO 09,122.00,Improved,1988,61 years 05 months,783558,0.06079271,17820,2026,102 SIMEI ST 1 Singapore
236210,05344cdf964877374ca4cd9f302468e48d28685ce67332d137a6f53bf5a37845,2026-09-05 04:25:26,2026-07,TAMPINES,5 ROOM,122,SIMEI ST 1,04 TO 06,123.00,Improved,1988,60 years 09 months,735000,0.06079271,17820,2026,122 SIMEI ST 1 Singapore
236211,e2d3509b31432db9dc63df28f38c100091cd739ce9d212ce8f5e8316d8029ef1,2026-09-05 04:25:26,2026-08,TAMPINES,5 ROOM,137,SIMEI ST 1,07 TO 09,122.00,Improved,1988,61 years 01 month,768000,0.06079271,17820,2026,137 SIMEI ST 1 Singapore
236212,8eb8837aca956cf233d42996201561973189a46ae36f466d5bf1d5b9a4bb7da9,2026-09-05 04:25:26,2026-08,TAMPINES,5 ROOM,112,SIMEI ST 1,07 TO 09,123.00,Improved,1988,60 years 06 months,750000,0.06079271,17820,2026,112 SIMEI ST 1 Singapore
236213,37775cd33ca9c0f7ac12ab6f71c2e9ca7f7026aeb215de3f269c4a81bc2e8c7b,2026-09-05 04:25:26,2026-03,TAMPINES,5 ROOM,141,SIMEI ST 2,07 TO 09,128.00,Improved,1989,61 years 10 months,788000,0.06079271,17820,2026,141 SIMEI ST 2 Singapore
236214,3544ab7e32290df2481944d3b59b55428465628eb77d4b6927fade1e0eeeee20,2026-09-05 04:25:26,2026-07,TAMPINES,5 ROOM,142,SIMEI ST 2,04 TO 06,121.00,Improved,1988,60 years 09 months,730000,0.06079271,17820,2026,142 SIMEI ST 2 Singapore
236215,65a84a40a680b463a83296e0176c6c466164d088cbc50e84973c56bf0608ffa3,2026-09-05 04:25:26,2026-06,TAMPINES,5 ROOM,228,SIMEI ST 4,07 TO 09,122.00,Improved,1988,61 years 01 month,780000,0.06079271,17820,2026,228 SIMEI ST 4 Singapore
236216,22763226c64ace95aaa485a3b4cfd9a8a4a133eba01435341d694570a7c3b235,2026-09-05 04:25:26,2026-07,TAMPINES,5 ROOM,234,SIMEI ST 4,04 TO 06,122.00,Improved,1988,61 years 01 month,755000,0.06079271,17820,2026,234 SIMEI ST 4 Singapore
236217,9a5f86f2850de726884c1656191e6e2c26c7701e027798dd75aa3ab1c848ba3b,2026-09-05 04:25:26,2026-07,TAMPINES,5 ROOM,223,SIMEI ST 4,01 TO 03,122.00,Improved,1988,61 years,718888,0.06079271,17820,2026,223 SIMEI ST 4 Singapore
236218,5a05337344f1422183f92516de42e418a86e9eb8e454081062e53cd96bf2b326,2026-09-05 04:25:26,2026-05,TAMPINES,5 ROOM,243,SIMEI ST 5,07 TO 09,121.00,Improved,1997,69 years 11 months,860000,0.06079271,17820,2026,243 SIMEI ST 5 Singapore
236219,81d450fd083feb0ecdb5a061e5998776b888c74e3e51b065731388e24be72eb8,2026-09-05 04:25:26,2026-03,TAMPINES,5 ROOM,945,TAMPINES AVE 4,10 TO 12,128.00,Improved,1988,61 years 05 months,900888,0.06079271,17820,2026,945 TAMPINES AVE 4 Singapore
236220,49c42ee73dc8e12a8f899ff95a3afdee6dd253f25b85fadb43047f80838dbde2,2026-09-05 04:25:26,2026-04,TAMPINES,5 ROOM,945,TAMPINES AVE 4,01 TO 03,122.00,Improved,1988,61 years 04 months,800000,0.06079271,17820,2026,945 TAMPINES AVE 4 Singapore
236221,f98f5faf4293bf82d45cc37967f44261a1f0fa81b27d41cede3bf46082713582,2026-09-05 04:25:26,2026-04,TAMPINES,5 ROOM,815,TAMPINES AVE 4,01 TO 03,121.00,Improved,1985,57 years 11 months,750000,0.06079271,17820,2026,815 TAMPINES AVE 4 Singapore
236222,8ef85a8fb9b0142271076fc4fd28b800486dc6478a3d277f3cffbe3c531237e5,2026-09-05 04:25:26,2026-07,TAMPINES,5 ROOM,815,TAMPINES AVE 4,01 TO 03,121.00,Improved,1985,57 years 09 months,700000,0.06079271,17820,2026,815 TAMPINES AVE 4 Singapore
236223,d4aa3d80414e3043cb012d1bfc245c77e3ad2effaab4be8471664875f1127bb1,2026-09-05 04:25:26,2026-02,TAMPINES,5 ROOM,861,TAMPINES AVE 5,13 TO 15,122.00,Improved,1988,61 years 06 months,810000,0.06079271,17820,2026,861 TAMPINES AVE 5 Singapore
236224,4516d5826bf579243e5ce984f9866a8d66774ed12360ac45b73e03894a1d783d,2026-09-05 04:25:26,2026-03,TAMPINES,5 ROOM,859,TAMPINES AVE 5,07 TO 09,122.00,Improved,1988,61 years 05 months,813000,0.06079271,17820,2026,859 TAMPINES AVE 5 Singapore
236225,733c23ccb2599c6cfe1ebef7fa18ab2d01d1ff538d789d0112a9debba48c1ad7,2026-09-05 04:25:26,2026-03,TAMPINES,5 ROOM,861,TAMPINES AVE 5,04 TO 06,122.00,Improved,1988,61 years 05 months,820000,0.06079271,17820,2026,861 TAMPINES AVE 5 Singapore
236226,186803bf43345a51c21a635ac279ac41c2a371aa093ba54de5d33ebe20f74884,2026-09-05 04:25:26,2026-01,TAMPINES,5 ROOM,390,TAMPINES AVE 7,07 TO 09,124.00,Improved,1994,67 years 02 months,808000,0.06079271,17820,2026,390 TAMPINES AVE 7 Singapore
236227,5a2d186b371ae1be3421bb9fed8949a98823b91c16e84e6471846a05d2e81f38,2026-09-05 04:25:26,2026-02,TAMPINES,5 ROOM,395,TAMPINES AVE 7,04 TO 06,121.00,Improved,1994,67 years 10 months,822000,0.06079271,17820,2026,395 TAMPINES AVE 7 Singapore
236228,cb465a0790b56da8864d534e6070003a32d4839c50eafe2ebc6a37cc4e0b343f,2026-09-05 04:25:26,2026-02,TAMPINES,5 ROOM,391,TAMPINES AVE 7,04 TO 06,137.00,Model A,1994,67 years 02 months,830000,0.06079271,17820,2026,391 TAMPINES AVE 7 Singapore
236229,c867f166528ea42282ca622575dc7419879254470bebdb860d248af8d9596b97,2026-09-05 04:25:26,2026-02,TAMPINES,5 ROOM,390,TAMPINES AVE 7,10 TO 12,124.00,Improved,1994,67 years 02 months,835000,0.06079271,17820,2026,390 TAMPINES AVE 7 Singapore
236230,f55883851152dfba36173b97306c2d0132d85542334e9978be1ccf356a81960d,2026-09-05 04:25:26,2026-04,TAMPINES,5 ROOM,393,TAMPINES AVE 7,04 TO 06,121.00,Improved,1994,67 years 08 months,808000,0.06079271,17820,2026,393 TAMPINES AVE 7 Singapore
236231,d92a240029ba0b41d6e7ded0d935ec4a823b5b5349f1ccbb657e238d5f2c5807,2026-09-05 04:25:26,2026-05,TAMPINES,5 ROOM,394,TAMPINES AVE 7,04 TO 06,127.00,Improved,1994,67 years 07 months,845000,0.06079271,17820,2026,394 TAMPINES AVE 7 Singapore
236232,c697fd8934448b031b48fcb8dc6410e9f6aec6292cb4af9fc937236bc85dace3,2026-09-05 04:25:26,2026-08,TAMPINES,5 ROOM,393,TAMPINES AVE 7,04 TO 06,127.00,Improved,1994,67 years 04 months,848000,0.06079271,17820,2026,393 TAMPINES AVE 7 Singapore
236233,2f009865c29e2bb2aeaf1faed6b4e75c825c74e1e50f3498b5803695535620ad,2026-09-05 04:25:26,2026-08,TAMPINES,5 ROOM,393,TAMPINES AVE 7,10 TO 12,127.00,Improved,1994,67 years 03 months,838000,0.06079271,17820,2026,393 TAMPINES AVE 7 Singapore
236234,5ae1f55b10941245b12e829ef33735af61a23cdd2c2da5d143ec8a5bcb505fc0,2026-09-05 04:25:26,2026-01,TAMPINES,5 ROOM,876C,TAMPINES AVE 8,10 TO 12,113.00,Improved,2021,94 years 10 months,955000,0.06079271,17820,2026,876C TAMPINES AVE 8 Singapore
236235,f0aaa419d7fe06ebc90af2eb761095b762fa250a47fc2b4442b7a8348dc92e8e,2026-09-05 04:25:26,2026-02,TAMPINES,5 ROOM,876C,TAMPINES AVE 8,04 TO 06,113.00,Improved,2021,94 years 09 months,938000,0.06079271,17820,2026,876C TAMPINES AVE 8 Singapore
236236,a439df5dda33c4d1d1efed376cc55519c14d4b402c07e7642d18050e002900fb,2026-09-05 04:25:26,2026-02,TAMPINES,5 ROOM,876A,TAMPINES AVE 8,10 TO 12,113.00,Improved,2021,94 years 08 months,991000,0.06079271,17820,2026,876A TAMPINES AVE 8 Singapore
236237,99bf277cac685a7f8cd791bf28df80c1452bdd4d23338a33f449b81aa5093f1a,2026-09-05 04:25:26,2026-03,TAMPINES,5 ROOM,876C,TAMPINES AVE 8,04 TO 06,113.00,Improved,2021,94 years 08 months,908000,0.06079271,17820,2026,876C TAMPINES AVE 8 Singapore
236238,a462b1e769757877920433444aeda9dde08e8c4cc93d85ec2178c917bd3779e8,2026-09-05 04:25:26,2026-03,TAMPINES,5 ROOM,876C,TAMPINES AVE 8,07 TO 09,113.00,Improved,2021,94 years 07 months,890000,0.06079271,17820,2026,876C TAMPINES AVE 8 Singapore
236239,66ce16568eda64a8d761bf05edf462b1ddc66a420b79912407e2321734eb9e50,2026-09-05 04:25:26,2026-03,TAMPINES,5 ROOM,876C,TAMPINES AVE 8,01 TO 03,113.00,Improved,2021,94 years 07 months,865000,0.06079271,17820,2026,876C TAMPINES AVE 8 Singapore
236240,e541e185269bc1e9660a63a333779dd35dcc28f1765128ba8bd29761f3c08034,2026-09-05 04:25:26,2026-04,TAMPINES,5 ROOM,880,TAMPINES AVE 8,04 TO 06,122.00,Improved,1988,61 years 01 month,720000,0.06079271,17820,2026,880 TAMPINES AVE 8 Singapore
236241,b2cf848630211564537d6cfcf7c14d7140fa1ac11057d39a93c3e991387b32e5,2026-09-05 04:25:26,2026-04,TAMPINES,5 ROOM,876C,TAMPINES AVE 8,01 TO 03,113.00,Improved,2021,94 years 07 months,850000,0.06079271,17820,2026,876C TAMPINES AVE 8 Singapore
236242,41c55c8be5ff23a998c47fa936b1086d45f1d39765838ad966bc01db0b2a6bc5,2026-09-05 04:25:26,2026-04,TAMPINES,5 ROOM,876A,TAMPINES AVE 8,04 TO 06,113.00,Improved,2021,94 years 06 months,900000,0.06079271,17820,2026,876A TAMPINES AVE 8 Singapore
236243,2fe7f93ccb34769ada2e6741092d32b6d8b18afc47092a2272ba42e6fcda5649,2026-09-05 04:25:26,2026-04,TAMPINES,5 ROOM,876C,TAMPINES AVE 8,10 TO 12,113.00,Improved,2021,94 years 06 months,995000,0.06079271,17820,2026,876C TAMPINES AVE 8 Singapore
236244,a3e62ba526ac2beb8b223522ab9f60a5071da341011667961606d008f3d4064f,2026-09-05 04:25:26,2026-05,TAMPINES,5 ROOM,876C,TAMPINES AVE 8,01 TO 03,113.00,Improved,2021,94 years 06 months,828000,0.06079271,17820,2026,876C TAMPINES AVE 8 Singapore
236245,ed6016a40f589584e2be1d3ebb55bc5b7f4b6290f1273c979e99f944d6d4cf6d,2026-09-05 04:25:26,2026-05,TAMPINES,5 ROOM,876C,TAMPINES AVE 8,04 TO 06,113.00,Improved,2021,94 years 05 months,892888,0.06079271,17820,2026,876C TAMPINES AVE 8 Singapore
236246,6477fe81e31ec33dfc05c5b133b52fd618213059114616424a0df65008f08e0e,2026-09-05 04:25:26,2026-06,TAMPINES,5 ROOM,876A,TAMPINES AVE 8,10 TO 12,113.00,Improved,2021,94 years 05 months,1010000,0.06079271,17820,2026,876A TAMPINES AVE 8 Singapore
236247,3e20f5794dd4e440ec27dc967aa5e04145e9ed7660345c12ea3ab5a3dd411e89,2026-09-05 04:25:26,2026-06,TAMPINES,5 ROOM,880A,TAMPINES AVE 8,01 TO 03,122.00,Improved,1988,60 years 11 months,710000,0.06079271,17820,2026,880A TAMPINES AVE 8 Singapore
236248,4e7c4dea1776cef4bff7d989f75a48a4a95375d4b4aca6347b1c89027b7ac3c8,2026-09-05 04:25:26,2026-06,TAMPINES,5 ROOM,876A,TAMPINES AVE 8,04 TO 06,113.00,Improved,2021,94 years 05 months,882000,0.06079271,17820,2026,876A TAMPINES AVE 8 Singapore
236249,85aadf07ef33fe5fc36301a4c2bcff9efd4ad4f8cd838b6bf8778476fc4c82e1,2026-09-05 04:25:26,2026-06,TAMPINES,5 ROOM,876C,TAMPINES AVE 8,10 TO 12,113.00,Improved,2021,94 years 05 months,970000,0.06079271,17820,2026,876C TAMPINES AVE 8 Singapore
236250,0bd475db434a11106615707e56820a436a2f05ca1434ad80dc787b3c62410d27,2026-09-05 04:25:26,2026-07,TAMPINES,5 ROOM,876C,TAMPINES AVE 8,01 TO 03,113.00,Improved,2021,94 years 04 months,868000,0.06079271,17820,2026,876C TAMPINES AVE 8 Singapore
236251,41fb8b4d0d6e344fdb6db1c53d5849fb13ca8199cee5b4e573b6ff72e4da966d,2026-09-05 04:25:26,2026-08,TAMPINES,5 ROOM,876C,TAMPINES AVE 8,07 TO 09,113.00,Improved,2021,94 years 03 months,898000,0.06079271,17820,2026,876C TAMPINES AVE 8 Singapore
236252,51e098ff54b6cd58940d8bcd2fa11da188f248e3f32fb162eca774f24bd78109,2026-09-05 04:25:26,2026-08,TAMPINES,5 ROOM,876C,TAMPINES AVE 8,01 TO 03,113.00,Improved,2021,94 years 03 months,829000,0.06079271,17820,2026,876C TAMPINES AVE 8 Singapore
236253,aacd15410723d8831eb517a0e092c013c28a92449bec52aecdc68750b925dcd9,2026-09-05 04:25:26,2026-08,TAMPINES,5 ROOM,876C,TAMPINES AVE 8,01 TO 03,113.00,Improved,2021,94 years 02 months,818000,0.06079271,17820,2026,876C TAMPINES AVE 8 Singapore
236254,905d6ea2323887a32795625524c6279eb7150e4bcc5236bacee08240e22dacfe,2026-09-05 04:25:26,2026-01,TAMPINES,5 ROOM,485A,TAMPINES AVE 9,10 TO 12,125.00,Improved,1993,66 years 09 months,765000,0.06079271,17820,2026,485A TAMPINES AVE 9 Singapore
236255,fcccd105286422547857bd5608119bcf49fd6231dbb8e92dad6673db7ba392bc,2026-09-05 04:25:26,2026-01,TAMPINES,5 ROOM,485A,TAMPINES AVE 9,01 TO 03,125.00,Improved,1993,66 years 09 months,720000,0.06079271,17820,2026,485A TAMPINES AVE 9 Singapore
236256,dd55cf4bd015eb83838a5072f62ffcfb9611485cec3a7c963b894860aeab8b16,2026-09-05 04:25:26,2026-02,TAMPINES,5 ROOM,486C,TAMPINES AVE 9,07 TO 09,127.00,Improved,1993,66 years 08 months,770000,0.06079271,17820,2026,486C TAMPINES AVE 9 Singapore
236257,83ff7000558e14fa8f39ee4842ff4691ef8c5946fcd8cdddb1278b51d2b82178,2026-09-05 04:25:26,2026-02,TAMPINES,5 ROOM,604B,TAMPINES AVE 9,16 TO 18,119.00,3Gen,2020,93 years,880000,0.06079271,17820,2026,604B TAMPINES AVE 9 Singapore
236258,4249a0feea7d5f81a28ffabbf895270853bc72b29dce6f7882fd7b5c4ed43bd4,2026-09-05 04:25:26,2026-03,TAMPINES,5 ROOM,491A,TAMPINES AVE 9,07 TO 09,124.00,Improved,1993,66 years 04 months,785000,0.06079271,17820,2026,491A TAMPINES AVE 9 Singapore
236259,83a1c640caeb14501fcc248359ae2d7f2d0fb095a1464b495cd3ea97248df6fb,2026-09-05 04:25:26,2026-03,TAMPINES,5 ROOM,604B,TAMPINES AVE 9,10 TO 12,112.00,Improved,2020,92 years 11 months,910000,0.06079271,17820,2026,604B TAMPINES AVE 9 Singapore
236260,170599fe5cd4c19f52cc4898b5544ef985bed74f2379f4c1647f0c46fba86d8b,2026-09-05 04:25:26,2026-04,TAMPINES,5 ROOM,601C,TAMPINES AVE 9,04 TO 06,112.00,Improved,2020,92 years 11 months,880000,0.06079271,17820,2026,601C TAMPINES AVE 9 Singapore
236261,f16fe0a6e9873ce978b9796ac64b5d9c8c7d29441f3d4d42b08db6a56220832e,2026-09-05 04:25:26,2026-05,TAMPINES,5 ROOM,493A,TAMPINES AVE 9,04 TO 06,125.00,Improved,1993,66 years 03 months,710000,0.06079271,17820,2026,493A TAMPINES AVE 9 Singapore
236262,16e26377d3f19cf45e95d01b9db2ce99b98b3d709890aa947a2cfebd6a2fb53a,2026-09-05 04:25:26,2026-05,TAMPINES,5 ROOM,486A,TAMPINES AVE 9,07 TO 09,126.00,Improved,1993,66 years 05 months,760000,0.06079271,17820,2026,486A TAMPINES AVE 9 Singapore
236263,85c45af5ba94ca3149b0f093c20563faf92d1751bb59ec11c684eb1bc0ea9674,2026-09-05 04:25:26,2026-05,TAMPINES,5 ROOM,488A,TAMPINES AVE 9,07 TO 09,121.00,Improved,1989,61 years 11 months,740000,0.06079271,17820,2026,488A TAMPINES AVE 9 Singapore
236264,6d9e2aa075eed979c227fa1fe44431522efa367321eb0a60402b1a6c9a3c7128,2026-09-05 04:25:26,2026-06,TAMPINES,5 ROOM,601C,TAMPINES AVE 9,10 TO 12,112.00,Improved,2020,92 years 09 months,948000,0.06079271,17820,2026,601C TAMPINES AVE 9 Singapore
236265,67998fa95c2089be95d7938ca6376790cc7789a9495e097459fee62452ac6411,2026-09-05 04:25:26,2026-06,TAMPINES,5 ROOM,601D,TAMPINES AVE 9,04 TO 06,112.00,Improved,2020,92 years 09 months,878888,0.06079271,17820,2026,601D TAMPINES AVE 9 Singapore
236266,a3de4f019b36b326454a54ec3dd78327e7fc6e3c5f63edc076e09c254db15333,2026-09-05 04:25:26,2026-06,TAMPINES,5 ROOM,488A,TAMPINES AVE 9,04 TO 06,121.00,Improved,1989,61 years 10 months,730000,0.06079271,17820,2026,488A TAMPINES AVE 9 Singapore
236267,570e6d2f352bf5e5a510e02a8f0fe9f75a2dcd43056d068586b7f477ef4bc5e1,2026-09-05 04:25:26,2026-07,TAMPINES,5 ROOM,486A,TAMPINES AVE 9,07 TO 09,127.00,Improved,1993,66 years 03 months,735000,0.06079271,17820,2026,486A TAMPINES AVE 9 Singapore
236268,0c35a61d1113cdd4ad2d805026be0c91f8658ac00fdb0dff2436eb61ff4694e4,2026-09-05 04:25:26,2026-07,TAMPINES,5 ROOM,496D,TAMPINES AVE 9,07 TO 09,124.00,Improved,1993,66 years 01 month,793000,0.06079271,17820,2026,496D TAMPINES AVE 9 Singapore
236269,7abe56b4b387175fc008f1bda88977dbe747d78cc30f6e16ce0079c23692ede6,2026-09-05 04:25:26,2026-07,TAMPINES,5 ROOM,494B,TAMPINES AVE 9,04 TO 06,120.00,Improved,1993,66 years 01 month,720000,0.06079271,17820,2026,494B TAMPINES AVE 9 Singapore
236270,a941f9993bdc753983ffa0798b3d6cc6b32192f3a185031926fcc3b9ce3b1d6d,2026-09-05 04:25:26,2026-07,TAMPINES,5 ROOM,493A,TAMPINES AVE 9,07 TO 09,128.00,Improved,1993,65 years 11 months,780000,0.06079271,17820,2026,493A TAMPINES AVE 9 Singapore
236271,b3722813e16bb55635b28fddb769a56fb5bc6930799d1befd1f08cd9a270cef0,2026-09-05 04:25:26,2026-07,TAMPINES,5 ROOM,486B,TAMPINES AVE 9,07 TO 09,124.00,Improved,1993,66 years 02 months,730000,0.06079271,17820,2026,486B TAMPINES AVE 9 Singapore
236272,63300a5a14340663410271481e54c39d26cd5a38e13dc841f4c7da2defde62c6,2026-09-05 04:25:26,2026-07,TAMPINES,5 ROOM,486A,TAMPINES AVE 9,07 TO 09,126.00,Improved,1993,66 years 02 months,765000,0.06079271,17820,2026,486A TAMPINES AVE 9 Singapore
236273,7001eb2e954dc6ee34216068ea27ad0cda8a51c37a10b11044f24f1a94fbbf14,2026-09-05 04:25:26,2026-08,TAMPINES,5 ROOM,601D,TAMPINES AVE 9,10 TO 12,112.00,Improved,2020,92 years 07 months,938555,0.06079271,17820,2026,601D TAMPINES AVE 9 Singapore
236274,a00fb6458e7686fe0f00e14411552a5d120bbd7e887e7e44dd12608c3d957617,2026-09-05 04:25:26,2026-08,TAMPINES,5 ROOM,604B,TAMPINES AVE 9,04 TO 06,119.00,3Gen,2020,92 years 07 months,845000,0.06079271,17820,2026,604B TAMPINES AVE 9 Singapore
236275,c4349302e4598b4f4fc19d06bf41f0b38c4995c2eb12fc7a87d8cc9eb4ded4e2,2026-09-05 04:25:26,2026-08,TAMPINES,5 ROOM,493B,TAMPINES AVE 9,10 TO 12,123.00,Improved,1993,65 years 11 months,800000,0.06079271,17820,2026,493B TAMPINES AVE 9 Singapore
236276,5bcc985253232b652d5173168a58bccd227975a97e8aad70bb3760c6557d3ec2,2026-09-05 04:25:26,2026-08,TAMPINES,5 ROOM,604B,TAMPINES AVE 9,07 TO 09,119.00,3Gen,2020,92 years 06 months,850888,0.06079271,17820,2026,604B TAMPINES AVE 9 Singapore
236277,e2270a83366ce1ebecd53c536c47e97e37482ce8a026642bdf985ede47c5a953,2026-09-05 04:25:26,2026-08,TAMPINES,5 ROOM,491A,TAMPINES AVE 9,10 TO 12,126.00,Improved,1993,65 years 11 months,785000,0.06079271,17820,2026,491A TAMPINES AVE 9 Singapore
236278,6550cc172f71955311d56d5802f9ac75f8e5bbbd5cc469e139d9f427b5f68588,2026-09-05 04:25:26,2026-08,TAMPINES,5 ROOM,496D,TAMPINES AVE 9,10 TO 12,127.00,Improved,1993,65 years 11 months,750000,0.06079271,17820,2026,496D TAMPINES AVE 9 Singapore
236279,0d30ff93987d9ede74078743c5667df5eceaa7960cff641d23b85649d5fbc9e1,2026-09-05 04:25:26,2026-01,TAMPINES,5 ROOM,522B,TAMPINES CTRL 7,13 TO 15,113.00,Improved,2015,88 years 08 months,982000,0.06079271,17820,2026,522B TAMPINES CTRL 7 Singapore
236280,52c4566e3ef856214c0c169afdf2a5fae198209eba445e94f36bbae3b9c33d30,2026-09-05 04:25:26,2026-01,TAMPINES,5 ROOM,518D,TAMPINES CTRL 7,16 TO 18,110.00,DBSS,2008,82 years,1010000,0.06079271,17820,2026,518D TAMPINES CTRL 7 Singapore
236281,77ddc42c21f33b3e4f077ca64c2ebb873e3407aae933f66b6d1455cbb512c3dc,2026-09-05 04:25:26,2026-01,TAMPINES,5 ROOM,515C,TAMPINES CTRL 7,16 TO 18,109.00,DBSS,2008,82 years,1050000,0.06079271,17820,2026,515C TAMPINES CTRL 7 Singapore
236282,98d21aa2c428a8fdca8c1d5981b77a49ed6996cfd0a30d318f47231ebd7ebe19,2026-09-05 04:25:26,2026-02,TAMPINES,5 ROOM,522B,TAMPINES CTRL 7,10 TO 12,113.00,Improved,2015,88 years 07 months,999000,0.06079271,17820,2026,522B TAMPINES CTRL 7 Singapore
236283,0f0561c140f0af2ca82b279df39d6c294fcfde778d1955d3fba7843710f23e1d,2026-09-05 04:25:26,2026-02,TAMPINES,5 ROOM,518C,TAMPINES CTRL 7,10 TO 12,107.00,DBSS,2008,81 years 11 months,936000,0.06079271,17820,2026,518C TAMPINES CTRL 7 Singapore
236284,6f45449a1e01584691ef0a146037541e5a62509e286a1995cae4dfd5c23b3591,2026-09-05 04:25:26,2026-02,TAMPINES,5 ROOM,524A,TAMPINES CTRL 7,04 TO 06,113.00,Improved,2015,88 years 06 months,953888,0.06079271,17820,2026,524A TAMPINES CTRL 7 Singapore
236285,0b149ed5a0120c50e3c9ca6b9d011d77842203a258f4ddf9d683431860685a52,2026-09-05 04:25:26,2026-03,TAMPINES,5 ROOM,515C,TAMPINES CTRL 7,01 TO 03,105.00,DBSS,2008,81 years 11 months,720000,0.06079271,17820,2026,515C TAMPINES CTRL 7 Singapore
236286,a18618df8e70f48224a757e02e5447ed6018c8a3e08ac2c7f55ca3312c9f485d,2026-09-05 04:25:26,2026-03,TAMPINES,5 ROOM,522B,TAMPINES CTRL 7,04 TO 06,113.00,Improved,2015,88 years 05 months,923000,0.06079271,17820,2026,522B TAMPINES CTRL 7 Singapore
236287,e25c0f3d6a9d7e707ebe73673294eb16eb3036a91a742e14c1fd806d27e9eae5,2026-09-05 04:25:26,2026-03,TAMPINES,5 ROOM,515A,TAMPINES CTRL 7,01 TO 03,110.00,DBSS,2008,81 years 10 months,935000,0.06079271,17820,2026,515A TAMPINES CTRL 7 Singapore
236288,fa374a707d269ba6b0c860749b65e53501af90e43dc1d06c5fca50fa846ff8bf,2026-09-05 04:25:26,2026-04,TAMPINES,5 ROOM,515C,TAMPINES CTRL 7,07 TO 09,107.00,DBSS,2008,81 years 09 months,958000,0.06079271,17820,2026,515C TAMPINES CTRL 7 Singapore
236289,f8b5d335e8a55216093e201dbd73587487b51f1c5fc886421407983bc0ae9f8c,2026-09-05 04:25:26,2026-04,TAMPINES,5 ROOM,515B,TAMPINES CTRL 7,10 TO 12,114.00,DBSS,2008,81 years 09 months,1060000,0.06079271,17820,2026,515B TAMPINES CTRL 7 Singapore
236290,d8298d6796fc922ff52c3c38cb3bfc2c1bf9410528cc99e074c3ed148701c3b1,2026-09-05 04:25:26,2026-04,TAMPINES,5 ROOM,522B,TAMPINES CTRL 7,10 TO 12,113.00,Improved,2015,88 years 05 months,990000,0.06079271,17820,2026,522B TAMPINES CTRL 7 Singapore
236291,471ca73b61135f081d74b63fd4e0f33014e5b785aec4d1e558a51776b37dc91a,2026-09-05 04:25:26,2026-05,TAMPINES,5 ROOM,524A,TAMPINES CTRL 7,16 TO 18,113.00,Improved,2015,88 years 04 months,1030000,0.06079271,17820,2026,524A TAMPINES CTRL 7 Singapore
236292,30a1b93d93a3d4d760dd491e34e6c0ef15aafd8f5423041844de884afeb688ec,2026-09-05 04:25:26,2026-05,TAMPINES,5 ROOM,515B,TAMPINES CTRL 7,04 TO 06,107.00,DBSS,2008,81 years 09 months,955000,0.06079271,17820,2026,515B TAMPINES CTRL 7 Singapore
236293,eb028ed85bd40e9395d50395d21d2cc75a7ebcd770939d200f5fcf1b6e19f33c,2026-09-05 04:25:26,2026-05,TAMPINES,5 ROOM,515D,TAMPINES CTRL 7,16 TO 18,109.00,DBSS,2008,81 years 08 months,1050000,0.06079271,17820,2026,515D TAMPINES CTRL 7 Singapore
